cell_id,lon,lat,cluster_region,aridity_index,aridity_tier,kge_mean,kge_std,r_mean,r_std,alpha_mean,alpha_std,beta_mean,beta_std,r2_mean,r2_std,rmse_mean,rmse_std,mae_mean,mae_std,nrmse_mean,nrmse_std
0,-99.0,26.5,Hot-Humid,0.26286447048187256,Semi-Arid,0.6727359371662474,0.021011167768142627,0.7251007348020225,0.021078512070148697,0.8272542987005942,0.028005988033641065,1.026308327668342,0.02148311840892221,0.5087234697676442,0.03602273626692227,15.919448853846797,0.5817437200174705,11.916788633509702,0.47372496560326005,0.7005371186718714,0.025599697148310372
1,-98.75,26.5,Hot-Humid,0.27535372972488403,Semi-Arid,0.6724870277423388,0.02886781829739994,0.7438799409881076,0.01369075918304079,0.7983347254446844,0.03625632771045949,1.005925209531073,0.023140481225839057,0.5473165826866799,0.01917159120947036,15.269118226880437,0.3236422189457347,11.309740458962386,0.2718265585091462,0.6726966448382907,0.014258389487714096
2,-98.5,26.5,Hot-Humid,0.28323495388031006,Semi-Arid,0.6778979433627202,0.023949019925709344,0.7508473993715998,0.012500818949199752,0.79745188113016,0.02586832977049932,0.9929676495187684,0.022248981880567835,0.5591440648916018,0.01905922461592106,15.105505175175178,0.32687535503926907,11.176591393811055,0.2750208565674314,0.6638454987509798,0.014365274817293893
3,-98.25,26.5,Hot-Humid,0.2870771288871765,Semi-Arid,0.6641144857273398,0.020777143694769084,0.7278771951140808,0.013234318649493515,0.8053704370693989,0.031204341607986887,1.011777974156765,0.014795927534383298,0.5214488289615362,0.02145285567044739,15.286728767303634,0.34317674430242706,11.519596871237324,0.2818231298212133,0.6916345188088519,0.015526728185278253
4,-98.0,26.5,Hot-Humid,0.33045342564582825,Semi-Arid,0.6811627941505876,0.01698265833775457,0.7409949607760542,0.008166737659850196,0.8159359139129837,0.025560129031193386,1.0100415928744337,0.017601421222983624,0.5413321752093101,0.014026505018953129,14.88124527261048,0.22685749954963283,11.136156856849666,0.19989711299787527,0.6771872464593874,0.01032339717842233
5,-99.0,26.75,Hot-Humid,0.2688438594341278,Semi-Arid,0.657549487260529,0.022514135261537088,0.7086651079924506,0.016775876972882325,0.8231658717569484,0.035155325996213904,0.998561145893483,0.019862105749032653,0.4863966169003664,0.02984167825570788,16.14007471407485,0.46755494121808777,12.074329306246478,0.3877321829237863,0.7164208334450938,0.02075368959579402
6,-98.75,26.75,Hot-Humid,0.2877127528190613,Semi-Arid,0.645924098318333,0.02896220418716924,0.7087308434528192,0.02457610177526138,0.8019515996989248,0.03399788443883429,0.9867492602365557,0.02226112944017977,0.48991738805722046,0.04202493055898273,15.828496648697435,0.6589672246118693,11.659796308945158,0.4551041280613806,0.7137060541486981,0.02971279636526682
7,-98.5,26.75,Hot-Humid,0.2952564060688019,Semi-Arid,0.6459407149704821,0.019579470669079394,0.7117421628452063,0.014664841557724257,0.7962503428145846,0.029788988794566446,1.0029900675360683,0.01445962999619903,0.497795368988106,0.025503519488735468,15.870117788541943,0.4005173942311254,11.836658535426857,0.2700351507080935,0.7084835011618127,0.017880142385959197
8,-98.25,26.75,Hot-Humid,0.30658915638923645,Semi-Arid,0.6680923708587703,0.026444384438299957,0.7287526275487142,0.011742988575374995,0.8168916000916205,0.040324314775351915,1.0456751504229433,0.01229418550017182,0.5122195814131009,0.021335919911953907,14.995226937210415,0.33004292729711415,11.700618618687761,0.2757205754812938,0.6982774905545196,0.015368993614655473
9,-98.0,26.75,Hot-Humid,0.3384022116661072,Semi-Arid,0.695151486046256,0.016571901333721748,0.7413606024183041,0.00797605326619716,0.8534992121812628,0.03740974985487555,1.0594213717199517,0.010846376867194085,0.5192654481248555,0.01826463404941361,14.456377661042717,0.273570469029185,11.376785194922789,0.307474718277863,0.6932509399097444,0.013118983830722143
10,-97.75,26.75,Hot-Humid,0.3942697048187256,Semi-Arid,0.6261536016092377,0.016924037412035596,0.6797064698702776,0.013700158894197505,0.9737223811334463,0.018445160502851964,1.1898774891391684,0.01717606640763879,0.19574407982367897,0.05882346872980155,11.650187030570807,0.4267804185743493,9.104113863584242,0.40535046802296315,0.8963221605853434,0.032834901780399633
11,-97.5,26.75,Hot-Humid,0.4247767925262451,Semi-Arid,0.5430177892565021,0.041784927307913826,0.5888446393212615,0.0277921256370175,0.8269575393962929,0.07568410831514694,1.066378332002278,0.04514738518116291,0.25752172980156035,0.04310458153055771,10.864404000060883,0.31239698517325176,8.537695273566452,0.19445002208369883,0.8613869562671681,0.024768472177941724
12,-99.25,27.0,Hot-Humid,0.2468845397233963,Semi-Arid,0.6659751411050441,0.02005678832054485,0.7232824422199006,0.01622971023508967,0.8243183602808705,0.03288857139290088,1.0533893154037777,0.025770927186700623,0.49618159482103363,0.0311546875385277,17.036310772324995,0.5215203895472875,13.00407916537867,0.5922673074718784,0.7095357501426607,0.02172051013610546
13,-99.0,27.0,Hot-Humid,0.26512959599494934,Semi-Arid,0.6912499199051352,0.021207573506999675,0.7354232230417813,0.023123977325912124,0.8469015178160071,0.026745268750108568,0.9704851153914282,0.02165797051384089,0.521114500283683,0.043940719869856724,15.323465453209337,0.7093019295584062,11.241584399383635,0.5515411815900947,0.6914232008677202,0.03200501949212861
14,-98.75,27.0,Hot-Humid,0.29215866327285767,Semi-Arid,0.6930007552313369,0.026465456963038318,0.738517598836727,0.0182906562077941,0.8439536369475581,0.037897498311548296,0.9843485500341268,0.023015657878697166,0.5298430209034973,0.03363134301381162,15.133830658579978,0.5386131260830007,11.224813696132852,0.384609508995986,0.6853327968601992,0.024390998449213035
15,-98.5,27.0,Hot-Humid,0.3200387954711914,Semi-Arid,0.6894190983635035,0.023137743931620644,0.7397513088750317,0.005955444200972112,0.8330173930157964,0.0376074705771364,1.0040839894351932,0.011163447745631952,0.5369153372196405,0.01010706824625137,15.136578290385154,0.16549608208281041,11.383637302470875,0.12642534474158143,0.6804707051839192,0.0074399400921144445
16,-98.25,27.0,Hot-Humid,0.33751949667930603,Semi-Arid,0.6674305229669986,0.015440078102192206,0.7517411671649118,0.005170137831088845,0.7885265096498909,0.029011113731214098,1.0607966156469808,0.0078070602443041535,0.5464692890594481,0.010742867115396702,14.520189568957182,0.1719188029130039,11.311607907200996,0.22798227089402662,0.6734091282475644,0.007973152874430787
17,-98.0,27.0,Hot-Humid,0.34631112217903137,Semi-Arid,0.670748621890931,0.01662086322312065,0.7309711931853969,0.0033515664637071272,0.816424474592084,0.02917596393086765,1.0410732778952227,0.014748304350080808,0.5179959769938254,0.00831684511846816,14.40059029444457,0.12398990480967474,11.302568400015153,0.22782026614130244,0.6942445093379294,0.0059774848716206445
18,-97.75,27.0,Hot-Humid,0.4111992120742798,Semi-Arid,0.6516660089896202,0.018370017120253015,0.7066267594139646,0.023197969872863964,0.9450842700981322,0.02930572908446383,1.1763802738098272,0.01921462313793292,0.29481877353174113,0.045549929049827576,10.814510249786853,0.34681942513743436,8.586153508589993,0.3154769999290286,0.839405441537987,0.02691958359345738
19,-99.25,27.25,Hot-Humid,0.2697974443435669,Semi-Arid,0.6701405781262781,0.025029236509839944,0.7350773552763249,0.013905737684255794,0.8082134352579526,0.03716024395775701,1.0281557369796972,0.019044884419170967,0.5289637531017368,0.022339346286147133,16.598766861817136,0.388299031166043,12.373106353902298,0.42799867666896957,0.6861706200014256,0.01605175789136828
20,-99.0,27.25,Hot-Humid,0.28388211131095886,Semi-Arid,0.686297460131969,0.017916326471351787,0.7403134927578117,0.01689553178124538,0.8280116212583897,0.034487785694855194,0.9864848370436782,0.018922279937982088,0.5368975949115333,0.03198243825408595,15.538204747298693,0.5324570358599046,11.657125576696554,0.5082546510569338,0.6801968598060462,0.02330871613958532
21,-98.75,27.25,Hot-Humid,0.29468846321105957,Semi-Arid,0.6776673593625409,0.021470650703865623,0.7387225391172066,0.015310003607417756,0.8156477412224332,0.034670657797822205,0.9752394665242429,0.017790826843005713,0.534868355960141,0.027683142752301687,15.444579933733328,0.45657814801351637,11.634979615465019,0.384803861645518,0.6817673182231915,0.020154647187949952
22,-98.5,27.25,Hot-Humid,0.3223262429237366,Semi-Arid,0.6800440880484186,0.024066846140659966,0.749322614932699,0.009499169294171533,0.8035749148001695,0.03391394567828765,0.9809883987233121,0.008619574616171256,0.5559791436179223,0.01642674672143448,15.262327395776287,0.2847677000290994,11.406939715456748,0.2833258005246331,0.6662561291743362,0.012431146352408337
23,-98.25,27.25,Hot-Humid,0.3631129264831543,Semi-Arid,0.6920157479176803,0.017165808694281987,0.7567558625696706,0.01201996937182413,0.8210834646241698,0.033290829326397146,1.0512115892357652,0.01891958110296394,0.5571930325997045,0.020941536268814776,14.64011774442566,0.34909005981187125,11.284337739624698,0.18267340297129483,0.6652861374575947,0.01586358672596809
24,-98.0,27.25,Hot-Humid,0.3629395663738251,Semi-Arid,0.6966162753495302,0.007750549668885961,0.7784467927732285,0.006529206485055676,0.8574020297369621,0.03220407330534004,1.1454527110356243,0.028492520858200112,0.5245226556664149,0.022099561405713883,14.689540305112171,0.3421690413961798,11.63819675807795,0.2650538876859543,0.6893990467762057,0.01605843382946171
25,-97.75,27.25,Hot-Humid,0.4055958688259125,Semi-Arid,0.6635126904775172,0.011216695516530102,0.7277529942917914,0.00853425922813713,0.9036053013474836,0.029630915295612712,1.1699022114356346,0.018926489464195936,0.3798085776320613,0.022132008609833498,11.951711334946694,0.21282666664412156,9.42999227385955,0.25106481830228383,0.7874224620132919,0.014021799316804182
26,-99.25,27.5,Hot-Humid,0.27116167545318604,Semi-Arid,0.6595809773977411,0.014168967744726275,0.7167417178202734,0.007832442297320347,0.8155543052008861,0.02857970999708436,1.0262609903498987,0.02230730594604984,0.4984153957713692,0.0171334767849904,17.43567955935218,0.29588976572370695,12.666002970947307,0.4081422286748142,0.7081448075857402,0.012017472591288495
27,-99.0,27.5,Hot-Humid,0.29688405990600586,Semi-Arid,0.696501950266508,0.026630021410682672,0.7560877470381054,0.016125642687715415,0.822454360446498,0.0351859836110843,1.0019968598593196,0.02398676900334345,0.5645548733070234,0.024857091707665372,15.326890708884765,0.43221373319284034,11.474137444397254,0.44384838499296464,0.6596728598227537,0.018602577316266123
28,-98.75,27.5,Hot-Humid,0.3151686489582062,Semi-Arid,0.69416884504614,0.030520635419450593,0.7692199663785638,0.02084705699268816,0.8019287230695467,0.03242460196014515,0.9932807226712388,0.02627583634542018,0.5878085847630344,0.032650852487127034,14.830196451558347,0.5908034133094483,11.170058777553276,0.5311100890503619,0.6416141692955308,0.02556054078485749
29,-98.5,27.5,Hot-Humid,0.33559489250183105,Semi-Arid,0.7024036020396789,0.027467348503223042,0.7794704121641651,0.018011227835819696,0.8024225868497037,0.026812519094120222,1.0105842003947543,0.026229021691924013,0.6042944127704419,0.027437669642046577,14.320711952797279,0.4972366106022155,10.900504056560486,0.47999981908688794,0.6287482090132929,0.0218310814017117
30,-98.25,27.5,Hot-Humid,0.370248943567276,Semi-Arid,0.6929496924341944,0.02685558484995149,0.7822920896506589,0.020012176752854112,0.8071203385304513,0.03366222876004467,1.088938382886805,0.03742707989833244,0.5794202677047988,0.03222305469467876,13.962655194233045,0.5338344710876208,10.947383302412286,0.5228638245338978,0.6481423271126082,0.02478043836007402
31,-98.0,27.5,Hot-Humid,0.3891895115375519,Semi-Arid,0.6723777176467843,0.01473994415868664,0.7913017799317262,0.007813875742540426,0.7996693226936065,0.037040989827300405,1.1472891757098223,0.03504052620151805,0.5489774303388457,0.03400782480923317,14.36085939111987,0.5439326298595887,11.348536266384267,0.551764175996268,0.6711970911801377,0.025422294656368003
32,-99.5,27.75,Hot-Humid,0.2747173011302948,Semi-Arid,0.6932157766104253,0.019360135966000926,0.7360919417515372,0.011302927897597322,0.8476429091301177,0.03396829382531631,0.9951205979816548,0.025178755181920337,0.5260007987781764,0.019140365064047152,16.02514611033115,0.3223658332444512,11.754985155314264,0.39719595677409036,0.6883645856283581,0.013847313571699589
33,-99.25,27.75,Hot-Humid,0.282749742269516,Semi-Arid,0.6952645355988153,0.0165098788862911,0.7289192203979695,0.011955087145251486,0.8674299139215726,0.03824329688197793,0.9984821517940731,0.03032046332042678,0.5072747898360509,0.02588273921008048,16.130083111626313,0.42144918239949103,11.738616174096235,0.35862538640664,0.7017522768810884,0.018335486636478705
34,-99.0,27.75,Hot-Humid,0.29956814646720886,Semi-Arid,0.7338697149752369,0.018971121096779932,0.7700656827690866,0.011414396596666846,0.8740962631275894,0.03894119806170128,1.0174995847030808,0.03098609380261236,0.5762629991897011,0.021368021508251966,14.038092342070332,0.3512672025882748,10.576097998997337,0.36603372304567655,0.6507878749642845,0.01628429495594545
35,-98.75,27.75,Hot-Humid,0.3113137185573578,Semi-Arid,0.7365609868469873,0.0234831611596774,0.794614174758002,0.015404913480127463,0.8449084513445697,0.04391763778514103,1.0339871072546953,0.029928568895167176,0.6196891739954,0.026268800509780643,13.348949920128268,0.4587031447814984,10.13267522286787,0.4100219483330626,0.6164023962559225,0.02118112056043479
36,-98.5,27.75,Hot-Humid,0.3322311341762543,Semi-Arid,0.707311219409269,0.042031422820156435,0.78830620824334,0.016440915504819208,0.8038706513661455,0.05272717336204824,1.0032147179169748,0.041054089340620714,0.6142555922140571,0.023610125637669625,13.38804714851799,0.41357807248614137,10.155315920163913,0.2565564017785117,0.6208463116561872,0.019178930133460066
37,-98.25,27.75,Hot-Humid,0.3805291950702667,Semi-Arid,0.672997746637849,0.025026648199333642,0.7675915006935987,0.019902954342625945,0.7939719678781199,0.03771078051834441,1.0893861770048923,0.04367216710170186,0.5562372052944543,0.019080000386252474,13.775002201607128,0.2971179914577257,10.588636732696404,0.3231214251520379,0.6660312996726677,0.014365869355986998
38,-98.0,27.75,Hot-Humid,0.37976592779159546,Semi-Arid,0.6605898237267013,0.028746236298237658,0.7646063519131827,0.02421096961319326,0.8103321274243621,0.03489844950665466,1.147504806425934,0.039927230856871616,0.5087871915563962,0.040976768953371254,14.412773642884678,0.6126058066593982,11.452317458743877,0.5147182647693114,0.700359825158808,0.02976835037266114
39,-99.75,28.0,Hot-Humid,0.2877811789512634,Semi-Arid,0.6574588855458122,0.022861055482733896,0.7049045678612692,0.005175718146272261,0.8304278527077267,0.038641800347187755,1.0170898465442797,0.0225955162161554,0.4769904389351832,0.006498352050666758,17.176919032646104,0.1065700169116657,12.47346498274662,0.17788221874094803,0.7231828647567201,0.0044868122147443176
40,-99.5,28.0,Hot-Humid,0.28728750348091125,Semi-Arid,0.7062697070037363,0.0227883881605704,0.742582244456819,0.01039386206503959,0.8649635506242879,0.04411156291028206,1.0023053370594845,0.026119569841848402,0.5322992409512715,0.021671812335152883,15.557208065649718,0.35583358636116447,11.227888051465463,0.32163208265853005,0.6837434437467976,0.015638981024915358
41,-99.25,28.0,Hot-Humid,0.29225870966911316,Semi-Arid,0.6922332700941997,0.012186298562885842,0.7282737819501098,0.002736802541623772,0.8599813760950168,0.030501505018296852,0.987880215429883,0.025041401314793016,0.5091126104671522,0.012193918325937308,15.781668496909997,0.19680176524415874,11.573538553935702,0.23280275644853846,0.7005899854260862,0.008736550629689673
42,-99.0,28.0,Hot-Humid,0.3046005666255951,Semi-Arid,0.7368668393201196,0.01791576865691315,0.7655180305282547,0.006844249794549021,0.8903109644543721,0.040326024749634086,1.0256949081821187,0.024589316988925827,0.5642614224811714,0.017391918839664317,13.989802666407929,0.2777679194416291,10.363071697630586,0.2847532387847281,0.6600009080408304,0.013104336310353347
43,-98.75,28.0,Hot-Humid,0.31715771555900574,Semi-Arid,0.7455593606583705,0.019373159786338003,0.7779664040377863,0.011943857663803287,0.891632430324061,0.048608403946735414,1.026929810435366,0.03981654312410992,0.5821352391723502,0.023428680681856766,13.445403833870031,0.37329369534474177,10.097755573084376,0.4468039975341526,0.6462253789826404,0.017941585297594702
44,-98.5,28.0,Hot-Humid,0.33936062455177307,Semi-Arid,0.7332009970529147,0.02389796056427573,0.7858456075109126,0.009706004353217331,0.8518221033150759,0.04620353362390297,1.0165198860174047,0.046953701060541246,0.6032943761946283,0.016154291911397282,13.1988809066506,0.2673389987738305,9.940073392250632,0.3744865597596947,0.6297423816056279,0.012755225156934887
45,-98.25,28.0,Hot-Humid,0.3843730092048645,Semi-Arid,0.6874502123320834,0.030078394608300522,0.7738509675300451,0.010476242676631728,0.7961685932389655,0.047184498810880646,1.0484795949830825,0.04332055457724815,0.5835203156467546,0.015860906665952797,13.07698170165022,0.250694046351728,9.985219733667353,0.2893383266132127,0.6452575229319479,0.01236999661338438
46,-98.0,28.0,Hot-Humid,0.419567346572876,Semi-Arid,0.6598653902196769,0.03539757810763229,0.7716559533804044,0.015932348054385672,0.7564950578917535,0.04189056748757112,1.047003664565289,0.042456023889979065,0.5825870362021409,0.02218050535389509,13.245307200885383,0.3563273669794298,10.187727272238513,0.2043194062841987,0.6458880936260043,0.01737578451557044
47,-97.5,28.0,Hot-Humid,0.5247335433959961,Sub-Humid,0.6596573216464564,0.05232316496605718,0.773906162463136,0.033246588356228866,0.7486904844425629,0.041746391422836114,0.9745443677012415,0.032053605834619754,0.5934296704065803,0.05544844379747666,11.059328650421804,0.7323337017200645,8.322055808627969,0.5559974611131332,0.6365132334004694,0.04214904061036245
48,-100.0,28.25,Hot-Humid,0.2766103148460388,Semi-Arid,0.6998072345384064,0.029593800139670973,0.7452956585907077,0.012682342582712542,0.8464900356205352,0.04159383319518293,1.0251067559708626,0.017090199323560838,0.5405132716438967,0.014582988414466386,15.800107716911949,0.25007749235578025,11.538215437000048,0.23616590657309353,0.6777865896670321,0.010727722477162674
49,-99.75,28.25,Hot-Humid,0.2783592939376831,Semi-Arid,0.6738219871611119,0.024003482367443617,0.7197353492058299,0.00855491331639687,0.8358275196362206,0.03702818575752248,0.9956676078279478,0.014914921670736455,0.5028292506868417,0.012353498571579172,16.442796384953862,0.20447695762226503,11.916534926646605,0.2414205452517838,0.7050597483417087,0.008767880408393037
50,-99.5,28.25,Hot-Humid,0.28557366132736206,Semi-Arid,0.7196632698404076,0.01630254449530358,0.7513104389947513,0.008445930399359088,0.8763781847497862,0.03879033215897039,1.0009126584437527,0.02266047910354309,0.5454959992032717,0.019624799265421194,14.613389794547691,0.31196951585676996,10.66980469928219,0.23335635494973084,0.674046252621446,0.014389671804541879
51,-99.25,28.25,Hot-Humid,0.29911917448043823,Semi-Arid,0.7152519065560797,0.01986965201554898,0.7362664907258936,0.008898305591784908,0.9000983921272969,0.03967072215701193,0.988268090198759,0.022406178519015895,0.5115368772735119,0.018193955275525805,14.63506521793071,0.27166775178629826,10.649491307927331,0.21719079521317655,0.698805058032916,0.012971776772139199
52,-99.0,28.25,Hot-Humid,0.3194858729839325,Semi-Arid,0.739009056951452,0.016185282095996064,0.7692668484689641,0.0034243155468728446,0.8852927934604237,0.0365053201909833,0.9939847299511164,0.031989014635991186,0.5735218039494274,0.011946564387411445,13.231263870863085,0.18534796654720986,9.68962578947817,0.35708385846493024,0.6530017267486895,0.009147466439031212
53,-98.75,28.25,Hot-Humid,0.33672434091567993,Semi-Arid,0.721486338804188,0.033905609451790046,0.7788457300093569,0.0072997847220474185,0.8399966875462495,0.05564022034686444,0.9836741201056194,0.03862365672667797,0.5944639971172786,0.01715301331871071,12.994511350971061,0.27615676154562735,9.527806067370637,0.2636559804224662,0.6367020740489133,0.013531065392896975
54,-98.5,28.25,Hot-Humid,0.34869882464408875,Semi-Arid,0.7314905689646425,0.03544030142986004,0.7831632756552832,0.007956731894070788,0.8519740090329815,0.052716532669005625,0.9832559474570965,0.044972634542403474,0.5986874431602247,0.020410918779897595,12.503183205749597,0.31903207320685184,9.282470878166063,0.2579118114152027,0.6333274348154164,0.016160025908844192
55,-98.25,28.25,Hot-Humid,0.3877300024032593,Semi-Arid,0.7020514020042119,0.027987549028510385,0.7826201263388504,0.006734273527028388,0.8034043053826403,0.04181063443944172,1.0272252957980612,0.04062222833792025,0.6035917673355455,0.01878519575345622,12.210487643430088,0.2865861425978897,9.1110063207751,0.4457864422810228,0.629470901639255,0.014773991248046027
56,-98.0,28.25,Hot-Humid,0.4116274416446686,Semi-Arid,0.6851184087133289,0.03817549480752328,0.7907016562684721,0.005103054978637966,0.7717273401819823,0.051798709646228694,1.0150346455848414,0.050109240469537346,0.6151681033954792,0.015175252219706866,11.965166423434377,0.23496354395540042,8.958482398036457,0.35691822866793005,0.6202525397312045,0.012180084231603258
57,-97.75,28.25,Hot-Humid,0.460151731967926,Semi-Arid,0.6686290740233225,0.05534902691289277,0.7995287613244114,0.013954191426937507,0.7465250690116605,0.05819963693281951,0.9418643567078238,0.04435591071305036,0.6168447122959458,0.03869052920969088,11.865697748756556,0.584497046357472,8.81248231913122,0.3353758599456934,0.6183954652744135,0.0304617840928593
58,-97.5,28.25,Hot-Humid,0.493437260389328,Semi-Arid,0.6350009121668532,0.04115670265786359,0.7925948589850524,0.012281644103811495,0.7074449386739399,0.04083694350239503,0.9400505417328076,0.03400999293039062,0.6050631466461807,0.03203749051004372,12.059088136118927,0.4785515734911649,9.166484907467026,0.3232107458129114,0.6280445195683018,0.024923252046040904
59,-97.25,28.25,Hot-Humid,0.583360493183136,Sub-Humid,0.6684558608396207,0.03478233720702135,0.7896983326147733,0.016450946587904653,0.7475801504927279,0.03579832555512679,0.9714951148814857,0.033401754931665105,0.615583338729096,0.03224707594426405,11.67808903023847,0.486779872243893,9.005387427784843,0.2931335153261247,0.619582978849322,0.02582618804393592
60,-97.0,28.25,Hot-Humid,0.6286358833312988,Sub-Humid,0.4059084897523875,0.04528434792253182,0.6038222285696657,0.019238994431887042,0.5641371641398388,0.052856300242665806,0.9738041198743381,0.07445347524548188,0.3484580574189892,0.023538793135525562,11.413071501833041,0.20647655941578477,8.383168221962096,0.20817626085332513,0.8070758274505089,0.014600998514104135
61,-100.25,28.5,Hot-Humid,0.25271087884902954,Semi-Arid,0.6680331846277857,0.02731638090919192,0.7555654441104237,0.012201147087067533,0.7773514863261777,0.032246923236794824,1.0203787356177287,0.011833373509520281,0.5677477847266256,0.01790626862562101,16.04202768255084,0.3298178741763688,11.564920736928453,0.3245157604582913,0.6573477733147639,0.013514815550721624
62,-100.0,28.5,Hot-Humid,0.2664894759654999,Semi-Arid,0.6995092233098845,0.026301457920126274,0.7582994033598798,0.009445355950677263,0.8245159840570111,0.03861496140575606,1.0160472515556838,0.011859789306998084,0.5680723664741221,0.014295062418437832,15.747802250294129,0.26171063957542234,11.46152402061534,0.21371800881800215,0.6571394223854223,0.010920913013084113
63,-99.75,28.5,Hot-Humid,0.2747211158275604,Semi-Arid,0.6803627539715826,0.023258155177170236,0.7368012370419359,0.00793192273247988,0.8210489338177579,0.03456553230588088,0.9873812436331624,0.013146454574659872,0.5337012810229267,0.0128825304400921,15.977632274039399,0.22086764005424966,11.493262714621206,0.19640477454987842,0.6828084985036931,0.009438839190117903
64,-99.5,28.5,Hot-Humid,0.29072731733322144,Semi-Arid,0.7226163157271442,0.024826000081573703,0.7625279519699893,0.007889694964087996,0.8606094007716104,0.04048898633566767,1.0022171666494846,0.01753067693935961,0.5696242025599005,0.01108397733617837,14.33809166230657,0.18444750816496577,10.336131842353693,0.1675780171456933,0.6559869113284191,0.008438720719120779
65,-99.25,28.5,Hot-Humid,0.30350735783576965,Semi-Arid,0.7137043941659638,0.017957301254420865,0.7364247749430313,0.00437982687428822,0.8982730046640146,0.045836512854227546,1.008260348474027,0.028251026938240234,0.5111629120294985,0.014659814154265403,14.58661067655476,0.2180723758325863,10.663833630160509,0.14683877335566575,0.6991063556473429,0.010451762051942728
66,-99.0,28.5,Hot-Humid,0.32216450572013855,Semi-Arid,0.7471678106898026,0.031165358615354594,0.7881276020848693,0.0038473368098650303,0.8754665103572012,0.0591351404263795,1.018142084469552,0.03814590208404766,0.6046445252036883,0.016959672998155723,12.81234966105634,0.2730493360858462,9.415704277081621,0.3388762766989345,0.6286587930108078,0.013397610164970937
67,-98.75,28.5,Hot-Humid,0.3438194692134857,Semi-Arid,0.7491498630609074,0.026831994555711502,0.789350817216959,0.00948186009476453,0.8707874790540165,0.043288231758388696,0.9995111733784388,0.03281657120051603,0.6117020908009934,0.01570881480479565,12.533913160868698,0.253447196828396,9.249918859138376,0.18115800857753264,0.6230336549908385,0.012598310787740704
68,-98.5,28.5,Hot-Humid,0.3549669086933136,Semi-Arid,0.728586722728236,0.035519640118622096,0.7808159330350779,0.01036188688121476,0.8520503563129116,0.04555110226416855,0.9560410824582778,0.03649532406844982,0.5910066419473365,0.0258847944314997,12.514943783676603,0.3912768956978759,9.296603164936908,0.21180858748534553,0.6392759808507485,0.019986819406072616
69,-98.25,28.5,Hot-Humid,0.37158095836639404,Semi-Arid,0.7145270009156446,0.030993812485631947,0.7677622784672443,0.009651990902812971,0.8482096158872006,0.05428836411500402,1.0411505070457567,0.0381276174320399,0.5707631436738365,0.02882132717724441,12.055316397787529,0.40073740941083136,9.124410846335865,0.44975735418703766,0.6548723126263336,0.021768971082743237
70,-98.0,28.5,Hot-Humid,0.4048350751399994,Semi-Arid,0.6903323308062697,0.03220428713343788,0.7714654526037279,0.011678480811269855,0.8084936086442781,0.06461750498878226,1.0520409075309363,0.04559766714585027,0.5751175304565127,0.041312098122190374,12.097552574855708,0.5797850729891005,9.233380015012688,0.6154322202634563,0.6512320454126058,0.031210826871475077
71,-97.75,28.5,Hot-Humid,0.482144296169281,Semi-Arid,0.6755602052594011,0.04373116842255857,0.7867200940224179,0.012652045956441255,0.7688664907411316,0.05976005244696388,0.9414266362413451,0.042781211387069445,0.5967343982669207,0.018692715061642683,11.704220323246016,0.27067551830547143,8.734699818916281,0.213949089698404,0.6348961598541808,0.014682810336145794
72,-97.5,28.5,Hot-Humid,0.4970790147781372,Semi-Arid,0.6752260094180483,0.0356847815253959,0.7835975475106457,0.009229513918353457,0.7695008998229638,0.04088910746993018,0.9366876215244643,0.037464508888287125,0.5937015280082638,0.025079021640736634,11.537430980150509,0.3507950023428144,8.538251181315719,0.20885003734647592,0.6371798870065236,0.019373422067685594
73,-97.25,28.5,Hot-Humid,0.5297355055809021,Sub-Humid,0.6610533945121503,0.026784952433645356,0.7734106378692098,0.009988995043642477,0.7539410545628128,0.03338899890987037,0.9604498251279935,0.03597054531454668,0.5879194721734952,0.014748075829227679,11.533180704399829,0.20667520863765868,8.674713789846413,0.15140233842982614,0.6418525457158666,0.01150203159045554
74,-97.0,28.5,Hot-Humid,0.6215289831161499,Sub-Humid,0.5944928745302531,0.01484054141571001,0.7210589771624802,0.024452949918411536,0.713543623737027,0.01905133253901922,0.9448127194097667,0.03414155193941832,0.5084002307122438,0.04143114718877029,9.54700693944373,0.40301485068435083,6.734953558965001,0.25903694774221614,0.7006425211571063,0.02957673989746683
75,-100.25,28.75,Hot-Humid,0.28577306866645813,Semi-Arid,0.7030906062415482,0.0201603084864656,0.772829543742989,0.00451791982259548,0.8106397061306867,0.03048375627169801,1.0027855174714473,0.01764601718474303,0.5940331724423685,0.0072738048051568084,14.628331229294428,0.1317551070216841,10.40686432737114,0.21764413201420732,0.6371345874996818,0.005738572257314555
76,-100.0,28.75,Hot-Humid,0.2856983244419098,Semi-Arid,0.731555468231263,0.01836480250550473,0.7769990228772988,0.0036397114835173706,0.8542702085950789,0.031527831357768106,0.9766469712928829,0.004258263018369225,0.5944668829371779,0.00824761003793654,14.047047048992876,0.14273331153417074,10.215123634291778,0.12462062735103155,0.6367885233912224,0.006470465598468991
77,-99.5,28.75,Hot-Humid,0.3143479824066162,Semi-Arid,0.7152573049003582,0.030134932862378377,0.7868698384326395,0.006333178413078816,0.8154757168213902,0.04475655226509622,0.9827805826360059,0.02236353262744686,0.6137760622562405,0.013069211906335901,13.12175121808489,0.22228837004757682,9.54228359790795,0.1782099318406819,0.6213978497038783,0.010526759185265565
78,-99.0,28.75,Hot-Humid,0.3460294008255005,Semi-Arid,0.7575893662920479,0.024047359867517788,0.7936947795297611,0.003587501206442556,0.8826059888009677,0.04860497573749397,1.0055194896940638,0.03448952844225137,0.6162709442813543,0.013416552835450714,11.714620238303072,0.2039968756838476,8.663578195701124,0.22091016124568907,0.6193835546857523,0.010785864794209619
79,-98.75,28.75,Hot-Humid,0.3648882210254669,Semi-Arid,0.7583774143037829,0.02702047611531046,0.8050962102126421,0.008138013118537043,0.8654629572427313,0.041512506789404796,0.9719377137055174,0.02869563078106731,0.6376170864401804,0.013813967382031101,11.337563741858656,0.2149188449336328,8.508882252341856,0.1659443338892144,0.6018959774006097,0.011409751793107182
80,-98.5,28.75,Hot-Humid,0.3922257125377655,Semi-Arid,0.7544471255558101,0.024795702076591427,0.8013971442871627,0.0065702833030778325,0.8669291311901073,0.041314822820971236,0.9626054854651475,0.032378791566417195,0.6278732412230272,0.013104124855403226,11.15430408679533,0.19702185949606899,8.465694209539759,0.1485826749749163,0.609945818420546,0.010773658168359419
81,-98.25,28.75,Hot-Humid,0.4000958204269409,Semi-Arid,0.7166581550994231,0.02463050835661705,0.7729977805897157,0.007291596015488436,0.8374349732929399,0.0457604124987695,1.0048015932292054,0.03656729451602975,0.5878791851286865,0.018477877091909508,11.514317915873745,0.25778971825401126,8.49430407353869,0.30072999974407266,0.6418376901744771,0.014369861812377134
82,-98.0,28.75,Hot-Humid,0.42071297764778137,Semi-Arid,0.7098601422455111,0.03251467178746299,0.7797015199513211,0.011942846803686825,0.8243755857829486,0.06616410852400602,1.0263449848331354,0.0409455443090459,0.5953884141467387,0.02898803427313246,11.31598738047852,0.4060804195531921,8.422971196185548,0.30960041766521534,0.635763459681208,0.022814720780734654
83,-97.75,28.75,Hot-Humid,0.46001264452934265,Semi-Arid,0.7092468681290438,0.0381088652877634,0.7896206191605902,0.010838827524691024,0.8159776786448141,0.05718430706059698,0.9418816549028082,0.04312411423056869,0.6029317800422181,0.019457904362146262,11.307985186931784,0.27625185345610775,8.300890574414073,0.2516580244433752,0.6299831182844378,0.015390363640841924
84,-97.5,28.75,Hot-Humid,0.509086549282074,Sub-Humid,0.7170663218322018,0.026232370279307318,0.7933969896850082,0.00994720657929523,0.8174281046378121,0.04228953066942191,0.9595167285809811,0.0423659484641654,0.6166932198944839,0.014597269970405799,11.0602915534864,0.21171460663127634,8.18657762638857,0.18683540775393984,0.6190270226552002,0.011849331634866773
85,-97.25,28.75,Hot-Humid,0.549899697303772,Sub-Humid,0.6620191854967888,0.026466791204625383,0.7636735880990808,0.0077388269043928365,0.7662223305597605,0.03534521298524177,0.953935324191011,0.03741588791988535,0.5720281306381487,0.009933865077890142,11.884537102042303,0.13714377838860844,8.845145165598677,0.09099609509690437,0.6541607461263865,0.007548806960421417
86,-96.75,28.75,Hot-Humid,0.6866589784622192,Humid,0.6340390310120533,0.018763916733748887,0.7569362423350714,0.011855565620667328,0.73385257146301,0.026309275561834464,0.9528628519165852,0.04193086288232285,0.563241267469967,0.02187875450688814,10.187241098227425,0.2566414381394192,7.158372827606087,0.25153759743203497,0.6607095358791437,0.016644883913659016
87,-96.5,28.75,Hot-Humid,0.7234377861022949,Humid,0.5249190702536627,0.030199626671952046,0.6931338496589989,0.028557989665289274,0.6492778220857092,0.028325190511806625,0.9203840869814552,0.045078122530729604,0.4598867110664563,0.03352625692637211,9.850743811987277,0.3044579263858682,7.002039598851715,0.3120101502616622,0.7346433488725352,0.02270569562054012
88,-96.25,28.75,Hot-Humid,0.7737009525299072,Humid,0.44943129358010675,0.04582373162750789,0.6519428068755544,0.047903236626774495,0.5876444643636672,0.03256484672389068,0.9010592515025163,0.03793796527023867,0.3956947486973304,0.05659310747056929,10.160856148707245,0.4737679342147244,7.233278776540395,0.3851575076611972,0.7766955911964095,0.03621480910362299
89,-96.0,28.75,Hot-Humid,0.7555288672447205,Humid,0.3784812233711611,0.05146932808187039,0.6238816981241689,0.05005872273291386,0.516252574394015,0.03147703322819579,0.9036189723646888,0.03243586634330619,0.3563362463694868,0.051581001554492814,10.445153945664895,0.4151362388807346,7.571097985911841,0.35496792038485064,0.8017801362065233,0.031866259883340686
90,-100.5,29.0,Hot-Humid,0.31271740794181824,Semi-Arid,0.7120208360975299,0.011954476451721839,0.7587032308625837,0.010128338629555913,0.8488007753730953,0.03089250556133091,1.0179405688216105,0.031495674297759985,0.5616620583169896,0.02418021461273218,15.676863314713945,0.43604049146945456,11.532789824697758,0.47565487490266267,0.6618661640626888,0.018409323451460124
91,-100.25,29.0,Hot-Humid,0.31302449107170105,Semi-Arid,0.731351439006978,0.019473376122493807,0.7810906552935896,0.010008645335031995,0.8485441554368952,0.0325848574880737,1.0207570992908335,0.017847663273402037,0.6017215623035806,0.017053978462980547,14.125751048508562,0.30228527849751496,10.328870324949092,0.2035965566625205,0.6309774799869234,0.013502659264524252
92,-100.0,29.0,Hot-Humid,0.31057384610176086,Semi-Arid,0.7442649304520119,0.016920053829276305,0.7871533793918406,0.007940611424485813,0.8625406618045076,0.03715637537847577,1.0021432812647755,0.01841159706196383,0.6112908359863356,0.017770007025630866,13.469596440643599,0.30716859645582906,9.90709277601218,0.20662050703095594,0.6233357946929358,0.014214915942007189
93,-99.75,29.0,Hot-Humid,0.3132975697517395,Semi-Arid,0.7304548460029301,0.02173600046747669,0.7784340937097499,0.00909186080383915,0.8520716718480059,0.04355383550379014,0.9956575286397147,0.02386880921854245,0.5965336330298385,0.01881865607290293,13.399386082540934,0.31036189685251403,9.864700516395612,0.2657789789727699,0.6350537572410344,0.014709367092381534
94,-99.5,29.0,Hot-Humid,0.3284667432308197,Semi-Arid,0.7379961899782168,0.030415204054780556,0.7979737851256351,0.004383028059321633,0.8387126043997177,0.0473578563555114,0.9899913465238154,0.02846255348804867,0.6300735422461922,0.009964588963077534,12.325401432533843,0.16566658255224145,9.132959301369542,0.23523560507199684,0.6081718507546139,0.008174480374573587
95,-99.25,29.0,Hot-Humid,0.3554050922393799,Semi-Arid,0.7462312584664665,0.029260320836445586,0.7896183897120912,0.007297906672272034,0.8669162576540206,0.05265401101786104,0.9904232446607132,0.03081243982648397,0.6115068926923908,0.014910634873624179,12.293878631679382,0.2339507237799926,9.245142744720674,0.23742784243773482,0.6232018856108461,0.011859441317731406
96,-99.0,29.0,Hot-Humid,0.369655579328537,Semi-Arid,0.779325054357481,0.02003345107917351,0.8148275180026581,0.004401516326096834,0.8916223867816797,0.04621697458317709,1.0130963106078712,0.0368803607641605,0.6514701096564612,0.012070467400822942,11.0967428374989,0.19151028340200987,8.207948232474546,0.29571341628263953,0.5902938787380639,0.010187435147688625
97,-98.75,29.0,Hot-Humid,0.37386438250541687,Semi-Arid,0.7612317558319054,0.026504230800118992,0.8053016342885643,0.0039010845093976603,0.8707436374146645,0.0447862995218627,0.9827695156754033,0.036122681337952066,0.6376444142289385,0.0034580227882374938,11.152815675183211,0.05329106036598963,8.146394465597954,0.19467418561384875,0.6019542900544954,0.002876294502045847
98,-98.5,29.0,Hot-Humid,0.4229240119457245,Semi-Arid,0.735658433384503,0.033775274426377185,0.796150632818965,0.0038558642191262264,0.8448288154406904,0.06207925702936515,0.9795886168644321,0.0453435788988757,0.620819710531278,0.011049176157487819,11.42272605430777,0.1667422257731042,8.470267886486726,0.0820529688195449,0.6157236901081943,0.008987971703230267
99,-98.0,29.0,Hot-Humid,0.44923558831214905,Semi-Arid,0.7164416948430852,0.026732922983507247,0.7902788362121842,0.0074282675135597664,0.8164976041397061,0.046921237272553165,1.0054228535731906,0.04310022129066477,0.6172632945920429,0.01603035957230061,11.3372799809667,0.23796675363900757,8.40159236402046,0.2585879732450723,0.6185481833433929,0.01298317615924152
100,-97.75,29.0,Hot-Humid,0.4660998284816742,Semi-Arid,0.7140096601414567,0.02959395131378557,0.7920905007181064,0.010889116048969995,0.8139712171561095,0.04705866471024862,0.9675870221416932,0.046649951314464054,0.6160402055670651,0.018163633637321694,11.454278168141121,0.26809811657201277,8.580721079300321,0.27005038450996355,0.6195091524503673,0.014500192376419405
101,-97.5,29.0,Hot-Humid,0.5172292590141296,Sub-Humid,0.7335481405412783,0.01937490652871927,0.7898063736320973,0.008315139383373903,0.8499683439468472,0.05099365576564868,1.000344738746025,0.05556899096860726,0.6098637122233721,0.02254065087868369,11.213846707236177,0.32354066703454704,8.314961284436354,0.36361836712957885,0.6244010340173342,0.018015149691021564
102,-97.25,29.0,Hot-Humid,0.5404701232910156,Sub-Humid,0.7103299654244521,0.02231426090415007,0.7859283345630674,0.00932245675036772,0.8135997041225007,0.04409461768231356,0.9944862400165914,0.05098927976438255,0.608375902124828,0.016283488789042774,11.174843619875004,0.23269735363466973,8.256208948102104,0.3325417799875331,0.625690254892614,0.013028948901760243
103,-97.0,29.0,Hot-Humid,0.6200680732727051,Sub-Humid,0.6437761880757972,0.03405220693776741,0.7680796193717319,0.013839777740721643,0.7395896081617943,0.0369092299599871,0.9462869655441676,0.051164644260128844,0.5756658328937628,0.024546246370869593,10.052165457124756,0.29501939985041764,6.959602843020315,0.2580193296998137,0.6511850480191251,0.01911152605650784
104,-96.5,29.0,Hot-Humid,0.7012485265731812,Humid,0.6393409969384479,0.013156389816303828,0.7604031897159924,0.013754304845388678,0.7348799290478677,0.015945488868526442,0.986560037820643,0.04978354706634423,0.572176763313968,0.023206732046085754,8.539515593639583,0.23375390003225793,6.077433103584129,0.19877416477787707,0.6538860287544948,0.017898955476094443
105,-96.25,29.0,Hot-Humid,0.7542336583137512,Humid,0.6303896987785622,0.019204980067786814,0.7592758335441656,0.02224700492736605,0.7215154958315406,0.025792897400785338,1.004827296653457,0.02381258538261078,0.5730731816975536,0.03217438348216287,8.356107391150228,0.3176457108095136,6.048793313706621,0.2449670338415744,0.6530190267425107,0.024823603050081047
106,-96.0,29.0,Hot-Humid,0.8289055228233337,Humid,0.5104943365111881,0.021724645377222424,0.7044865092386454,0.022588554113645926,0.6371386197620608,0.028019611618089513,0.8590599109108232,0.010975907063153767,0.44429299476344336,0.02695854634525415,9.144091178709118,0.2228678611268967,6.370706529426911,0.1984432517657742,0.7452805123445254,0.018164634459521056
107,-95.75,29.0,Hot-Humid,0.8468911051750183,Humid,0.46259839795150065,0.024980068310799162,0.6911597609463612,0.01384623852862696,0.5782353573391982,0.033440571601608945,0.878678352464847,0.01820177175612795,0.42892254409907116,0.014586095667780881,7.029698450013275,0.08976273652719437,4.896491016132344,0.17181782435457701,0.7556473877546475,0.009648917070454831
108,-95.5,29.0,Hot-Humid,0.9296054244041443,Humid,0.40452267169725464,0.01895588616159094,0.6447972985636556,0.014662700697658848,0.524348719935941,0.021511886349803326,0.9720256599626801,0.03779618279458768,0.3963781635513054,0.015323559773135216,7.076795477528418,0.08971463757375522,5.324074446738909,0.1268366099571244,0.7768810965074312,0.009848752338877519
109,-103.75,29.25,Hot-Dry,0.14303401112556458,Arid,0.6530001705585452,0.019523950821267663,0.8286582181205071,0.004269161929918627,0.7024645214444003,0.02065150197303001,1.0475076470437912,0.016420923789795747,0.6606406752287203,0.011187320904857646,17.061068515108825,0.2822627921524302,13.31281027654471,0.45873250767525875,0.5824817864079161,0.009636731442924215
110,-103.5,29.25,Hot-Dry,0.13219520449638367,Arid,0.6853764655795321,0.02172918351197736,0.8446852273665517,0.007490902015493212,0.7298280540361552,0.028247295511785293,1.0376714740632476,0.013591208028910031,0.6933651065567988,0.01101425602829864,16.41204833595958,0.2949992904361124,12.655295573367463,0.3834615331379379,0.5536746867007456,0.009952056950215367
111,-103.25,29.25,Hot-Dry,0.23174770176410675,Semi-Arid,0.6701281740193531,0.02952877369042863,0.8194258888711892,0.006678870875877898,0.7277235317384705,0.03147317543992018,1.0409111253456675,0.018358953183491716,0.6544450243904605,0.019762184310508562,15.810113076484441,0.44777348008690143,12.183703203768644,0.4960940656687578,0.5876507234484883,0.016643423626456818
112,-103.0,29.25,Hot-Dry,0.1304616630077362,Arid,0.6281519087227125,0.030986189883797984,0.8491570525866632,0.004332066354679361,0.6649874960087564,0.033404298358094435,1.0550325064100077,0.012035241097611803,0.6730019996363674,0.01614386933856937,15.252319832880668,0.3773239234940072,12.12304808920532,0.42398320969075837,0.5716974536236705,0.014143102729053832
113,-100.75,29.25,Hot-Humid,0.28835517168045044,Semi-Arid,0.751760084157433,0.02208464442155354,0.8178588698922129,0.006109928316179679,0.8488403318572578,0.034909573235044115,1.0691691377074637,0.01578873212771583,0.6462639916436089,0.012874180756852453,13.684101953091721,0.24698716286744107,10.505320684063042,0.19725573151113318,0.5946796129314981,0.010733494307229509
114,-100.5,29.25,Hot-Humid,0.3160593509674072,Semi-Arid,0.7515781934620593,0.02087260598636762,0.8138317845072001,0.00947707350353327,0.8449623071191297,0.0318658473828946,1.0473061672763637,0.017484444902207793,0.65016314089284,0.017375021915187853,13.604384874925563,0.33880525353029634,10.115840112101079,0.1877137972523731,0.5913234020914861,0.014726389837239872
115,-100.25,29.25,Hot-Humid,0.3218330144882202,Semi-Arid,0.7651239608302405,0.021583105071669394,0.8163227311330779,0.01022420407506382,0.8638869992716373,0.04236816779121172,1.0344307729222446,0.026696795997502958,0.6549049091801054,0.02553055703665514,12.377796491142876,0.4530329377966755,9.24563540702349,0.3331501200608288,0.5871334236339771,0.021489348284070977
116,-100.0,29.25,Hot-Humid,0.3340208828449249,Semi-Arid,0.7831634149237392,0.017804225395355023,0.8251544690784044,0.008807970553018971,0.8769308348210079,0.03670957634046882,0.990868852315357,0.020347031406394583,0.6749355402912466,0.018647525668674902,11.580504814658706,0.3317148936913041,8.90225604202983,0.2901967568330279,0.5699572169400436,0.016325997929428814
117,-99.25,29.25,Hot-Humid,0.3916694223880768,Semi-Arid,0.7245783598157034,0.03177588738715319,0.8122551579647481,0.008157870215936376,0.8080512438435266,0.04158867983008098,0.9501551643005964,0.028525248492920638,0.6460575101509325,0.017356536598566043,11.829246144103085,0.29250085037340023,8.783352418007432,0.11913514572895025,0.5947852118889837,0.01470720772462559
118,-99.0,29.25,Hot-Humid,0.4099302887916565,Semi-Arid,0.7450048272007811,0.042530753717921664,0.8176828084581211,0.011824789856963485,0.83233947609819,0.05179245526033715,0.9597641209387824,0.03942187413312519,0.6563471179732009,0.02576523853110624,11.296574421631442,0.42665742495018244,8.24005156936563,0.20376881149716405,0.5858849361711702,0.02212813804025668
119,-98.75,29.25,Hot-Humid,0.4088582396507263,Semi-Arid,0.7367460117656144,0.044062952484528815,0.8078386170203844,0.008935181770214202,0.8366799087553956,0.05153181909705821,0.9388702766181197,0.04079387623970833,0.6319555197367672,0.028158338840771884,11.32332836057075,0.43047843314054773,8.339879411227848,0.1792745408600132,0.6063162766353992,0.023050296912917736
120,-98.5,29.25,Hot-Humid,0.42809194326400757,Semi-Arid,0.7218974490632168,0.046073499578704435,0.7862458564559599,0.010983752381857554,0.8379084314340302,0.06276836393231143,0.950149414189075,0.04094574273465543,0.5998127729370554,0.019186820505621156,11.874865855241339,0.2810514985391443,8.79853126924759,0.16216527809289932,0.6324618339034723,0.01496895614268595
121,-98.0,29.25,Hot-Humid,0.4741060733795166,Semi-Arid,0.7331252641806392,0.04520597401984374,0.817017244391504,0.004039552786175204,0.8202371077057744,0.060057191532006005,0.9483194347364368,0.043159213575364064,0.6520327247471496,0.01257820928195846,10.667484522440377,0.19109187190601046,7.724334694265399,0.046592239659945814,0.5898118089179623,0.010565587641707659
122,-97.75,29.25,Hot-Humid,0.5033597946166992,Sub-Humid,0.7239649384896497,0.03077075293456897,0.8229743552144928,0.00968009014057306,0.808459185710088,0.038821695102489784,0.9234785564684597,0.047311075297242294,0.6530039574782045,0.015062068967522775,11.011313494948105,0.23881882785357814,7.908037746675683,0.19419495906611295,0.5889528950855295,0.012773502464517748
123,-97.5,29.25,Hot-Humid,0.5175457000732422,Sub-Humid,0.7178432618214239,0.03125644336097316,0.8099724222058946,0.011377764749500929,0.8042499934547325,0.04418406321028237,0.9501968917267114,0.04769373837852722,0.6413469017714029,0.012354858148357267,11.14902151783111,0.1934428591478785,8.403109997974344,0.18816815107118398,0.5988044274663646,0.010389650816822209
124,-97.25,29.25,Hot-Humid,0.5633794665336609,Sub-Humid,0.7109964289132136,0.035750405990055356,0.7856149720119883,0.01124542114781913,0.8229626784727297,0.047365214194782373,0.9448308670129055,0.05365179680300043,0.597352998612053,0.018271549283396457,11.17543728217546,0.2561536515330467,8.265672762112185,0.13491741024662415,0.6344114114048705,0.014541426478656487
125,-97.0,29.25,Hot-Humid,0.6263107061386108,Sub-Humid,0.6688018606122698,0.04666590891541103,0.8000786503013602,0.012201091225843312,0.7565631902502359,0.049043511014227686,0.9159205510972338,0.06216597706735153,0.6108640031208857,0.028019636084624242,9.229950839727769,0.3406653453529071,6.244805867145275,0.09534720745274973,0.623468024694782,0.02301138474486255
126,-96.75,29.25,Hot-Humid,0.7075560092926025,Humid,0.6549066751556915,0.0289925355232096,0.778106810497387,0.012797212665279025,0.7496200302787182,0.02926844724203238,0.9258345262822433,0.043564517430060914,0.5877149407909933,0.028617993037232052,9.611992955749466,0.34083066735309847,6.507090630433154,0.04494283922059201,0.6417715887417957,0.022756512607334634
127,-96.5,29.25,Hot-Humid,0.703904926776886,Humid,0.6261164059466172,0.018361388996802716,0.7664911427903324,0.01120619806167813,0.731168056954885,0.02831785971508845,0.8932247340002611,0.03739506848876387,0.5571928481315972,0.02989462686344118,9.103776747570958,0.3088674151877817,6.070925442635483,0.09508840557642732,0.6651313900944723,0.022566174337870275
128,-96.25,29.25,Hot-Humid,0.728775143623352,Humid,0.6029514451577752,0.006678331673041871,0.7684404417095775,0.01987069838895697,0.7120959312432734,0.029875786120571055,0.8588973081958384,0.017130299037961896,0.5417057887619995,0.031203057916633956,9.190751657595122,0.314127812788272,6.365379064070708,0.15556695617274136,0.6766581959036623,0.023127287843624937
129,-96.0,29.25,Hot-Humid,0.781170666217804,Humid,0.5512512733025685,0.009275307499125444,0.729449294740612,0.03801665831073935,0.6799206943482228,0.028607272962232817,0.8455747386408714,0.013120761546900393,0.4736848810276397,0.052192423057290646,9.344850520885416,0.46159787665523255,6.442223660640636,0.3558286687247704,0.7247687698329628,0.03580065025900725
130,-95.75,29.25,Hot-Humid,0.8171699047088623,Humid,0.47443052298686067,0.014696462393874496,0.7152262199903401,0.034131885886208774,0.5967590408718599,0.028242073849625165,0.8240304009180649,0.014199778922996509,0.42474774466611037,0.03746843308821122,8.658744381833552,0.2813710178200991,6.088715390127088,0.2738955542619498,0.7581337014175057,0.024636002843450543
131,-95.5,29.25,Hot-Humid,0.9212086796760559,Humid,0.4988803366215313,0.0273609333936747,0.6789779897071749,0.03514297472402765,0.6350586959494338,0.01680485256728995,0.882566122879879,0.024440391303140654,0.4263838803119092,0.04297552191371134,8.277076206878114,0.3146231890105376,5.995113956457015,0.27606899190763207,0.7569371483122721,0.02877223472760235
132,-104.0,29.5,Hot-Dry,0.16450029611587524,Arid,0.662330226512367,0.014028813692892467,0.8239134463629403,0.016089361033878775,0.7154664187992739,0.012674653272709389,1.0418387999410195,0.01256941405017769,0.6596700439306111,0.02472806634028184,16.891259876743828,0.6244418567573315,13.21496805833075,0.46544839882111816,0.5830594057648703,0.021554738994746185
133,-103.75,29.5,Hot-Dry,0.17020609974861145,Arid,0.7134335133954169,0.016286798004663313,0.830733519359247,0.010030165533691618,0.7770833364254462,0.02253069855609198,1.0579875141914736,0.013249416403179781,0.6725161080754135,0.018001340594943002,16.316553963106916,0.4501327324184169,12.749745352648212,0.2772192974463649,0.5720879502790226,0.015782469314599888
134,-103.5,29.5,Hot-Dry,0.14764098823070526,Arid,0.7409360997017619,0.012849387548125736,0.8410855879417258,0.009173111435858047,0.8054101126779807,0.024360313008689443,1.0573514683359237,0.01923303340865008,0.6908517542542917,0.016896632198468684,15.70242345227884,0.4310978601425082,12.027411611499273,0.41413590876465034,0.5558434541635844,0.015260251030191548
135,-103.25,29.5,Hot-Dry,0.16652022302150726,Arid,0.6926150102012988,0.02141954196434068,0.8428165130752836,0.007308754787528932,0.7387419070766821,0.026462450352870166,1.0336214130450978,0.013999416990042876,0.6935897146507451,0.012438395006247655,14.84257835873583,0.3024252168891071,11.431498759538664,0.2620034159181506,0.5534514895468845,0.011276860577616735
136,-103.0,29.5,Hot-Dry,0.17440347373485565,Arid,0.6346220324229707,0.02960887746159176,0.8266394616587085,0.0073730036394450615,0.6817604083646506,0.033103735021866615,1.042192103943214,0.014652020036739344,0.6535110176112082,0.0159901511398632,15.826240533247525,0.3612097561224124,12.200260062973104,0.367464741452936,0.5885105357037053,0.013431853675573164
137,-101.0,29.5,Hot-Humid,0.23278513550758362,Semi-Arid,0.7518574070785589,0.025543492395207697,0.8185422691896159,0.00162226390297108,0.8441601783899074,0.05276470778922885,1.0472394257229982,0.022989239581009735,0.6541714486282938,0.018166008273998745,14.618253591866102,0.380170558572011,11.277864456918119,0.28742366402137104,0.5879128626128999,0.015289593929029927
138,-100.75,29.5,Hot-Humid,0.2901512086391449,Semi-Arid,0.7549256355118572,0.01837087927806131,0.8139582013883961,0.007176302998732257,0.9075048890943309,0.0482955318297548,1.122103067038418,0.020863064425753985,0.5859790469787982,0.02968043193093613,14.41229651475812,0.5152686326465002,11.22299561792079,0.4586609709362882,0.643115869859954,0.022992687845179573
139,-100.5,29.5,Hot-Humid,0.3291240930557251,Semi-Arid,0.7655380468914762,0.02387321033970914,0.8035083717503024,0.011600380055334179,0.8890209374498681,0.039521732415091736,1.0526306894383555,0.02167431962911655,0.623096916045157,0.032311389632157676,13.460711495749488,0.5632564658288796,10.140044718302113,0.420599356610901,0.6134947991165735,0.025671370526284282
140,-100.25,29.5,Hot-Humid,0.3338082730770111,Semi-Arid,0.7780259376277485,0.023209554210612215,0.808640259691652,0.015289063767666897,0.9065139034013472,0.04103861108529845,1.0499635739147783,0.019828434391490755,0.6306780258350677,0.03776459020423016,12.434750934168653,0.6204950554971489,9.316326463911794,0.4201098314922343,0.6071142743384492,0.03029505032654948
141,-100.0,29.5,Hot-Humid,0.3700258731842041,Semi-Arid,0.7817331344551716,0.019431230694547268,0.8155049389445909,0.008877638947885982,0.8978123341345317,0.038156539358504195,1.0448003533859256,0.01684032838707156,0.6475917234474696,0.022088339711794226,12.048470896922208,0.3736251212202743,9.250501460398926,0.3208602278702882,0.5934116410161028,0.01840179539835217
142,-99.75,29.5,Hot-Humid,0.4202728867530823,Semi-Arid,0.7593943457020048,0.01354882979113362,0.788465458356634,0.01403843394363162,0.8892570834629044,0.028138217776905963,1.0056650208405116,0.015965573776055102,0.6095565963629663,0.027313992108834895,12.378237052823042,0.4299320081844426,9.555873715838064,0.3310435263444868,0.6245534007082589,0.021692547706031
143,-99.5,29.5,Hot-Humid,0.43094348907470703,Semi-Arid,0.7404632337310283,0.02043438664159964,0.8008139212393859,0.011624015897764385,0.8412670616855102,0.03624795520481919,0.9615105797251084,0.015061690580469259,0.6314364111780228,0.022691474085455177,11.451075863114946,0.3522853190076965,8.811960363300313,0.25214446988494676,0.606864679397118,0.01866981930183125
144,-99.25,29.5,Hot-Humid,0.4355214536190033,Semi-Arid,0.7633786175208568,0.029906566247280268,0.8189966084516808,0.01111052958029983,0.8556678861639861,0.04568880673757297,0.970282004391373,0.02396158299800715,0.6622578949504243,0.02210077393625999,10.839694991105734,0.3523480529933881,8.244844325943761,0.23318776944699773,0.5809103718798297,0.018882693531826422
145,-99.0,29.5,Hot-Humid,0.47205063700675964,Semi-Arid,0.7588617056867598,0.04100942557198828,0.8195858166970555,0.007009331368919266,0.8587956318870127,0.059272907645730954,0.9482876039352022,0.04302681880903624,0.6526521590403369,0.021892316890931202,10.97934864499798,0.34785161430385264,8.078267365454892,0.16689325037444744,0.5891257407807549,0.01866489047616692
146,-98.75,29.5,Hot-Humid,0.4730779826641083,Semi-Arid,0.7197659527192111,0.050221047133169036,0.811461211497934,0.008673791944738834,0.826048201092784,0.0601822892604505,0.8991214958159341,0.044840750304993696,0.6152652009012306,0.034412114034207734,11.620131309539607,0.5145701231916944,8.345235116808492,0.18231075474682246,0.6197839842533871,0.027445672741037274
147,-98.25,29.5,Hot-Humid,0.48505228757858276,Semi-Arid,0.7501698793993447,0.03818342342880446,0.8190986590039046,0.007356528486816209,0.8342195111431063,0.05551581159051869,0.9948878355970823,0.03236451096666212,0.665771242954544,0.015265837721060391,10.666419029581386,0.242936885449235,7.798997331429942,0.22916299725061343,0.5780052874790458,0.013164568532693417
148,-98.0,29.5,Hot-Humid,0.49849578738212585,Semi-Arid,0.722909301127984,0.04234873350573862,0.8229921810948003,0.0015310951273959314,0.7950450950775267,0.05423723918984994,0.9653135276586671,0.04057920222218768,0.6669395139249699,0.007112066202103752,10.60266223480829,0.11303717647279898,7.700547843691853,0.04829097952835064,0.5770876917325864,0.006152451318924435
149,-97.75,29.5,Hot-Humid,0.5157081484794617,Sub-Humid,0.7499657403446948,0.03308076526321673,0.8156646716764799,0.011035279250045283,0.8494257380855667,0.057433017817770264,0.9461422358937377,0.03714089917005716,0.6493917972806486,0.02597048727598904,11.36482421194832,0.4179166671170093,8.328408428271993,0.31442162304644206,0.5918017635115338,0.02176222139368304
150,-97.5,29.5,Hot-Humid,0.5226584076881409,Sub-Humid,0.7121510923253936,0.02732865669607032,0.8157314661649199,0.010856632500176627,0.788963993500065,0.040802919333221326,0.9580485853230062,0.04713375223838783,0.6529819895300303,0.010478391152654995,11.175852501708395,0.1697823826968965,8.221633209355867,0.1748311375357479,0.5890279710206754,0.00894845134898848
151,-97.25,29.5,Hot-Humid,0.5609689354896545,Sub-Humid,0.6752757478079265,0.042205111140209965,0.8130699345977422,0.010507219154128274,0.7576549961579475,0.04073064759375344,0.9015971024963688,0.05121360616297299,0.6228590567818988,0.03315289565147606,11.326562404724394,0.5073187812602415,8.204640805715226,0.2451139444733073,0.6136258053098869,0.02748441094270568
152,-97.0,29.5,Hot-Humid,0.6197537183761597,Sub-Humid,0.6968942064806632,0.038643791287022784,0.8063812355798351,0.01526163604595848,0.7823887230563559,0.040587605214082896,0.9344398275974205,0.05502896021043496,0.6322565897308705,0.030619333886201798,9.085586533809934,0.38486030846808467,6.249241832261696,0.1389961003166964,0.6059837348871152,0.025669128379045853
153,-96.75,29.5,Hot-Humid,0.6502671837806702,Humid,0.6453412362538569,0.0382381193992647,0.792260200786044,0.011975104093343932,0.7454672109905516,0.03556290142244286,0.8723260428073759,0.04447835229055775,0.5827453453335786,0.038995073348026474,9.557779504735118,0.4575952100365451,6.381825973306889,0.17966558788589013,0.6453610745811633,0.03089777665681377
154,-96.25,29.5,Hot-Humid,0.7389110922813416,Humid,0.5639927828395226,0.012217245361979538,0.7544096509160113,0.012689306457863654,0.6908632980132318,0.012770890982549292,0.817697911308248,0.03256223540562171,0.4895602458552098,0.03796693018266588,9.660283228059527,0.36572485351269013,6.373069719955867,0.15327423641376908,0.7140414164718168,0.02703261242720367
155,-95.0,29.5,Hot-Humid,1.0034483671188354,Humid,0.5310765881999407,0.05228959180650389,0.6400166239459949,0.021498141473328534,0.7085236678263591,0.0660676793738164,1.0022933713874984,0.06766736457261727,0.3948961564720982,0.026319372105178415,6.222064913269133,0.1351328106106676,4.396717703703631,0.09188470192546717,0.7777374844255058,0.016891153283142068
156,-104.5,29.75,Hot-Dry,0.13361391425132751,Arid,0.6284824875438367,0.023593519928292065,0.8515979129544391,0.011251928070446697,0.6600585437739241,0.023177598269157638,1.0075934410060972,0.0193166509565299,0.6868846807172659,0.019715095560091312,16.24584108948698,0.5071965240962986,12.524665081997401,0.28444094966840966,0.5593490469322182,0.017462924252299
157,-104.25,29.75,Hot-Dry,0.1663539558649063,Arid,0.6818250238863961,0.009407294602451578,0.8528489808289633,0.012601153348923094,0.7192433607458504,0.005619366829182906,1.024773923766832,0.008828920636940737,0.7067262805331993,0.01976733263695549,15.343553419161555,0.5143563601788252,12.157321708541577,0.4008620920419647,0.5413042575018912,0.018145945729251337
158,-104.0,29.75,Hot-Dry,0.14879845082759857,Arid,0.6989818466179536,0.019942255980215054,0.8307178903806924,0.013429574023943704,0.7527727875017091,0.024592937946834235,1.0165104664953937,0.0177351324850755,0.6814468450920067,0.020650652731326994,17.008262874934946,0.5587714412636731,12.872912558453104,0.49935009528388935,0.5641616228266434,0.01853436799574999
159,-103.75,29.75,Hot-Dry,0.15070702135562897,Arid,0.7215070512035078,0.01955954630551313,0.8443408548789302,0.007311132878516992,0.7707361120775985,0.028554753136279164,1.0114771441453942,0.017532018400015087,0.7051245568257865,0.009666933169436976,16.3374975085282,0.26870254684782985,12.514925561754996,0.2692740821185391,0.5429656021943579,0.00893014613065625
160,-103.5,29.75,Hot-Dry,0.16406117379665375,Arid,0.7364589259924769,0.018583503145247978,0.8407851766635124,0.005002042278015387,0.7924149726315862,0.028576906292550247,1.0178988497895856,0.01922155621921534,0.7013263069142148,0.007473972846650717,16.344894654849234,0.2044676716961404,12.523610486548506,0.2631478510707871,0.5464762632921978,0.006836185338117957
161,-103.25,29.75,Hot-Dry,0.1452319622039795,Arid,0.6967847074567299,0.030612209830611244,0.8241173488964388,0.007053216601151218,0.7616120492413289,0.03480337279241149,1.0604786972719542,0.01799953461561524,0.6583041806840881,0.020122108845560552,16.646482139256833,0.4883786842471306,12.693296458464985,0.32098605227138166,0.5843463819696574,0.017143701280759215
162,-103.0,29.75,Hot-Dry,0.12546496093273163,Arid,0.7018923516551628,0.026776105721105312,0.8301355439272013,0.008937619189275098,0.7578650639472626,0.028232457716981456,1.028665469038939,0.023323965624305856,0.678055952584422,0.017899299897557192,16.064724395743948,0.4396696468159632,12.109871520579052,0.3108437015824098,0.5672312078447522,0.015524346305135937
163,-102.75,29.75,Hot-Dry,0.16199375689029694,Arid,0.6791027507675566,0.03592051826539341,0.8291281062373447,0.007567355840920777,0.730946498289834,0.04408297970668637,1.0209708109625364,0.02179582868787653,0.672221355534748,0.01653007831670005,15.775384419658295,0.39550261219753435,12.001130401969807,0.4563023150575688,0.572375669883919,0.014349956018523874
164,-101.25,29.75,Hot-Humid,0.2537563145160675,Semi-Arid,0.7397002723502764,0.024646482587696812,0.8048988709545813,0.007209941232059037,0.8516176422602785,0.04282021898612826,1.0791787433666649,0.021863666437867895,0.6104194069079926,0.013822387575232537,14.690757067033866,0.26036354540913936,11.528446343305648,0.24711070908590163,0.6240855093316882,0.011060635956787622
165,-101.0,29.75,Hot-Humid,0.2688204050064087,Semi-Arid,0.7469702216500897,0.027251946264662732,0.8242893660860282,0.010105745524116166,0.8383721289431229,0.03933757768214369,1.0786121311641002,0.012292475573844054,0.6470273814159244,0.020978420292962065,14.018860526481612,0.40892096164383623,11.078894136558619,0.28896630168479526,0.5939128896047102,0.017324049232893022
166,-100.75,29.75,Hot-Humid,0.32622212171554565,Semi-Arid,0.735906581908546,0.028094638825567213,0.8115303166866011,0.02051377345285206,0.8736181399361234,0.04364842156865339,1.1298252195290701,0.014499873759000342,0.5813843494048719,0.042919018147799484,14.087688047022695,0.7050199836586448,11.157447983241845,0.48474771459208144,0.6463579386550695,0.03234705807135897
167,-100.5,29.75,Hot-Humid,0.3491842448711395,Semi-Arid,0.7575276515271423,0.026936371156840087,0.8019161441124762,0.01675902639391879,0.885304628659075,0.039414677866085726,1.0721569435661205,0.019587053573356453,0.6117682342168564,0.03719869797549951,13.555994914605037,0.6387779403324909,10.421403725550874,0.4565655451817141,0.622529802954158,0.02933449797168468
168,-100.25,29.75,Hot-Humid,0.36797890067100525,Semi-Arid,0.7561534119637195,0.027759457861463194,0.7980004536234999,0.019013023611585,0.8906638413308958,0.0364659084984096,1.075789740748934,0.016670532623168453,0.6029675988944793,0.036891842982617794,12.381328411586335,0.5753842178072928,9.506300810868678,0.4543424139389513,0.6295614556891296,0.029256935419331116
169,-100.0,29.75,Hot-Humid,0.3971673548221588,Semi-Arid,0.7393863622226038,0.0297888449014708,0.7819101446170447,0.01965234358600081,0.8851867993301432,0.036441252979210956,1.0801161739919467,0.010849389049752306,0.5734076926345091,0.036465491337923185,12.608001359143554,0.53709903791291,9.723420570597863,0.4892355265339773,0.6526667444193321,0.027803509098700354
170,-99.75,29.75,Hot-Humid,0.4340783357620239,Semi-Arid,0.722811988260325,0.020640381860556327,0.7681098341529455,0.008318769105018664,0.8538833839829815,0.03785050610858972,1.0234866166838237,0.019293402405439985,0.5779312466619129,0.020682946747217545,12.559271775666634,0.3072908724668418,9.789130914392086,0.2835066202930981,0.6495126743435164,0.01589179053868329
171,-99.5,29.75,Hot-Humid,0.4847904145717621,Semi-Arid,0.7472980979802104,0.021307727891113862,0.7839011160060807,0.01151427896177347,0.887042597613519,0.06452723483688537,1.0194037547931558,0.03445621237109792,0.5947531480371403,0.04175877234838316,11.628519025159425,0.5904680626723603,8.991105728195468,0.5751622101854934,0.6359344887020763,0.03229121478995088
172,-99.25,29.75,Hot-Humid,0.48166486620903015,Semi-Arid,0.7789737781372136,0.02520160091965363,0.8149223433197115,0.011214921784024402,0.8976531606634939,0.06432596697529817,0.9882519007713058,0.03679625225139746,0.6486987643022205,0.024807410480365933,10.623930254649691,0.37351260846814643,8.246462450306751,0.2683934262607261,0.5924138712905069,0.02082788996676506
173,-99.0,29.75,Hot-Humid,0.4771767854690552,Semi-Arid,0.7937080032694287,0.034747960179899645,0.8464198506508414,0.004814508064768342,0.8841009493199286,0.05840321501397095,0.9502902612942347,0.04007059629689484,0.6981920867268578,0.010832689638635786,9.931893483144075,0.17932005188701466,7.570013933737899,0.10788884254348045,0.5492988500246421,0.009917574977527287
174,-98.75,29.75,Hot-Humid,0.538845419883728,Sub-Humid,0.734351607448515,0.04586463640553273,0.8225194796088374,0.009645746434717512,0.8327103699547814,0.06656677485483171,0.9094857981799036,0.0345435131768399,0.6409655583582061,0.01501332740532744,10.963272113076632,0.22841321927436312,8.142237402462005,0.18805103586498842,0.5990908173177827,0.01248169896814339
175,-98.5,29.75,Hot-Humid,0.5215509533882141,Sub-Humid,0.742470458006839,0.04805189110618435,0.8252560637810209,0.0050543246432105254,0.8459408334595497,0.06813527874954757,0.9055975769167663,0.03957263795198401,0.6411515174524067,0.02374001942242341,10.807027916516802,0.3568952151323808,7.85660185167233,0.18904353577222305,0.5987784773135086,0.01977427791695036
176,-98.25,29.75,Hot-Humid,0.5375658273696899,Sub-Humid,0.7493826941009368,0.046432893493850096,0.8326875411428244,0.00897031002655409,0.822464336630721,0.05845399761220815,0.9674863585754204,0.038184884446057527,0.6842768979377197,0.02008566714582417,10.381065084949588,0.3340232315709326,7.549466054066729,0.20091098621418757,0.5616598810441558,0.018072080944960763
177,-98.0,29.75,Hot-Humid,0.5202475190162659,Sub-Humid,0.7430443808152584,0.04659276024100261,0.8298871664457483,0.007600989452933433,0.8205213083415309,0.05968823853864801,0.9518260495606649,0.04175558925884074,0.6749181694879457,0.01523282482126243,10.46709650020073,0.2475613085156279,7.8394652943440875,0.09492021034158568,0.5700319448124246,0.013482043864864103
178,-97.75,29.75,Hot-Humid,0.5207446217536926,Sub-Humid,0.7471873688470169,0.03883166039367895,0.850586777269986,0.0044882292020237,0.8018064479020751,0.04962678992827343,0.9778077595379546,0.0359979862142927,0.7148015377673648,0.006414236077181162,9.934934911337098,0.11107980683863122,7.372928826380127,0.13779458973949676,0.5340130553248977,0.005970654822016745
179,-97.5,29.75,Hot-Humid,0.5517691373825073,Sub-Humid,0.6917267155578618,0.05026068556320206,0.8215140848233691,0.016264874279849767,0.7710340793144198,0.06434394901520253,0.9093809667232009,0.03597136429413553,0.6422700432029536,0.02926051158797327,11.125371081757073,0.46604870187369113,8.19681697954145,0.23241982867737304,0.5976859194478938,0.0250374342428569
180,-97.25,29.75,Hot-Humid,0.5780349373817444,Sub-Humid,0.690558126743214,0.038262985075690606,0.8174829496140135,0.01161647049247355,0.7717324450508916,0.03713415891078095,0.9072045037557569,0.04589189447984722,0.6374371789614419,0.02852191773212666,11.074556202595463,0.4447049247906375,7.949468228943457,0.2738286814429007,0.6017439045824536,0.02416335904890251
181,-97.0,29.75,Hot-Humid,0.6000127792358398,Sub-Humid,0.7000184160157599,0.040589593625119394,0.8381141564221627,0.01062719180358597,0.7711720311975384,0.04016073032405191,0.9013613859161789,0.04510354476142948,0.6724998767952226,0.02507423927634215,8.988029939813094,0.35160482990831293,6.164601957797435,0.14819245330777922,0.5719262810494271,0.02237331696879724
182,-96.75,29.75,Hot-Humid,0.6220749616622925,Sub-Humid,0.604013732592193,0.03982192610374093,0.8178605899937563,0.012901485812915493,0.7020207653186329,0.03591837425678918,0.8165380036911595,0.04005928715308191,0.5802559580226312,0.040133666128924196,10.162934121220637,0.49656628137524345,6.983519284013363,0.2558030899495503,0.6472587652020307,0.031625402102409876
183,-96.5,29.75,Hot-Humid,0.696219265460968,Humid,0.5315465666847236,0.0369404960129688,0.7999932724938971,0.008712982750388346,0.6939355504928166,0.03810617288190661,0.7093569155404689,0.03818313360209027,0.4393293732141134,0.04631065271439673,10.090946415108116,0.42663606038788787,7.254718245347912,0.43131927065026876,0.7482446143915373,0.03163510352334376
184,-96.25,29.75,Hot-Humid,0.7138307094573975,Humid,0.5654342169473623,0.0211913221063471,0.7898308584051417,0.0147811919104092,0.6906484168588304,0.031081549415236696,0.7822591107465002,0.03497276626170042,0.5093429862802447,0.04045167172022976,9.27816730436434,0.3887983775033815,6.309925680137068,0.2795985470331125,0.6999776465844888,0.0293323200965204
185,-96.0,29.75,Hot-Humid,0.7503105998039246,Humid,0.5745907657788554,0.019236281859018822,0.7651848922341117,0.018637624358105072,0.6885499961666567,0.020764864601770162,0.8344244980401221,0.03694125582178666,0.5194440970366787,0.030713652339008465,8.806936617399385,0.28252879901850125,5.847978101919986,0.17016612966734504,0.6929362018693574,0.02222957214473537
186,-94.25,29.75,Hot-Humid,1.0310413837432861,Humid,0.5121091896972852,0.020176948129897274,0.6990021850227505,0.017352766747410545,0.6261979901761174,0.04034697819078809,1.0388669488956173,0.07891186183226424,0.468578863097434,0.030239407601934214,5.234125764615427,0.1470230009693264,3.896671001733675,0.2564073083767797,0.7287564143239837,0.020470267591560315
187,-104.5,30.0,Hot-Dry,0.1960240602493286,Arid,0.6915959616330152,0.0056319449301861745,0.8522668386715095,0.010890843197493809,0.7302501526534299,0.007878149308637006,1.0163045360468856,0.01313299123604396,0.7097391277242109,0.015905331195521878,15.436369971672042,0.42475247267878574,12.265095881922784,0.24884991865543896,0.5385955459106043,0.014820180542390204
188,-104.25,30.0,Hot-Dry,0.2208845168352127,Semi-Arid,0.7063763311956253,0.011231008045612216,0.8473071486668271,0.01511936490374549,0.7511604896993029,0.014329490250728168,1.020130199468897,0.020223441261450002,0.7053586753484582,0.02376406202719918,15.411735175434817,0.6292513829772819,12.221650200701225,0.4564424174521626,0.5424471454093078,0.02214777327506574
189,-104.0,30.0,Hot-Dry,0.16825371980667114,Arid,0.6992100832673047,0.018624194904377715,0.8412226429212506,0.013456950902982706,0.7452171377166734,0.018784017059009218,0.998363327154675,0.01571960260900913,0.6974838076931388,0.020899333931320336,17.092469695002087,0.5903469778940622,12.66708951473036,0.4703108552778526,0.5497524621400289,0.01898758403000618
190,-103.75,30.0,Hot-Dry,0.20654772222042084,Semi-Arid,0.7001190993289972,0.021638271733123222,0.8360383599481128,0.010017662798840707,0.7498462651933064,0.02317830996924157,1.0097305469636697,0.017250447200342026,0.6900478315682463,0.01650753042901128,17.211248054541425,0.4598194163527931,12.748232680268503,0.3373069865666842,0.5565745998618485,0.014869567090908016
191,-103.5,30.0,Hot-Dry,0.20190249383449554,Semi-Arid,0.6960369719362444,0.019613461232951275,0.8325868817469042,0.015479690829026338,0.7501050719589731,0.01934944017849314,1.0351301917501523,0.02503242377279284,0.6798921964872686,0.025970011456713377,17.337618573710074,0.7055037890665544,12.966054045842174,0.6973042742961949,0.5654063363911,0.02300756075526011
192,-103.25,30.0,Hot-Dry,0.16821730136871338,Arid,0.7151732929216834,0.014835307574104837,0.8376027480057818,0.009111112873277096,0.7722776331614305,0.026159925471651264,1.0450115151058166,0.023239475494281233,0.6862614944073966,0.016828416242944,16.016539848613327,0.43055529140292303,12.267749843897679,0.4603464226461873,0.5599618156910209,0.015052846932493433
193,-103.0,30.0,Hot-Dry,0.1767723113298416,Arid,0.6974534601402294,0.03156611679695485,0.8366145398095066,0.01212683168229297,0.746215629872619,0.03326969415527336,0.9980485287357924,0.01670610387913036,0.6902324719083113,0.02151231932515896,16.076722670414135,0.5577410422905995,11.770653207503985,0.44470856956841454,0.5562998780230671,0.019299410716694727
194,-102.75,30.0,Hot-Dry,0.18712465465068817,Arid,0.6873233572844044,0.028792566358457422,0.8292044072926575,0.012320139417154376,0.7395312101261357,0.03527537090947951,1.0102915823413892,0.015489538637265963,0.676996924857533,0.019791625183339736,15.502056245851568,0.4721421526287387,11.51100921244674,0.3732234435408828,0.568122834734462,0.01730317152092971
195,-102.5,30.0,Hot-Dry,0.18681181967258453,Arid,0.6514233262791796,0.04216646147309997,0.8234058889522835,0.01759916594820201,0.7005417414387856,0.04097161232731176,1.0081135431937234,0.022661218341555104,0.6601273745488617,0.032134329753201095,15.98437667400774,0.7410564442595705,12.12089106086348,0.7894014254814532,0.5824853809484918,0.027004778105660224
196,-102.25,30.0,Hot-Dry,0.1929425299167633,Arid,0.6449659472869684,0.043339608362224835,0.8000966917324925,0.029475989367594074,0.7076642470464389,0.03487490511493542,1.0146880732871923,0.017553380562712963,0.6297140212545476,0.045720574338327144,16.382643450593534,0.9810434456283528,12.809264729849051,0.8380305333903808,0.6076403091945932,0.036387384272429144
197,-102.0,30.0,Hot-Dry,0.19392527639865875,Arid,0.6370244917739415,0.03571650494868579,0.7764596104171165,0.026834369138573316,0.7148215412118171,0.03236011334900954,1.0040897545635994,0.007429761611512218,0.5985640593904996,0.03938361419603714,16.59148636376408,0.7980039855858784,12.807303989349801,0.6274365994914902,0.6330042548176547,0.03044573024756462
198,-101.75,30.0,Hot-Humid,0.21950402855873108,Semi-Arid,0.6809086134796646,0.033024813936137654,0.77758536077587,0.017253217516414163,0.7768808043500598,0.04363338969331663,1.038035041792714,0.017083436363755675,0.5946872238819901,0.022485283177007702,16.075389419454197,0.4479315182663743,12.519751601664751,0.32335812065516156,0.6364441656553778,0.017734152123791477
199,-101.5,30.0,Hot-Humid,0.23986104130744934,Semi-Arid,0.7511424535465674,0.0229377530384269,0.8205188281286719,0.0030845473188718673,0.8436909658045693,0.04351077467438913,1.0639640366308443,0.010690303603972863,0.6483091853450469,0.013319319918843919,13.834847175624201,0.2590022507530128,10.939652545620717,0.3144322869718031,0.5929521354452877,0.01110066021833059
200,-101.25,30.0,Hot-Humid,0.26995742321014404,Semi-Arid,0.7553136615340568,0.025261001683933342,0.8141352873106724,0.006085151293651122,0.850871238982899,0.04401453372894469,1.0435623710114743,0.012231784747787649,0.6494983585654461,0.012116050233549759,14.161822838428378,0.24352434547693386,11.08062052217404,0.3648457421212775,0.591961778584651,0.010179276094742272
201,-101.0,30.0,Hot-Humid,0.2695777416229248,Semi-Arid,0.7514288271390692,0.02369741559271067,0.8158863480032261,0.005820514806674662,0.8494437092181094,0.037455318574583556,1.066326033770393,0.012413815643540313,0.6414429434431149,0.013166402162354977,14.073018865483126,0.2593018668235063,10.84229441768895,0.2961946349866894,0.5987150403840256,0.011031600906019194
202,-100.75,30.0,Hot-Humid,0.2869674861431122,Semi-Arid,0.7382078235961493,0.025719232157382792,0.7916433762519072,0.013755100891556427,0.8957798101749443,0.039084655095910706,1.1151188969674934,0.01432590446478444,0.5562917186418097,0.03757835314781177,14.09197114087461,0.5889747050357222,11.118703406615023,0.471649342761419,0.665649368303853,0.027820851776854012
203,-100.5,30.0,Hot-Humid,0.33169791102409363,Semi-Arid,0.7629087914326388,0.025250707620279596,0.8093679768516415,0.006829449911246046,0.8786904081739715,0.036744658755185254,1.066457540606589,0.012829686257920057,0.6300258818959598,0.014734553024643196,12.997993644702754,0.25689347968027476,10.165415369508889,0.19872769797501416,0.6081599617236964,0.012019726508567278
204,-100.25,30.0,Hot-Humid,0.34530678391456604,Semi-Arid,0.7502935724182574,0.026478971045920206,0.7982855418337921,0.01704641080016029,0.8669319745052011,0.03643638843376973,1.0515806272318862,0.02653472100708309,0.6183222859605276,0.03867642383954839,12.278672201763476,0.6340872975330636,9.565166221345587,0.36977787925255223,0.6171427322886813,0.03187008830261784
205,-100.0,30.0,Hot-Humid,0.3730686902999878,Semi-Arid,0.7223398194772569,0.026901515935725484,0.7720749483811611,0.012238759138396362,0.8523021036122245,0.0400345222237936,1.0469112017884201,0.019587315207421983,0.578508541971584,0.025831915805957843,12.797116815650444,0.39238858490829365,10.005843782456557,0.2781258684945425,0.6489797191602481,0.019899188020542323
206,-99.75,30.0,Hot-Humid,0.420957088470459,Semi-Arid,0.7206549740386002,0.03027293713978343,0.7852065539598224,0.011730900406567392,0.8309923843471493,0.04851915761727337,1.0399784146092317,0.024376056861590556,0.6042892377237157,0.0282754386614309,12.108668639073276,0.4299240687156599,9.576574373997177,0.30809069196677785,0.6287384874645289,0.02232366057294042
207,-99.5,30.0,Hot-Dry,0.425977498292923,Semi-Arid,0.7256838905127629,0.030391850985597945,0.7776109463795716,0.014702620805246005,0.8560546588320875,0.05128884367467363,1.0540270760269521,0.027722107962272594,0.5834620565824075,0.036055864120543055,11.918970549150902,0.5090071503201224,9.399326267560863,0.4022994743070409,0.6449271997759792,0.02754202259064177
208,-99.25,30.0,Hot-Dry,0.4547359049320221,Semi-Arid,0.7471722302412462,0.03550618725825477,0.8074758793929615,0.010213071163645348,0.8419719255418366,0.052661154663487114,0.9868642058217777,0.022843789649779168,0.6467345141664351,0.015504756586318716,10.972710640852068,0.24181557523768873,8.795866245630446,0.262363762326146,0.5942459785052494,0.01309593753342352
209,-99.0,30.0,Hot-Dry,0.46569231152534485,Semi-Arid,0.7669308136868123,0.038835792250639496,0.8383565860153164,0.004519527383314973,0.8485735320914018,0.04961025201722341,0.9393679333752589,0.03177503066501182,0.6856317962169939,0.015496281831563027,10.509166294928665,0.2621044947531389,8.02607676996723,0.16410754676950318,0.5605460231241457,0.01398033184114084
210,-98.75,30.0,Hot-Humid,0.496334046125412,Semi-Arid,0.7668688035340521,0.03653989997194725,0.8311184462010204,0.0032490858395596146,0.8561459241600173,0.05015817143887373,0.9429323224327719,0.03401236996767989,0.6739767264321741,0.011854250653103344,10.60828386720485,0.19328339554456384,7.991342636939045,0.08475593056331243,0.5709086727327775,0.0104019809606308
211,-98.5,30.0,Hot-Humid,0.5039059519767761,Sub-Humid,0.7354398058609035,0.0381381764631136,0.8149868523621041,0.005541827448617728,0.8357272089701695,0.05199487326158809,0.9168298608354265,0.03232033122176765,0.6351746901512165,0.016120278142357284,11.165166484922905,0.24662106360085712,8.410248173825051,0.1390094669427476,0.6038898633735938,0.013338982504567689
212,-98.25,30.0,Hot-Humid,0.5242306590080261,Sub-Humid,0.7118511736247981,0.03556500956826224,0.8094851971922103,0.010593689238102048,0.8007966197604617,0.04693793406192583,0.9296814006429528,0.03979232240729191,0.6348977116523159,0.02334064774648749,11.251247273717661,0.3599823456256369,8.161699504265886,0.10025355009864427,0.6039896827335328,0.019324579527462415
213,-98.0,30.0,Hot-Humid,0.5418216586112976,Sub-Humid,0.6602991867157436,0.044265237893468506,0.8090438767709888,0.013408771318739153,0.753693168333925,0.05212340465839568,0.8716999583918946,0.036308728371314124,0.6001947425186763,0.04088075783056326,11.876344638840175,0.6275036688633662,8.321849856303306,0.3478148554618175,0.6315966607116293,0.03337131363990991
214,-97.75,30.0,Hot-Humid,0.528822660446167,Sub-Humid,0.6776478396693788,0.019560819449890424,0.8263451084272238,0.011283685368603715,0.7529234038033528,0.030817365505653147,0.8917914365308555,0.023543352956952434,0.6420421528739579,0.024958257801615074,11.142066891858756,0.3895131335817504,8.204992522408775,0.2873501954886831,0.5980035250228909,0.020905477339648343
215,-97.5,30.0,Hot-Humid,0.5451328754425049,Sub-Humid,0.684325509746661,0.03688582685418476,0.8154095715971499,0.010363081206160233,0.7679809027512638,0.03958047579823103,0.897605798261532,0.03550649352503648,0.6291644245074046,0.029830940963941916,11.145678698246474,0.4582386220955209,8.080494577745952,0.3231740373186005,0.608551383555523,0.02501971885468749
216,-97.25,30.0,Hot-Humid,0.5735547542572021,Sub-Humid,0.7148572711625301,0.03259803433664563,0.8313087488268176,0.011223497499952575,0.7907362955811995,0.039558132950024694,0.912920860754214,0.034875104996813365,0.6635629120792491,0.02927492216602347,10.388934232356611,0.46358919603626775,7.552043066400063,0.23650247448623685,0.5795705284784641,0.02586238677946643
217,-97.0,30.0,Hot-Humid,0.602003812789917,Sub-Humid,0.6944189581677641,0.03784220202296449,0.8373126534466392,0.009285970340647137,0.7715908474866613,0.038919189991131746,0.8852590274959539,0.04244479360057572,0.665079732257226,0.02397838667767897,9.26976781255182,0.337890017869939,6.3900245052018665,0.20398123374449428,0.5784156380178089,0.02108368561307989
218,-96.75,30.0,Hot-Humid,0.6131659746170044,Sub-Humid,0.6388876494818159,0.0336335772920863,0.8277035005302181,0.010389110049557507,0.7257703081637304,0.039065986694443784,0.8448532796317426,0.0360784443873708,0.6221823130095508,0.022347326186845512,9.736417695358858,0.2919999415383557,6.634794757606111,0.19102555463181708,0.6144477407876502,0.018427589078670453
219,-96.5,30.0,Hot-Humid,0.6516438722610474,Humid,0.5676258426815171,0.04073052275110534,0.8173808921170007,0.011356549076950977,0.691898037287685,0.042342102112037344,0.7607564022234216,0.03910043767215979,0.5288356780486281,0.044493442323479813,9.60166490652933,0.46203555593120327,6.740069370048057,0.36217422511749137,0.6857792101318548,0.03299994133141077
220,-96.25,30.0,Hot-Humid,0.6767526865005493,Humid,0.5996844551915237,0.02966454014716973,0.7937553571581656,0.007453900736947689,0.7148997283578646,0.03448323414133696,0.8124716896967252,0.0349090846702379,0.5451954474906695,0.02576978500273472,8.983953981268368,0.25493049001384577,6.22869572570333,0.19831410636167546,0.674174881614064,0.019130522405084137
221,-96.0,30.0,Hot-Humid,0.7529116868972778,Humid,0.5263515059932828,0.03242827452249868,0.794911898697446,0.015030657854072519,0.6607008763948363,0.030077663878822346,0.7431666250851976,0.0376047534967873,0.46864838930877983,0.055157906478305596,9.266180743526956,0.49138842570535374,6.437239215104084,0.3874391973600613,0.7281200963260951,0.038612433510759055
222,-95.0,30.0,Hot-Humid,0.9856599569320679,Humid,0.5311480407486256,0.061018190007074966,0.7528570523485476,0.019847714650926628,0.6399870298012782,0.05031476071662275,0.8353988233208772,0.05785550012390232,0.49484577377106254,0.0611064646690256,6.501702778382972,0.38999092967544047,4.550261809213886,0.2667756636175455,0.7097213430597904,0.04257113802720285
223,-94.5,30.0,Hot-Humid,1.0509397983551025,Humid,0.5430416908595199,0.08051792934261973,0.7279780465650632,0.01412090874264397,0.6464946198801106,0.07991568724343656,0.9182310759196295,0.0620535884785285,0.5012380327482944,0.05419639721952712,5.094463090266042,0.2709349632124771,3.654993319367299,0.20813592033865344,0.7054331832179676,0.037516517473490954
224,-94.25,30.0,Hot-Humid,1.0378822088241577,Humid,0.661137968723341,0.039762750560223756,0.7348738003837066,0.02323965420865025,0.8010868557308454,0.06924445276682896,1.0096778902840806,0.048379159341755684,0.5264015475609132,0.036912211076583275,4.789646408980621,0.18518064659424166,3.3238561929600756,0.15815904902220854,0.6877737850205163,0.02659118927482052
225,-104.5,30.25,Hot-Dry,0.1934349238872528,Arid,0.7384337331224619,0.012484177130304187,0.8610158121743614,0.011029891842348186,0.7801737448430084,0.016044618482983726,1.0166405698776007,0.020038387732767317,0.7323667997092531,0.017498317577515087,16.239970291190815,0.5346601365004681,12.189670011829998,0.3512072705425047,0.5171086282571735,0.017024499725810605
226,-104.25,30.25,Hot-Dry,0.21334756910800934,Semi-Arid,0.7356443093778723,0.01210285658999314,0.8453621570979477,0.013767618497880038,0.7877061934547577,0.013485446796228177,1.0139088484245624,0.025715072903083953,0.7083921002695147,0.02243168982748872,16.86645028862176,0.6543445345665113,12.789574152566798,0.6052459160351958,0.5396825016424601,0.020937321683458007
227,-104.0,30.25,Hot-Dry,0.1961239129304886,Arid,0.7473063374474396,0.009871448737898178,0.8252637039646421,0.009819866004600847,0.8222447395257456,0.02190415994369558,1.0296475705900832,0.024041154327141056,0.6753692220807469,0.021089036047943387,18.202482848496775,0.5930704904700701,13.936028528241588,0.6694126497261064,0.569522006149149,0.018556078219201216
228,-103.75,30.25,Hot-Dry,0.24041910469532013,Semi-Arid,0.7152545950497722,0.01751132278527258,0.8237234551112962,0.020525839041306518,0.7840539571673686,0.021157048985550268,1.0467523977214066,0.030377165829112665,0.6657032716691358,0.03514289896383885,18.65270102107663,0.9663216723157446,14.302237279845752,0.9718089226965013,0.577564283378932,0.02992129041010914
229,-103.5,30.25,Hot-Dry,0.2640794813632965,Semi-Arid,0.6984124547847763,0.029538138911035114,0.8089568291141329,0.019501366277025513,0.77264659119842,0.03546709618967826,1.0379606705436744,0.029883022902174285,0.643874207984749,0.028983757190422905,18.506549114308633,0.7532546751929122,13.9668471218,0.6209647686512789,0.5963677002403809,0.024273394005843756
230,-103.25,30.25,Hot-Dry,0.19708006083965302,Arid,0.7259439091018793,0.020783439489489863,0.8230224643665502,0.01394464195967824,0.7929763191120991,0.02825299135739712,0.99182318661572,0.022678226109091773,0.6735447239203249,0.02199307249725495,16.418220081982284,0.5621459838821317,12.148331440720831,0.5063812378033371,0.5710949089074354,0.01955380716391803
231,-103.0,30.25,Hot-Dry,0.20195867121219635,Semi-Arid,0.7610330510089129,0.01795875014826024,0.8265754153610754,0.013573944576332073,0.8406883079082315,0.02718786998701494,1.025641315258311,0.02526587215205183,0.6770589671119335,0.024025566147619238,15.90847447771564,0.6047640578998047,11.683918822603786,0.46402749182667236,0.5679507934499316,0.02159077081937244
232,-102.75,30.25,Hot-Dry,0.2207421064376831,Semi-Arid,0.7369340697549847,0.022894151994963807,0.84228056912349,0.004315936100361196,0.7911416279040371,0.03087107001970073,0.9947487444701875,0.020026951903557206,0.7043402891543374,0.0069768633316827965,15.492808923159677,0.18395941863941603,11.615667857646297,0.13683690913589971,0.5437153362820999,0.006455998887217328
233,-102.5,30.25,Hot-Dry,0.20909635722637177,Semi-Arid,0.7207128144211314,0.033006696792771816,0.829249235014494,0.007119679806689369,0.7802218828979682,0.039423745962155456,1.0084754369324724,0.008578377969086467,0.6836152036812413,0.01346204008981908,15.600098224884906,0.32941883068595035,11.472529478570387,0.1505006407779986,0.562380631385779,0.011875487405329848
234,-102.25,30.25,Hot-Dry,0.20496457815170288,Semi-Arid,0.6835771656020204,0.03367449652504354,0.8046763462400959,0.01828540339920065,0.7518712029041901,0.03341469625886365,1.0019441023614601,0.013548984199197261,0.6435903529721636,0.029379726354765528,16.300605691983066,0.661167452251914,12.275320078402093,0.48657066299074375,0.5966080581082347,0.02419896764734238
235,-102.0,30.25,Hot-Dry,0.20289762318134308,Semi-Arid,0.6968289995951127,0.032601122211428406,0.8012748176427238,0.020107413153347208,0.7750286018840378,0.038859402260638845,1.0323425430593196,0.010097332018257636,0.6343056156941153,0.03376296165338325,15.07965860759738,0.6933883597506527,12.019268744900742,0.5368059266531565,0.6042159165004988,0.027782875871370252
236,-101.75,30.25,Hot-Humid,0.21121039986610413,Semi-Arid,0.7015663482014489,0.027238962379107615,0.7732803047431398,0.015607043668909238,0.810849793211216,0.03504530689936609,1.0351203953083303,0.00906556621172218,0.589178680985466,0.0244877260499519,16.075689667498644,0.48143874412377613,12.413800366190841,0.48244485602957116,0.640723621113408,0.019188550031724712
237,-101.5,30.25,Hot-Humid,0.24642343819141388,Semi-Arid,0.7237783190626998,0.03071917703871032,0.8134545566703005,0.017159738144882242,0.8129138573760735,0.04007694020459449,1.0751347883550337,0.010439916220641386,0.632934003659437,0.031652025113525724,14.357194438200944,0.6261311705724036,11.335494879802761,0.5503748119076337,0.6053993241491489,0.02640205153763642
238,-101.25,30.25,Hot-Humid,0.2767195403575897,Semi-Arid,0.745568998986728,0.026049463523480372,0.8232569047382118,0.007942726444119563,0.8263349581591626,0.03985652047792507,1.049544967169523,0.011419192287513605,0.6637270504176771,0.018905372935971748,13.324249166850564,0.37443568026939944,10.409709789397876,0.39140848645840387,0.579707371506313,0.01629083344877576
239,-101.0,30.25,Hot-Humid,0.27081725001335144,Semi-Arid,0.7371966762207648,0.02701817492186416,0.8122978952646072,0.006743556278093972,0.8198290285350989,0.0351200259129979,1.0299025192077622,0.006949753368181798,0.654567109787712,0.01129059787643331,13.636299493642994,0.22319367829422695,10.86621495294133,0.2003630326300073,0.5876724200086844,0.009618794975495731
240,-100.75,30.25,Hot-Humid,0.2899297773838043,Semi-Arid,0.7410360340599103,0.0271937333157759,0.8246198073240505,0.010120375512899937,0.8142151041178737,0.02873190468233583,1.0395530518345049,0.009545683093244862,0.6726831077183513,0.018028670753639363,12.54957640620673,0.3466606028157112,9.954213557045033,0.28025247884770665,0.5719416122683745,0.015798909673659198
241,-100.5,30.25,Hot-Humid,0.31565961241722107,Semi-Arid,0.7398475536802804,0.027701556161377105,0.8062996675553945,0.009518718151366217,0.8359845382846892,0.03228388285083682,1.0517621402919433,0.01893088049215772,0.6360180990062589,0.01791988523872195,12.964548759695475,0.32086795805925233,10.396208424726554,0.24849682029255898,0.6031613583161091,0.014928028503761133
242,-100.25,30.25,Hot-Humid,0.327703595161438,Semi-Arid,0.7343650028495207,0.02960835819196102,0.7927471281007332,0.014870436972820587,0.8428699942994887,0.034315247571547615,1.0457747664076567,0.022511715840159555,0.6148462386065409,0.028242823216403836,12.66137416503307,0.46627919752899455,10.303817069035293,0.4274092461414959,0.6202711757507744,0.022842666389101367
243,-100.0,30.25,Hot-Humid,0.34124916791915894,Semi-Arid,0.7063181348696157,0.03228450779142904,0.7797428726567631,0.017752032751512353,0.8139074678003478,0.035902616817175374,1.0507823566253738,0.009815993443333702,0.5953407314566814,0.029576078034738145,12.834011294665734,0.46755904588095853,10.382502303333613,0.414855819614755,0.6357908945953853,0.02316265563677468
244,-99.75,30.25,Hot-Dry,0.374369353055954,Semi-Arid,0.7198667524291562,0.03415451853463286,0.7825370115769801,0.019769884874924273,0.8285076316519474,0.0372027374805003,1.033158180136492,0.015358183445090462,0.6043487447881887,0.03462554576698393,12.500433086345469,0.5567333249326293,10.012788529292886,0.5545374833263969,0.6285096761321034,0.027992012702949768
245,-99.5,30.25,Hot-Dry,0.44179654121398926,Semi-Arid,0.7381327925812261,0.031192567450798635,0.8082783210408773,0.01937463492176946,0.836529923724002,0.0366562632962831,1.0634416672178253,0.024317063939849417,0.6339266664517851,0.03994506906699143,11.506624797998807,0.6393684340278323,9.237700200721045,0.523421361484483,0.6042941016589112,0.033577750231076384
246,-99.25,30.25,Hot-Humid,0.42373931407928467,Semi-Arid,0.7352966985558861,0.030752665176428367,0.7927969802007129,0.014050984788917226,0.8382068407415655,0.03713142082661261,1.0165906158195996,0.014921231887006895,0.6240703763955414,0.022495942703111404,11.514080946587903,0.3476639796990131,9.256234454800246,0.37257966790043073,0.6129075214174872,0.01850654594769094
247,-99.0,30.25,Hot-Humid,0.4390282928943634,Semi-Arid,0.7700936341326222,0.034632506063862506,0.8370512012883617,0.0045590209918956485,0.8494841199608978,0.046057212492643676,0.9517153656133187,0.02655365294998954,0.6885802575692143,0.00733953831202349,10.420228876348187,0.12339542674170267,8.07864467677965,0.19586463859538464,0.558018646482236,0.006608007350855225
248,-98.75,30.25,Hot-Humid,0.4622369110584259,Semi-Arid,0.7887979194700514,0.032376649966501976,0.8356704344826825,0.009286174631754884,0.8818285031321038,0.06098474486215886,0.9811360027273883,0.03667526254602217,0.6878796901435018,0.01778909188921761,10.320373684932163,0.29202982432435715,8.114309354629487,0.1860030132626459,0.5584984413004868,0.01580351706998104
249,-98.5,30.25,Hot-Humid,0.4877418279647827,Semi-Arid,0.775403212865727,0.041986238884961245,0.8386276451518224,0.014304457574955961,0.8587453890065945,0.0615917550316474,0.9559185186720033,0.029966308745681902,0.6905548709344582,0.01784399130053234,10.29302912329042,0.29526404057488614,8.252192515814265,0.2465333520418472,0.5560949154176585,0.01595204188219362
250,-98.25,30.25,Hot-Humid,0.4981306493282318,Semi-Arid,0.7701995600230667,0.03495711002978018,0.8309509698588595,0.009836545674827295,0.8531300830197711,0.05492123640482291,0.9891744525492981,0.03587865647942141,0.6836286930914741,0.014926384686225992,10.376827539326602,0.2427442294133349,8.027032912833311,0.17274862688096446,0.5623458594348447,0.013154908067514235
251,-98.0,30.25,Hot-Humid,0.5242968797683716,Sub-Humid,0.7195778579044593,0.03568879469040957,0.8195912144200577,0.013363017766982803,0.7995843685714534,0.05517730448504488,0.9371961656332018,0.022884734126960005,0.6555074811005358,0.02141239408931422,10.901147515042034,0.33553897660911725,8.003314343287855,0.18667461495737195,0.5867125480044737,0.018059101360613942
252,-97.5,30.25,Hot-Humid,0.5400781035423279,Sub-Humid,0.6902714589784933,0.021054243652101578,0.8301883119520962,0.009078824300913712,0.7657194837698682,0.03608078782183212,0.8951932689905544,0.02426867517691509,0.6524171823842222,0.02029118082945482,10.812674567554158,0.3173274218991505,7.831534333509081,0.2060150669070952,0.589358538661293,0.017296333527768732
253,-97.25,30.25,Hot-Humid,0.5578497052192688,Sub-Humid,0.7097981688396973,0.038113060018508574,0.8386243300622265,0.010085420967423988,0.7910100117284206,0.0503006522632845,0.8870261836973052,0.03145800377081451,0.6587219083155558,0.027204351633963897,10.332825193774937,0.42024051701638804,7.6471121763196255,0.24091583981483067,0.5838039793087785,0.02374356301399072
254,-97.0,30.25,Hot-Humid,0.5788423418998718,Sub-Humid,0.7086122365648914,0.039432364796610116,0.8472731656571485,0.008105385204328632,0.7963807520046452,0.04539381384299376,0.8640135607573299,0.03826103713923404,0.6704223654458014,0.021535325990950236,9.023038678035515,0.29897575730390463,6.383204886659877,0.20847394623455343,0.5738365722122035,0.019013907605588687
255,-96.75,30.25,Hot-Humid,0.6120486855506897,Sub-Humid,0.6373436934413326,0.04604772286615899,0.8314098075984262,0.0101991247275569,0.7271122390626067,0.04985886195787637,0.8358661706453592,0.04052269920835781,0.6194019670104647,0.026086962495642275,9.809182871600951,0.341356928341154,6.7919102434145895,0.17120682200618192,0.6166276510309471,0.021458476576631542
256,-96.5,30.25,Hot-Humid,0.6483377814292908,Sub-Humid,0.5890070019543756,0.04002739622880461,0.8314223368508333,0.014074003275928578,0.6950341798054132,0.04587385581614366,0.7856551269554529,0.035155071270405944,0.5812882401454285,0.034534953150251874,9.244193514677253,0.3865113221872982,6.387081633785288,0.2304026196246088,0.6466273969929672,0.027036302277474413
257,-96.25,30.25,Hot-Humid,0.6941698789596558,Humid,0.5964384708096133,0.030524316486919542,0.8139581019993475,0.013989373425126265,0.7173031357905811,0.03458751240010232,0.7827439304076764,0.030910990633714133,0.5585475113566754,0.03883985384777562,9.231438606208854,0.40713299710523876,6.340004543976461,0.27247419225629455,0.6639025781647641,0.029280013437160253
258,-96.0,30.25,Hot-Humid,0.757291853427887,Humid,0.5625399483671736,0.029246163187833234,0.7967142379441489,0.012657472912640872,0.6869767152482598,0.034271390023101124,0.7743673833116408,0.031004431594727853,0.5205352046183778,0.029143801443394905,9.158021753995653,0.2786406436131818,6.267257331518886,0.19389791625156766,0.6921777034695681,0.021060098563896255
259,-95.75,30.25,Hot-Humid,0.8284333348274231,Humid,0.5808342160384026,0.04614244309802411,0.7987144922650542,0.0059462405541761,0.6887178480416758,0.04541821747848978,0.8091424848886906,0.04855012689580526,0.5464167337598603,0.04047413585454192,6.4777684058046345,0.2960765077737476,4.306519651954462,0.20954836303034063,0.6729238219796597,0.030757032781685675
260,-95.25,30.25,Hot-Humid,0.9215378165245056,Humid,0.625906571196777,0.03912729036051692,0.820958001175455,0.015652243331293593,0.688029694815143,0.04470241693103659,0.9250600291206583,0.07398059220394156,0.6352875141132751,0.021771183059670973,5.1111922008391275,0.15447941643954052,3.7199535962049692,0.041458173900672274,0.6036937599754758,0.018245891777243853
261,-95.0,30.25,Hot-Humid,0.9736868143081665,Humid,0.5986307451085349,0.05331913328486078,0.8215414234271332,0.024315245292245238,0.6576811834043557,0.05083087741474453,0.9025426002097948,0.05366603707076969,0.623171303839509,0.04799357470617775,5.010883115822708,0.32088520495637957,3.771071075405255,0.19503218959827842,0.612859276578941,0.03924607100761794
262,-94.25,30.25,Hot-Humid,1.0732848644256592,Humid,0.46814153461152036,0.07151311127121332,0.8206771029814247,0.02567083969852856,0.5536346385354017,0.06251376720483402,0.7742261762249872,0.034252736734072926,0.5082203991923085,0.0819416060132559,5.0664266900121,0.41755022313301676,3.6635681538425464,0.30017111326348017,0.6993724395335134,0.05763887174287787
263,-94.0,30.25,Hot-Humid,1.1075063943862915,Humid,0.621914917779008,0.07126311197341353,0.8093470457311799,0.03861041722349396,0.7010763861028059,0.06850604641966486,0.8839383687988052,0.06010222515964298,0.6097744740409204,0.06634352090178068,3.8509048283935754,0.3313640114720839,2.9036004786597536,0.2134434139741848,0.6228383851003488,0.053594216160294285
264,-104.75,30.5,Hot-Dry,0.15953762829303741,Arid,0.7379650028293872,0.023091848871093012,0.8571998054093637,0.007054088782777436,0.7814568951812413,0.027383444200403836,0.9902730050204275,0.01587597680013021,0.7271792036016048,0.011763099409478539,16.021986941003213,0.3494459312078689,11.699608609528603,0.17363927231778212,0.5222231444768379,0.011389895254064173
265,-104.5,30.5,Hot-Dry,0.16394782066345215,Arid,0.7752328278478672,0.028977800474350647,0.8552056211872483,0.012096443193850871,0.8309847741816767,0.034785362646225094,1.0028839251072226,0.026624706135018307,0.7276531784671592,0.01994890263396145,15.967348885878854,0.5933090160402829,11.872740373082342,0.4864861732579392,0.521580609448065,0.01938070498672453
266,-104.25,30.5,Hot-Dry,0.2412237972021103,Semi-Arid,0.7594437035183806,0.021821889390896042,0.8545414048883387,0.01764442192157705,0.8188797543511959,0.025897756482684536,1.0534499040366383,0.028351225994873722,0.715525807171383,0.029428609823272896,16.281035593735396,0.860775357075498,12.409406371346094,0.7087677880100419,0.5327658757636835,0.028167233853636515
267,-104.0,30.5,Hot-Dry,0.2399914711713791,Semi-Arid,0.7379635616550276,0.017422286654537326,0.8290121223748624,0.016346875623743748,0.8122820327253033,0.02972733345075924,1.0498302307141985,0.0358335508883232,0.672776004547657,0.030801907688098956,17.943041437424455,0.8566953605909221,13.323718188002118,0.8396624337191685,0.5715140655113322,0.027287093447536114
268,-103.75,30.5,Hot-Dry,0.22275468707084656,Semi-Arid,0.7336659540261783,0.0237973670988498,0.8295492663663275,0.028084887382041356,0.7984330969194404,0.017474095202332247,1.0143987940927008,0.027874665524118818,0.6839380262725469,0.04458719257018541,18.202759101849164,1.2831492183172897,13.499878389913965,1.09222463558116,0.5610797693951252,0.03955164508219321
269,-103.5,30.5,Hot-Dry,0.20974422991275787,Semi-Arid,0.7320949690870693,0.032247130418143255,0.8203012969858559,0.029831659311415407,0.803706719931142,0.025700200835152162,1.0076609095399973,0.0245789480118103,0.6704067119925117,0.04952661450618057,18.598778803115216,1.391731771357423,13.798232572194001,1.2005898855355857,0.5728206088945414,0.042863708909388586
270,-103.25,30.5,Hot-Dry,0.2053770273923874,Semi-Arid,0.7584435026327289,0.03312447969731427,0.82156013015027,0.02055492205203159,0.8397218767892468,0.03664463838305812,1.0008849835114573,0.018855096874618647,0.6727233817881639,0.03425607023120526,16.454002760297033,0.8620844689709225,12.29731332905518,0.6685167959848443,0.571453821608096,0.029940523987947068
271,-103.0,30.5,Hot-Dry,0.2093029022216797,Semi-Arid,0.7522218028057791,0.0340809376470577,0.8304128174621284,0.013710301491742776,0.8227327851621273,0.042625912742889294,1.0106584481115046,0.02297308633373098,0.6859451015288951,0.021121942621930196,15.64569519316775,0.5313337473954659,11.843387927207939,0.17494470495150033,0.5601476627694304,0.019022827242861157
272,-102.75,30.5,Hot-Dry,0.2065100073814392,Semi-Arid,0.7215858456413166,0.022769569670751284,0.8005147217573818,0.005003016358033153,0.808376447673808,0.040346294711313166,1.0004582330630047,0.010767371707003011,0.6387140854216211,0.010577930260224598,16.463995966329144,0.23903113734416076,12.058363317412015,0.1961255865980317,0.6010199681406686,0.008725857734964364
273,-102.5,30.5,Hot-Dry,0.20451800525188446,Semi-Arid,0.7205266882191416,0.0259713651531566,0.8004307006435921,0.00850379930420936,0.806617963038579,0.0389348118360259,1.0071320168987221,0.011122666825321828,0.638644551470606,0.01425528386738743,15.835798016885713,0.30974337545843317,11.985226856024124,0.1736198931384478,0.6010365080390441,0.01175609063561262
274,-102.25,30.5,Hot-Dry,0.20514822006225586,Semi-Arid,0.7374821781438117,0.03039479197957333,0.804729024249607,0.012908181578876111,0.8329543539667782,0.04595821197313909,1.0410863175666902,0.011649648910577745,0.6356968524250967,0.025370563609796417,15.666094897524227,0.5395666281771951,12.314475183750366,0.3665290919132047,0.603289116164641,0.02077829071981419
275,-102.0,30.5,Hot-Dry,0.20487454533576965,Semi-Arid,0.7305320828354089,0.035695967126711456,0.8109758208717384,0.012366075280742156,0.8149418531692036,0.052395806203791806,1.0334305609363663,0.016563037453720973,0.6483670848540036,0.02192989330008553,14.582955545059438,0.4546470059831822,11.434661679433166,0.4313472611472534,0.5927560234299516,0.018480118827642354
276,-101.75,30.5,Hot-Dry,0.21458302438259125,Semi-Arid,0.7333730389380427,0.028248341220744193,0.7905039957573192,0.012824448493515783,0.8450828343873731,0.04689992703531626,1.041018397979532,0.018256598620154506,0.6095710950343971,0.022213552097325846,14.850285368196046,0.4269001325257088,11.55215430177648,0.36746308135389244,0.6246366619829503,0.017956387178391996
277,-101.5,30.5,Hot-Dry,0.24029485881328583,Semi-Arid,0.7522304327371645,0.03426657109213125,0.8246377778088834,0.011129359128471563,0.8367956382251535,0.049409685638804525,1.0510409362418731,0.018848845950254395,0.6633483519834222,0.018112765595340176,13.15098901646898,0.3540858343035041,10.644274853654851,0.346094771364065,0.5800487222538633,0.015617611382591436
278,-101.25,30.5,Hot-Dry,0.2759190499782562,Semi-Arid,0.7440185101861138,0.032815288198402154,0.8290435306367285,0.005841000356109965,0.8159626821235847,0.04348274477868876,1.0409045884311054,0.009941729793849635,0.6774871300627009,0.012950597994154999,13.172705779020674,0.26539597426587497,10.450979318161396,0.22431526497225882,0.5678099795036697,0.011439903481960747
279,-101.0,30.5,Hot-Dry,0.2800200581550598,Semi-Arid,0.7475149894434,0.03262435067422139,0.8254346405708877,0.0051516940203814145,0.8205043506682325,0.04183365896214726,1.0209624584448445,0.007722182078714634,0.6779249636176016,0.008368460157906876,13.10325722048485,0.16974619946996386,10.266651573146369,0.219475980313952,0.5674784594087439,0.007351402032703143
280,-100.75,30.5,Hot-Dry,0.2931312024593353,Semi-Arid,0.7449513552686653,0.03114956481269579,0.8339567601347395,0.010231309110920161,0.8126213267283756,0.03503123172145792,1.0446665077142847,0.010267203288474785,0.6852019395362863,0.020105881020805245,11.976522961636288,0.37923481497871786,9.726514493381737,0.3010428279128662,0.5608437873469405,0.017759034955953615
281,-100.5,30.5,Hot-Dry,0.3074508607387543,Semi-Arid,0.7437140540292898,0.027287055172745992,0.8156136489720647,0.01514054154853234,0.828311817014962,0.02740336317887574,1.043360988391037,0.013165989339806675,0.655928721398489,0.027054221719228184,12.336900370061713,0.4796151888204432,9.821265777015123,0.3599466506595632,0.5862215988654765,0.022790228857873254
282,-100.25,30.5,Hot-Dry,0.32540300488471985,Semi-Arid,0.7113790783207816,0.028725816242585484,0.7823961914816384,0.014708886675501208,0.8261109662367911,0.03324764127524685,1.0720656803270772,0.012374016229624574,0.5869651504430502,0.0300856200226135,12.905280722662976,0.46747317157802554,10.44962314393289,0.4106932901661775,0.6423408271783103,0.02326777000579151
283,-100.0,30.5,Hot-Dry,0.3453170955181122,Semi-Arid,0.7310026624214547,0.03525834407977985,0.809750693685482,0.016555282125130518,0.8226472294320869,0.038120788026378145,1.0637618079374935,0.017954765266521525,0.6369279622825343,0.03420917408338064,11.984064799483631,0.5725202773820676,9.64542927141681,0.4880810430352434,0.6020052602259781,0.028759876080183686
284,-99.75,30.5,Hot-Dry,0.32994216680526733,Semi-Arid,0.7615977619014925,0.034119407644969464,0.8221007575477932,0.013143814958851774,0.85544125697478,0.0423248034495795,1.0584248857374718,0.01720382596621221,0.6584416035600155,0.02689847800863793,11.482449042943484,0.4502120106702573,9.265869689020056,0.41614767187839397,0.5840709237677382,0.022900667268809443
285,-99.5,30.5,Hot-Dry,0.40312638878822327,Semi-Arid,0.7480343404753073,0.03548891638463438,0.8101961913949637,0.01937097978712451,0.8519327846254174,0.04018138247027996,1.068526795664202,0.017928109589602056,0.6347964423757662,0.029893395752160563,11.619229395788343,0.4799693122437785,9.23099836621687,0.43541590236519945,0.6039086854675448,0.024946373511393737
286,-99.25,30.5,Hot-Humid,0.41887781023979187,Semi-Arid,0.7516870217438237,0.03385020832590144,0.810436522328002,0.015983002810804357,0.8587278714484092,0.04394110542097727,1.0674576710850534,0.021918000394231713,0.6345955360074697,0.032598681637504914,11.581497934213003,0.5225284791884885,9.24972403958747,0.4743038832610518,0.6039953479056056,0.027250772945847317
287,-99.0,30.5,Hot-Humid,0.43180859088897705,Semi-Arid,0.7837365753806163,0.032980815687756695,0.8315683413225576,0.008585269618653024,0.8741353808186284,0.053171538816812164,0.9987900331790517,0.03719426449359523,0.6836520410874576,0.01449132055809353,10.402606471804475,0.2386016219100374,8.149515541961335,0.21699643794769788,0.5623298606621032,0.012897999858601657
288,-98.75,30.5,Hot-Humid,0.4525102376937866,Semi-Arid,0.8057623561814212,0.034523466570847906,0.8553090192424622,0.007357552737541135,0.8789487556999134,0.052607431022521356,0.9848774944355638,0.027541875681948835,0.7258625406126668,0.01018256687806374,9.665747572318478,0.17957093866035967,7.577648490934505,0.204641130056842,0.5235091084298894,0.009725789060251067
289,-98.5,30.5,Hot-Humid,0.4693162441253662,Semi-Arid,0.7966710460846083,0.03467162801785979,0.8538937646596872,0.008398677035931218,0.8652937868329861,0.05219708818219152,0.9954317850413268,0.026330529815868135,0.7247228188929133,0.01351568441798769,9.728088229632693,0.23850834806466636,7.690405323252382,0.20828703384191385,0.5245425319132145,0.012860468554878858
290,-98.25,30.5,Hot-Humid,0.4775470793247223,Semi-Arid,0.8044106485723834,0.029720008874796942,0.847299625764973,0.007300066918240161,0.8863024357388616,0.05062906938150498,0.9927195274679514,0.026716028157473995,0.712483510034172,0.012190659940157264,9.751897988224254,0.2096050132407363,7.454610911064586,0.19783708491185154,0.5361065820107482,0.011522949415231801
291,-98.0,30.5,Hot-Humid,0.508018434047699,Sub-Humid,0.7583733575073494,0.03504749180064372,0.835510573724795,0.009667927307213001,0.8321923781557168,0.05095265239957892,0.9623959823268065,0.027022004296552448,0.6897160604150547,0.018272402046726765,10.347291714191302,0.30504637846264143,7.6145285090687675,0.19487241362645957,0.5568378138986534,0.0164160210432527
292,-97.25,30.5,Hot-Humid,0.5506789088249207,Sub-Humid,0.7040477877592979,0.03438616787864804,0.8253885155486055,0.007378093482695851,0.7843298385438633,0.04322497995754446,0.9032861086370099,0.028262271919578363,0.6502729402993712,0.020573463146420595,10.683998259080825,0.3193765147712461,7.772615988906914,0.1763002275143989,0.5911659903902086,0.017671711384045094
293,-97.0,30.5,Hot-Humid,0.5800345540046692,Sub-Humid,0.6929626363853614,0.0371972975698456,0.8407019920456046,0.007613259620733381,0.77562731453454,0.04367904522038673,0.8674167553245671,0.02522209230038132,0.6636153312911028,0.015221645891337997,9.431577832068006,0.21511987404528732,6.682825428663614,0.15840753910144012,0.5798661311097882,0.013225860116781127
294,-96.75,30.5,Hot-Humid,0.6129680275917053,Sub-Humid,0.6344715963996209,0.039709546675025804,0.836956054497934,0.01011747690929875,0.7140485325231599,0.04362373993469322,0.8449619271140374,0.0331625378853624,0.6349217904684485,0.022073393517117366,9.937629384697258,0.3056569840904875,6.763482578949798,0.17733743693050052,0.6039885095848262,0.018577197751939542
295,-96.5,30.5,Hot-Humid,0.645599365234375,Sub-Humid,0.6145157506837883,0.03780558399251399,0.8405333430768038,0.011873659204276457,0.7110726534422968,0.041437606554517954,0.8035200492349196,0.030456355823093736,0.6154352182870468,0.02614354823777789,9.079843850168535,0.31315733529212,6.12027948819556,0.19210112821265618,0.6198380227405852,0.021377771106776796
296,-96.25,30.5,Hot-Humid,0.6690106987953186,Humid,0.6147105579034635,0.06247201602477505,0.8330450585550542,0.011418628601200284,0.734319148016628,0.0696415371412154,0.7805689518148747,0.0349220723411966,0.5878428255061818,0.03163141432453143,9.14757541677298,0.352374507490817,6.163362286486063,0.29659607098355845,0.641613967454773,0.024715664586547146
297,-96.0,30.5,Hot-Humid,0.7441120743751526,Humid,0.6127269929329926,0.038966395365076976,0.8226995740887117,0.00935678671655141,0.7262662323010793,0.044546209398514676,0.7934980568885164,0.02571199811330448,0.5842729983382249,0.030935296615051452,8.838641776989741,0.32719872260298233,5.904732639460761,0.21421078467607474,0.6444158020628953,0.02385570459582168
298,-95.75,30.5,Hot-Humid,0.7876725196838379,Humid,0.5767289642096456,0.04144188273539187,0.8295867256989112,0.00956816875227726,0.6888451955910105,0.04612588612806897,0.7724906223858422,0.03772403756342463,0.5653157990122599,0.041332552410598696,6.751591100514171,0.33049990318549577,4.504679641908468,0.2608543753296634,0.6586748127989115,0.032243060727446364
299,-95.5,30.5,Hot-Humid,0.8034383654594421,Humid,0.5536496788205745,0.041561942087644535,0.8262057728121576,0.008024929833636838,0.659106560554629,0.0335948226588137,0.7734959587440399,0.049234956946363664,0.5528597290937887,0.05082543131860027,6.546460835433381,0.37704580548840894,4.454549436068065,0.29543419204462124,0.6677999694994432,0.0384621834201172
300,-95.25,30.5,Hot-Humid,0.8637363314628601,Humid,0.563334960130964,0.052791513980374925,0.8361639839597625,0.012583884559027769,0.6333140524722003,0.052034872546055794,0.8325600279761687,0.039939923880701056,0.6047735357773998,0.041588189300225405,5.523312786930241,0.2876152173468859,3.892636851818402,0.1864265493489861,0.627989622128384,0.03270127523602172
301,-94.75,30.5,Hot-Humid,0.9614144563674927,Humid,0.5241845633150644,0.06689602398792573,0.8334569542928241,0.01237053789116306,0.6154267703264258,0.059181919085169704,0.7760999750175189,0.040180719294092566,0.5529376149488303,0.0697168350714651,5.459845446921616,0.41512858067127106,3.9448892548034005,0.30215353902715286,0.6670864422818572,0.05072060201368023
302,-94.5,30.5,Hot-Humid,1.0398081541061401,Humid,0.5229391064278672,0.08713995551581086,0.841521957678302,0.018767184748863994,0.6065152590040703,0.07536098386551739,0.7834164841663764,0.0497827145956934,0.5643298779524264,0.08614434594072089,5.008986541468879,0.49594043728872195,3.71322352677588,0.3615940304865068,0.6574800429740734,0.06509718828782274
303,-94.25,30.5,Hot-Humid,1.0643000602722168,Humid,0.5429988485706245,0.07089178278687429,0.8376729822081742,0.01869621195762308,0.6318089122679216,0.06034684965040232,0.7861008271933421,0.050124119690657276,0.5762708499914114,0.06622767179078126,4.805844409836967,0.376388397215284,3.5533578327440742,0.25814584293382664,0.6493535485591437,0.050856648806182334
304,-94.0,30.5,Hot-Humid,1.1089333295822144,Humid,0.6322399858932548,0.08833487742981103,0.8359274017271462,0.03131396000231384,0.7097112217261045,0.07542432385052338,0.85107510983556,0.05903747803842988,0.6386624598284365,0.08179225061816323,3.784517917566204,0.4251592236123361,2.796566415262403,0.26560806657525554,0.5981017906669466,0.06719177937586251
305,-93.75,30.5,Hot-Humid,1.1407315731048584,Humid,0.5952263591517261,0.08759057976137126,0.8125038821279906,0.04252434483278409,0.6809090568866798,0.06466838882238032,0.8392412246436656,0.054427976201937185,0.5959018786542847,0.097861046981267,4.023017369195823,0.4835668740401111,2.9390441023597527,0.29640211914813785,0.6320448929800004,0.07597182539941412
306,-105.0,30.75,Hot-Dry,0.16090674698352814,Arid,0.7214701278009995,0.020304003873387745,0.8483942016131186,0.007551191825964115,0.7691907373226455,0.027325616878463316,1.019269428887932,0.028221870183961852,0.709394763997747,0.010845083352911575,18.581029227920077,0.3485322298735804,13.817319989940557,0.22785557250880162,0.5390022834524226,0.010110293969956377
307,-104.75,30.75,Hot-Dry,0.15608921647071838,Arid,0.7123760186968615,0.02771796197935109,0.8621051755291003,0.011277749636626585,0.7507543394771937,0.029732008215855563,0.968287028825259,0.02205517365970052,0.7252473645004429,0.020698751187842066,18.059985383557425,0.6901353293693636,13.062174135328267,0.47685065691023487,0.5238626147958148,0.02001862629055965
308,-104.5,30.75,Hot-Dry,0.16141174733638763,Arid,0.7221777471215483,0.024341361962920777,0.8381857860024462,0.012218039713341686,0.7760313222574513,0.028090946466793807,0.9938473846746371,0.025613403845035698,0.6960593688308304,0.019260081683209414,19.012112068756984,0.6109612494787606,13.683561289123443,0.5464520505162374,0.5510805197349253,0.017709176217930164
309,-104.25,30.75,Hot-Dry,0.24092654883861542,Semi-Arid,0.6856587656474779,0.030117876966191767,0.8027499685989283,0.023910867106288584,0.7614230994620743,0.034348666822396554,1.0354023186581185,0.03631452735561354,0.6339315591274328,0.03839625841179261,20.553126179312393,1.107205985833596,14.641371283844645,0.9368913847241221,0.6043347894311102,0.032555782048334515
310,-104.0,30.75,Hot-Dry,0.2748596668243408,Semi-Arid,0.6492060131230026,0.04494850026698471,0.7666819927240023,0.038129528115891584,0.7420034453293576,0.046591078179456104,1.0051385079239816,0.030559875265595754,0.582920906195,0.0573118930931632,22.271440850726833,1.5643157516498973,16.293584376581293,1.0219098825088833,0.6445459242234617,0.04527203016106599
311,-103.75,30.75,Hot-Dry,0.21758854389190674,Semi-Arid,0.715601786470667,0.03099963566370677,0.7901366590572095,0.030192860317860927,0.8119810087285924,0.03246904856836859,1.012451628113619,0.02573036754857081,0.6203762366022739,0.0476447279554769,20.71177857697532,1.3185678596832433,14.89312819998192,0.9914495125754379,0.6151397138343951,0.03916145843594818
312,-103.5,30.75,Hot-Dry,0.19643628597259521,Arid,0.7017924482763925,0.023750990360574868,0.7851189120918957,0.029480249597221918,0.7961302051965199,0.02842995549543385,0.9952939371469881,0.018649106864840646,0.6140482676790009,0.04554204964887385,21.0920180405777,1.2667736242944545,15.339619324128858,0.9365501962427457,0.620355700097783,0.037258181604659185
313,-103.25,30.75,Hot-Dry,0.19175711274147034,Arid,0.6732060379172388,0.03545161799583898,0.8051227464452959,0.020844483195157353,0.7397414598865291,0.03938557752182411,0.9818156423633952,0.014528074277556861,0.6408271396823773,0.03203156731996996,18.8688594772221,0.8421078686389962,13.651698052669303,0.6368778728511956,0.5988334096347057,0.026725638974950172
314,-103.0,30.75,Hot-Dry,0.18979468941688538,Arid,0.6724150906720832,0.03468842694442046,0.8260554816421252,0.018868152472935648,0.7234603436295064,0.036808239636432705,1.0052545862279634,0.013570729323219653,0.6702606066123771,0.028908137816558013,17.581267559933746,0.7752831573309198,12.770987819678902,0.5973772045838446,0.5737832630004828,0.025302185877451495
315,-102.75,30.75,Hot-Dry,0.17751185595989227,Arid,0.7038996464183704,0.03800792640237523,0.8402056060366885,0.006689909316610923,0.7519758433855139,0.04497571891832901,1.0014229173574989,0.012489491750534052,0.6960748892327321,0.014239959441538674,15.792466148166099,0.369179587685447,11.465670437040417,0.25922830534446706,0.5511735636575291,0.012884753214926764
316,-102.5,30.75,Hot-Dry,0.18665741384029388,Arid,0.703455872754874,0.040824690362800196,0.7993096289561891,0.009267417152238359,0.7851960888735278,0.055983087284184656,1.007899678096442,0.016431700808012328,0.635168140725531,0.014678191044658999,16.741467054447128,0.3341840522954695,12.34314259039726,0.3369495082155016,0.6039168814466052,0.012055060051494003
317,-102.25,30.75,Hot-Dry,0.19765517115592957,Arid,0.7174928589334117,0.03492408467557702,0.7927226514265389,0.011013425096195508,0.8122787915576026,0.050159212174833566,1.0149370178514292,0.017676912706517275,0.6238656387567281,0.017442126328139622,16.623522068343355,0.3876440080187382,12.435766233706003,0.29282106203984987,0.6131645832176966,0.014298388490504412
318,-102.0,30.75,Hot-Dry,0.19741207361221313,Arid,0.7202200722840397,0.04349879251244762,0.7871533041152644,0.026060529472819373,0.8229479587361503,0.04592903838313578,1.0252457291966075,0.018409698354556737,0.6133353598966264,0.04284467175442653,15.52727426934164,0.8726751291986478,11.88991096773718,0.8106055261794454,0.6210394533373496,0.03490410974762854
319,-101.75,30.75,Hot-Dry,0.20180900394916534,Semi-Arid,0.7273541213576994,0.036299436957077824,0.7775611927842476,0.0205397847177286,0.8473579637654123,0.044069456398028485,1.0227274610704087,0.015950821940550246,0.5953635554735157,0.030988082875111938,15.43380770052148,0.593752849612229,11.805104559076778,0.48669786995674397,0.635734156439349,0.024457280685759454
320,-101.5,30.75,Hot-Dry,0.23897139728069305,Semi-Arid,0.7539763047172652,0.02926924815716974,0.8197928009241101,0.00981979590047402,0.8476200233821315,0.04350570121672525,1.0614936359694447,0.01350514111504456,0.6511550833089139,0.01755540514981719,13.633152848088958,0.34289205744484536,10.752022557974698,0.32689493604841113,0.5904815537978896,0.014851402101999395
321,-101.25,30.75,Hot-Dry,0.2506006062030792,Semi-Arid,0.7119592333080753,0.031173625748329818,0.811572033693038,0.00992201525524252,0.7903074128216369,0.036897104499583736,1.0526906564996024,0.02014510418421866,0.6440354676617395,0.021472597365822806,14.193345083424578,0.42205085952411453,10.98364198311037,0.3178425513318775,0.5964167248870798,0.01773494478529334
322,-101.0,30.75,Hot-Dry,0.27788612246513367,Semi-Arid,0.7009377036884404,0.03174275009309939,0.802574493961893,0.008726399131832287,0.7794593267142338,0.03621734355771279,1.0364473078207834,0.015436837186110311,0.6363648177570324,0.01668046822657849,14.285032805548056,0.3249882975715435,10.863287446469393,0.2508244831864244,0.6028969048613044,0.013716065016380766
323,-100.75,30.75,Hot-Dry,0.3030799329280853,Semi-Arid,0.7375505281157156,0.03353488198399197,0.8355306711944831,0.009962567367863533,0.8038897449452937,0.03717585314069535,1.054666594427386,0.010984630979136148,0.6835067484918966,0.021238333064803824,12.400676890361357,0.41240636671491765,9.89056972001237,0.33905862939986353,0.5623286074317739,0.01870122896848086
324,-100.5,30.75,Hot-Dry,0.31353506445884705,Semi-Arid,0.7323215954110391,0.03273698514539757,0.8298338790279708,0.012407516237979636,0.8094725407072133,0.0372662114657827,1.0769613564309508,0.010877212678875998,0.6629095448776912,0.021842255603607263,12.606263003175346,0.4078666229633885,10.117235407613995,0.29955912409397534,0.580351960767438,0.018776872599657282
325,-100.25,30.75,Hot-Dry,0.33280083537101746,Semi-Arid,0.7155924507472412,0.031130356479430646,0.8119974731303501,0.01652631779575811,0.8003234642797505,0.034569796792227804,1.0718876304462779,0.011449939174598755,0.6376736450496391,0.02859309459514283,12.280615195724522,0.4850915932264453,9.97727782114232,0.31546668591499205,0.6015601793926546,0.023761984329967702
326,-100.0,30.75,Hot-Dry,0.35114356875419617,Semi-Arid,0.7318837549781592,0.03752492631603427,0.8395355983923111,0.014218856182933524,0.7920373158785246,0.04136562314531481,1.0469565568547579,0.018707084192007898,0.6916905849650388,0.028603513053054464,11.309871666897424,0.5224682656261932,9.171489909023595,0.4309971280845928,0.5547827990226513,0.0256286203187418
327,-99.75,30.75,Hot-Dry,0.3580930531024933,Semi-Arid,0.7559232975860144,0.031144050182619187,0.832043456374214,0.014990408183350627,0.8396712697248259,0.03612259995006001,1.0692936813978202,0.022622939656192765,0.669486627841796,0.03712856874667612,11.405280362408746,0.6305360378988032,9.165925405143716,0.46035832492747714,0.5742013607985829,0.03174447619782801
328,-99.5,30.75,Hot-Dry,0.3833877444267273,Semi-Arid,0.7778753033567534,0.036090922859348284,0.8547991895774585,0.017544180780423645,0.8436314201885988,0.041666304988203375,1.0528165727368815,0.02297614995373551,0.7170676061711221,0.03854804376509985,10.351574601883033,0.694556153085621,8.451980679781698,0.5950449006530688,0.530958614010841,0.0356255532687712
329,-99.25,30.75,Hot-Dry,0.3915579617023468,Semi-Arid,0.7617200416268762,0.03212054579552918,0.8430436502916464,0.02262719190536541,0.8317043154091188,0.03971203820324958,1.047923413937736,0.02907117837104541,0.6974859523262756,0.04903366718263092,10.52603125540886,0.84512499911158,8.48504459413944,0.636333383571695,0.5486000067074147,0.04404657072844764
330,-99.0,30.75,Hot-Dry,0.39646369218826294,Semi-Arid,0.776372724415493,0.036905198245915274,0.8418017377703503,0.021230575925045184,0.8520046526738195,0.054451258102763855,1.027713480203935,0.02891500115094382,0.7010447493652208,0.03914022855114493,9.88351841924981,0.6552717006426497,7.832887190816938,0.5226793278601508,0.545809179719737,0.03618684098617471
331,-98.75,30.75,Hot-Humid,0.40420010685920715,Semi-Arid,0.7646096336912749,0.040188956407618825,0.8502605272396518,0.01230205000788649,0.8237119078230858,0.054183459016627224,1.0010036381231582,0.030219773264674375,0.7175275671623199,0.01805213293448256,9.685399087873956,0.30727812123744663,7.666119393958732,0.3197404383512427,0.531267504622819,0.0168549462148019
332,-98.5,30.75,Hot-Humid,0.428935706615448,Semi-Arid,0.8027228604192587,0.03151747456799096,0.8556601749874883,0.011325900970152222,0.8805664542546637,0.059360054956998906,1.0309534704549619,0.03031012146741335,0.7229848015431958,0.022725986392421103,9.36219897038347,0.38852935928147997,7.405580951716149,0.32119861870446176,0.5259601275558555,0.021827238666186122
333,-98.25,30.75,Hot-Humid,0.4871995449066162,Semi-Arid,0.7829703705632521,0.036381562909017576,0.8447932583419417,0.008977597960030153,0.8642658494763754,0.061631018680524514,1.0431872067776218,0.029144975177875468,0.7024848727002306,0.01860822095019519,9.726276437541296,0.30844358766731694,7.467943769675311,0.31216905571283343,0.5452301867653065,0.017290558826942505
334,-98.0,30.75,Hot-Humid,0.4967447817325592,Semi-Arid,0.7883475806918376,0.03848307795445013,0.8436896404127738,0.008868052081673416,0.868858327588625,0.06367773060758473,1.0087632960797077,0.03476430885821503,0.7044887622273752,0.019881160571625457,9.583509139127306,0.32415985867738817,7.374971226158706,0.3088356260887952,0.5433608435000096,0.01837904797530445
335,-97.75,30.75,Hot-Humid,0.5154137015342712,Sub-Humid,0.7319381057603929,0.041629575916768975,0.8411592708188363,0.011129433290209947,0.7998253634772684,0.05694416095403242,0.9322038096509979,0.028587786613972013,0.6879048367477258,0.014521669102609675,9.924607926047859,0.23015738891411303,7.348664511264202,0.20036560732018752,0.5585346403366492,0.012952740843351164
336,-97.5,30.75,Hot-Humid,0.5231272578239441,Sub-Humid,0.7563239178858511,0.03669067316732203,0.8393249444946622,0.009414717811285984,0.8253288633915259,0.047071726530016386,0.9581646748001464,0.02585575497290558,0.6960582612837225,0.019246118761787206,10.028576183753202,0.31859892956790054,7.525500979401627,0.24040207302912975,0.5510866789841163,0.017507532755039565
337,-97.25,30.75,Hot-Humid,0.5498353242874146,Sub-Humid,0.7168663140860103,0.03824429647525935,0.840183795823853,0.011844653536961468,0.7835017241272293,0.04552753923611842,0.9182037988718413,0.024005256204470863,0.6808573271266296,0.021583648943323226,10.280994022344002,0.3534057878770932,7.753400906644387,0.31979140294654346,0.5646603173586515,0.01941001268022977
338,-97.0,30.75,Hot-Humid,0.5636746287345886,Sub-Humid,0.7087839909164735,0.03740037294383849,0.841471568935875,0.006518019679643119,0.7832052443558317,0.043968610974590885,0.8924204748647622,0.028298229616729065,0.6780186474193686,0.012305634758998879,9.324811181465924,0.17938754723613629,6.663026171435121,0.1099699734518401,0.5673500257875,0.010914486907002236
339,-96.75,30.75,Hot-Humid,0.6034030914306641,Sub-Humid,0.6829421840576144,0.030808643832212053,0.8257051060302191,0.0073908396986335665,0.7680337170257521,0.0414005789959715,0.8761488169088798,0.020733688225972418,0.6460178546251071,0.005100505265984207,9.748067108136636,0.07036452619451128,6.9829978116924,0.08591657226415654,0.594951587022042,0.0042945422990097295
340,-96.5,30.75,Hot-Humid,0.6340082287788391,Sub-Humid,0.6409337058318301,0.03609323605273554,0.8331258291973376,0.013480154270313106,0.7454920808193748,0.04882354933270599,0.8138263409527425,0.028207202227921252,0.6225438006396964,0.012550618059821127,9.884976876717845,0.16466623759252316,6.798247592803304,0.2063277205669814,0.614306457463257,0.010233259454305664
341,-96.25,30.75,Hot-Humid,0.6725483536720276,Humid,0.6147049006784765,0.041911519202751144,0.8455152008709856,0.01329939260496613,0.7202536499200987,0.04765869274815732,0.7882098546204899,0.033918188692731686,0.6191507052669925,0.028008712827319295,9.762775206146461,0.3597560720576578,6.567254833203776,0.2210146056475437,0.6167949559391067,0.022728755495048925
342,-96.0,30.75,Hot-Humid,0.7651839256286621,Humid,0.612489270303929,0.04547596742708987,0.8414254068884537,0.00975926828347293,0.7261851134045855,0.05414858260256455,0.7794492348018336,0.028152107755011535,0.6108751552945431,0.02799745746875483,9.656461720823586,0.34662422458903824,6.312790229785084,0.2569420801834835,0.6234774657465982,0.022380080754332603
343,-95.75,30.75,Hot-Humid,0.7734355926513672,Humid,0.5867484401648106,0.05222554953724105,0.8528694761571067,0.010636354164905293,0.6851718356347479,0.05689500139293965,0.7791393360133594,0.030313415647060114,0.6150810366644504,0.0421997248536255,7.6476761288085955,0.4175101517687652,5.0875706720037135,0.24930477253588998,0.6196800587799232,0.033830239543576
344,-95.5,30.75,Hot-Humid,0.797721803188324,Humid,0.6131289434495518,0.0601492456484625,0.8111475857349448,0.014814657975563503,0.7120810931211471,0.06877769298327686,0.8297753610811025,0.03648158228087375,0.5944593051521952,0.029212072838207686,7.349744595310241,0.26152480546549545,4.738371956936306,0.21298465842611944,0.636498494809872,0.02264842578889724
345,-95.25,30.75,Hot-Humid,0.8423699140548706,Humid,0.6504374023210969,0.040542091312170715,0.8108633985451114,0.014010548965287676,0.7454239957234918,0.05364617369422452,0.8594686942781502,0.029977675688258987,0.6165730120013541,0.0253935115189168,4.872907783448565,0.16090909649378674,3.1803692090597435,0.060044860622843255,0.6189449161890097,0.02043828278090523
346,-95.0,30.75,Hot-Humid,0.8802886605262756,Humid,0.6018409078536208,0.055562029163778996,0.8297404311394823,0.015175018954631594,0.6872532808509437,0.052800830847367995,0.8252185509271147,0.0393449601096489,0.6195618967068751,0.05109419198026424,4.822771622781625,0.3187028817848392,3.1655896222558773,0.20250729081987093,0.6157220524738577,0.040688717577863166
347,-94.75,30.75,Hot-Humid,0.9515002369880676,Humid,0.5675773099069188,0.06910261888930314,0.8468703645883903,0.018339550376124104,0.6523223097250181,0.053314185255921534,0.795084630327801,0.04934264138515914,0.6097331327471966,0.0737296791266623,5.4654340776552655,0.5073129742670787,3.703980202351187,0.33584563778231524,0.6225714974837993,0.057788383062505715
348,-94.5,30.75,Hot-Humid,1.0164213180541992,Humid,0.6547757396077628,0.0842961023548906,0.8525738980671607,0.017826369119445587,0.7251174159871618,0.07768487293133254,0.860936285158011,0.06273629149199768,0.6713464639920924,0.05523063395519698,4.184573566174646,0.3487978058343802,3.015238728132041,0.23993631430862278,0.5716965168532004,0.04765276258814654
349,-94.25,30.75,Hot-Humid,1.0163462162017822,Humid,0.6107750192850133,0.04632273040622055,0.8434318555095599,0.017116233825917326,0.6825298561379093,0.04237994357990792,0.8414318222100592,0.0370263202198415,0.6435333125730938,0.039371694874186375,4.284262789218309,0.23593063199806974,3.106848188540259,0.15075802494017423,0.5963253819276786,0.03283912102421653
350,-94.0,30.75,Hot-Humid,1.043668508529663,Humid,0.6975455881998016,0.05253455005980081,0.8368933741398277,0.030501436744992286,0.7671578237520145,0.05163353506265762,0.9070406080437692,0.04106074335469047,0.6792283710359275,0.051140175098719036,3.6089127330863904,0.2895095404911152,2.6116149634865793,0.21294863109222287,0.5649147388115179,0.04531786123576128
351,-93.75,30.75,Hot-Humid,1.0633182525634766,Humid,0.6806692933921624,0.06628038108750871,0.8377673384918809,0.030208146706514685,0.7421617850073139,0.05829450990854572,0.9131771770912153,0.04609448933354922,0.6780555321320009,0.061186365272666195,3.555298192710798,0.3389060237653535,2.600292824863131,0.22467369455875344,0.565350356720552,0.05389158125282237
352,-105.5,31.0,Hot-Dry,0.12334101647138596,Arid,0.7311013560233215,0.024679179959898316,0.868317260607021,0.011025234821395755,0.768649120543118,0.03358625101641564,1.0230921616617092,0.022283273250489254,0.7394010615221208,0.016092139641354846,17.086602437567258,0.5322451400368274,12.812420591256792,0.4114865467864839,0.510290902616479,0.015895486180767988
353,-105.25,31.0,Hot-Dry,0.13522115349769592,Arid,0.7256220405580418,0.02012822252987828,0.842003008159535,0.012838377918851394,0.7789015420213611,0.034318470199566624,1.0134171874210227,0.025142527625103238,0.7009791464149985,0.017406908432748305,18.328311923587233,0.5288979914246795,13.228422616414203,0.45453680504344796,0.5466459418366998,0.015774499138996406
354,-105.0,31.0,Hot-Dry,0.15894551575183868,Arid,0.6986522487707668,0.019147687298410387,0.8334501875714565,0.014398401255079919,0.7519924478083653,0.032251985747680546,1.0101751841061546,0.030733742524659602,0.6835088000688349,0.018609581348461593,18.895067156353626,0.5583630288651548,13.70249352306008,0.5097991993860186,0.5623791022368695,0.01661871303748486
355,-104.75,31.0,Hot-Dry,0.16457797586917877,Arid,0.6855045748959415,0.016447457791142005,0.846677777425431,0.01777012670856872,0.7276828334095453,0.027275976077610127,0.9919506093327831,0.0261449479121472,0.6992129874724347,0.020123286058828398,18.658474373177324,0.6259688891723225,13.722465014802978,0.6565535120787134,0.548193782087333,0.01839122781215618
356,-104.5,31.0,Hot-Dry,0.15232998132705688,Arid,0.6889318508402209,0.026108605822530932,0.8434693011204537,0.0109940150092554,0.733667679817385,0.032385250840001475,0.9794256337903432,0.02537009999954612,0.6948601210535056,0.013255701208876631,19.28503710909426,0.4207625570597206,13.855069621575847,0.4524598569414635,0.5522895245164172,0.01204989916577555
357,-104.25,31.0,Hot-Dry,0.19997891783714294,Arid,0.7113399614848442,0.03099093988682986,0.8400245251790963,0.017868637224144716,0.7619094255646368,0.03377368182585616,0.9930953306001171,0.02734181908524418,0.6963613363130587,0.02908128958841084,19.029477427866123,0.9249883378667385,13.433757463208675,0.7598039265253147,0.5505141300228111,0.026759492058161853
358,-104.0,31.0,Hot-Dry,0.18973885476589203,Arid,0.7352460517690126,0.024250499720674595,0.8190436890507087,0.0242056932111504,0.809883351758453,0.02741942427483734,0.9964526006203276,0.027221767732965498,0.6675927328874639,0.03999981099465731,19.805729230545765,1.20332846261191,14.06464673323265,0.9615749552555954,0.5756982966977975,0.03497746223982722
359,-103.75,31.0,Hot-Dry,0.18470266461372375,Arid,0.728452835041846,0.013638967289864188,0.8033129101910511,0.020264175638930428,0.8162404779244772,0.028940936034533942,0.9914912751440456,0.021281935293850963,0.6421031474417926,0.03334113012136445,20.868713365380902,0.9910033600573962,14.756283037362167,0.7405986150178023,0.5977059067594899,0.028383568816821324
360,-103.5,31.0,Hot-Dry,0.17155596613883972,Arid,0.7011144401626386,0.020937220514792413,0.778678626793691,0.025632702377681914,0.803430489869297,0.03964508765581161,1.0030797052210931,0.018304705039465678,0.6024968031438521,0.04193088203036542,21.499868624085146,1.1473186405835127,15.57990686092985,0.8376349312026132,0.6297616014466503,0.033606587886497445
361,-103.25,31.0,Hot-Dry,0.1770276129245758,Arid,0.6864704070305837,0.026669731896933446,0.8114322660356332,0.01754312923242005,0.7524859270679689,0.03509828844337429,0.9750501332296967,0.015596550719654616,0.6497818752050143,0.027245571141575924,18.005005459627874,0.7005480508771169,12.603328622227469,0.5523891444819635,0.5914342646027342,0.023011829805796125
362,-103.0,31.0,Hot-Dry,0.17530739307403564,Arid,0.6520178984260092,0.03488459210786945,0.8075391976693524,0.016080772535345483,0.7138961939529551,0.04237880635135884,0.9667636022528308,0.022919447174503473,0.6347513395690947,0.02326356049617878,18.509327280209966,0.5873188779064974,13.067013334459048,0.3914385336113865,0.6041148032057009,0.019169147693705518
363,-102.75,31.0,Hot-Dry,0.17300459742546082,Arid,0.6757370694109575,0.03203184202497712,0.814442004610903,0.009881387136762386,0.7362584338195349,0.03736276246554636,0.977109155111858,0.017923826618647293,0.6524505378701515,0.019057996021183833,17.2641075873596,0.4670705510133861,12.36774174436584,0.24055621157338913,0.5893607319546642,0.01594481732848252
364,-102.5,31.0,Hot-Dry,0.1857915073633194,Arid,0.6771009450696807,0.036461541400799616,0.7972760265736125,0.012992769598228104,0.7503343621160589,0.042857033337683786,0.9925969862658143,0.017254717729970056,0.6308994805125451,0.0214228113453766,17.755073287812813,0.5068666790593578,12.8373283542426,0.26823199605778386,0.6073384814817073,0.017338122697859504
365,-102.25,31.0,Hot-Dry,0.19002510607242584,Arid,0.7073905416860194,0.030868343169079583,0.8003392379254107,0.011619014922803542,0.7894007102001451,0.04525441054773558,1.0091710151475644,0.020482307673911966,0.6365860605386964,0.01709328976459273,16.73139065763566,0.3957322882555184,12.646192639446298,0.43453041090625505,0.6027033856360143,0.014255192220273683
366,-102.0,31.0,Hot-Dry,0.19131314754486084,Arid,0.7426944913745669,0.035358503448070684,0.8307340835018323,0.016647640388965396,0.8092118694775168,0.03696976213773944,1.0267679188287135,0.012429565196547802,0.685351351311667,0.02867794632792391,14.44751714529483,0.668014140233931,11.071310529556094,0.5163568771430042,0.5604564396562466,0.025913990820039763
367,-101.75,31.0,Hot-Dry,0.2145518660545349,Semi-Arid,0.7373280545249502,0.03484771760602733,0.8041749426409368,0.020662761297783917,0.8284172858536574,0.038913617149391164,1.0191233139020137,0.018072223719957772,0.6425159351239581,0.03412209219169584,15.017189966765642,0.7216039204070803,11.493144724731394,0.5644521843508593,0.5973482595390239,0.02870369535749726
368,-101.5,31.0,Hot-Dry,0.24108198285102844,Semi-Arid,0.7239598984382647,0.03694811331641526,0.8189474496583509,0.020306717685169423,0.7988923291568372,0.036892435075897234,1.0477191502419636,0.021508659190989113,0.6579145345622982,0.03849618320710815,13.992000365425167,0.7952469769783249,10.990143784535254,0.6582725784376268,0.5841264503110211,0.033199312582265196
369,-101.25,31.0,Hot-Dry,0.26344165205955505,Semi-Arid,0.703382454938802,0.026305055837659925,0.8172039735270719,0.011644268565112373,0.7736737190742808,0.035107227004410047,1.0482626684789824,0.024335925215460047,0.6527974424548579,0.0222713898600385,14.114404231087438,0.45413916815366023,10.951523002960894,0.3293783873327141,0.5889951080712548,0.01895126029031455
370,-101.0,31.0,Hot-Dry,0.29181209206581116,Semi-Arid,0.7244515027253173,0.025519425954969914,0.8265195674444101,0.016605121352327196,0.7907991955872345,0.030585378173880656,1.0366603576141915,0.01852673857016505,0.6740731250817863,0.030045111397074095,13.580797218110485,0.6243367592170742,10.440300584565977,0.3491214699019828,0.5704180457151542,0.026223273077505303
371,-100.75,31.0,Hot-Dry,0.301185667514801,Semi-Arid,0.7388070069703752,0.026689089177659938,0.8506476632156341,0.016119849392385654,0.7922310208412594,0.030521855875115095,1.0460444580884913,0.01747561458167867,0.7098853651017846,0.03036463436598469,12.056847549285251,0.6228234681585214,9.462270485353098,0.4400865090630886,0.5380489051640536,0.02779412145532497
372,-100.5,31.0,Hot-Dry,0.31048330664634705,Semi-Arid,0.7389062548232099,0.031106366601158786,0.8358411578142355,0.01756938255805515,0.8098141349172814,0.03713684380807643,1.065675119896078,0.014219519565929676,0.6791236818857653,0.02721438722684851,12.473583343275733,0.5297566891344132,9.893877960544405,0.3618562627132974,0.5660512053284961,0.024040358264573704
373,-100.25,31.0,Hot-Dry,0.3371291756629944,Semi-Arid,0.7469082036318043,0.031002122302052376,0.8521149222820803,0.012275063350530255,0.8018045841815724,0.03791250802665328,1.046433329927781,0.01755210497718692,0.7127677128969092,0.023423687232412154,11.056391683457955,0.4481979923090781,8.977807137478239,0.3861802595549318,0.5355886286818166,0.021711400513959114
374,-100.0,31.0,Hot-Dry,0.34972864389419556,Semi-Arid,0.75815520624297,0.03281997649539165,0.861167899287721,0.011529122957973967,0.8096674283221719,0.04424020269226497,1.0432157002671558,0.0196880422306286,0.7284143929627269,0.021321805181249466,10.504800993935982,0.4145727690738232,8.49140150517825,0.3553518761374898,0.520814395128803,0.02055397966003311
375,-99.75,31.0,Hot-Dry,0.34296539425849915,Semi-Arid,0.7600771560961257,0.033006798969259024,0.8604759451873049,0.0083286226662867,0.8103255944208417,0.03963093952164578,1.034089044109441,0.025424969510637795,0.7300562340854881,0.019741398398361785,10.47110694425155,0.3818668162280459,8.37770365741576,0.3514477769826841,0.5192849502902932,0.018937605330385382
376,-99.5,31.0,Hot-Dry,0.37642866373062134,Semi-Arid,0.7818460235823224,0.02823955938388657,0.8446918980598317,0.01687445920446814,0.8685675500419547,0.03722122853471655,1.0721528939614153,0.019100598135300666,0.6903669531353588,0.03457411668053952,10.664597239088248,0.5934583027286942,8.441541846258083,0.5051259565053808,0.5557588356196745,0.03092659646859058
377,-99.25,31.0,Hot-Dry,0.3963901102542877,Semi-Arid,0.7927034971106963,0.03572144549186009,0.8567950934153729,0.020355838146027996,0.8564627810619315,0.03818009289424881,1.0295471707221153,0.025282897985995745,0.7280009239967252,0.040365863286018246,9.998923478201839,0.7456492935044404,8.059246987877746,0.6492638674823361,0.5203790338410135,0.038806203466201054
378,-99.0,31.0,Hot-Humid,0.41908955574035645,Semi-Arid,0.7941774656608173,0.037864676617914365,0.8551115176617451,0.020451635138848998,0.8605523012576682,0.047569911307447976,1.0165790886995534,0.02854318604903833,0.7262834175246461,0.037836424711199884,9.518752473248925,0.668909264327893,7.690875445279429,0.5290828910760543,0.5221489152787205,0.036692859465593794
379,-98.75,31.0,Hot-Humid,0.44616976380348206,Semi-Arid,0.7946769555510891,0.03931686844471273,0.8464251900461782,0.021844508168132562,0.8698658716531142,0.047327972679560834,0.9926598295470439,0.02842793858869175,0.7122208368650144,0.035365614685620654,9.618301297454542,0.5934346430431151,7.78837220251296,0.5236844074578986,0.5356355403026892,0.0330479027252821
380,-98.5,31.0,Hot-Humid,0.4545152485370636,Semi-Arid,0.7761876459882503,0.03799671062094056,0.8351857155723328,0.01203445927123017,0.8541788874677444,0.050186035256410376,1.0073431221197438,0.02816758094221402,0.6931709155296006,0.020629527442685442,9.85988426973373,0.3334930630712412,7.807961603594987,0.29352060103328603,0.5536682478752383,0.01872684454076114
381,-98.25,31.0,Hot-Humid,0.48132890462875366,Semi-Arid,0.7753939071536263,0.04714744180985702,0.842981026888997,0.010263145252874169,0.8457319933373577,0.05986270060696706,1.0220347286374118,0.020493805067289577,0.7058849915779792,0.017207059231891923,9.636146080069102,0.2820614006190366,7.54357848938393,0.2858151014055598,0.5421379416769556,0.015869019199948247
382,-98.0,31.0,Hot-Humid,0.4818795621395111,Semi-Arid,0.7616531241070168,0.04316215524197401,0.8459595411365516,0.00822212675755429,0.8212358625146964,0.05484236097428796,0.996711868640561,0.013392563139981094,0.712333571738273,0.013517999187857172,9.491190170899928,0.22102455412668337,7.312567209941065,0.16725775549776548,0.5362291312046947,0.012487349057406838
383,-97.75,31.0,Hot-Humid,0.48650631308555603,Semi-Arid,0.7468135051883776,0.03535224420507185,0.8497798244991512,0.008999017550343606,0.8023330247853518,0.048302708677371076,0.9660332962726189,0.021790127500545823,0.7134498257580606,0.01400165203037617,9.498480329186188,0.23120204120714102,7.163512569833257,0.1901538032220025,0.5351769968521747,0.013026716884292562
384,-97.5,31.0,Hot-Humid,0.5364202260971069,Sub-Humid,0.7683773459000035,0.031451610599255414,0.8483614509650013,0.008641946057915885,0.8330651372697272,0.04702427139463158,0.9594658404949394,0.011571983368722769,0.7126854167276879,0.01534845501552395,9.629310522530412,0.2554723331018546,7.2310790301303225,0.15341775297994498,0.535866482253318,0.014216912013796403
385,-97.25,31.0,Hot-Humid,0.5587193965911865,Sub-Humid,0.758470037687957,0.03373763124610949,0.8359267779692667,0.010582738095074769,0.8300184619016402,0.044590548263877455,0.9618956688198297,0.019409092442961483,0.6923518187478954,0.018344045899549473,9.987508336658221,0.2963533025966691,7.510561009334536,0.19981975501687121,0.5544651823480866,0.016452310468728956
386,-96.75,31.0,Hot-Humid,0.6053889393806458,Sub-Humid,0.7083561846499171,0.04246899512462774,0.8558839130005527,0.0076770111187221424,0.7856586816139436,0.050180057356901266,0.8688694144399385,0.025752426482592575,0.6885261059065774,0.010051753766594456,9.006471480857003,0.14665329484921666,6.496862633412502,0.10481863910739037,0.5580392825772329,0.009086610624281547
387,-96.5,31.0,Hot-Humid,0.6228306889533997,Sub-Humid,0.6629710361087919,0.03479208812212908,0.8471299348180035,0.008428677676351541,0.7735585706832305,0.045387522194594014,0.8063462266105985,0.029692097178948725,0.6421252177859695,0.014963573866140927,9.4893107284459,0.19863543523975713,6.489202130331644,0.17631547878275056,0.5981215409526577,0.012520206789862737
388,-96.0,31.0,Hot-Humid,0.7351391315460205,Humid,0.6024125587537347,0.03239049261889862,0.8442593741407448,0.010724127933046548,0.7252541769269067,0.044776984553239495,0.7607082105106167,0.016512498212293718,0.5981930916447031,0.02602330031759403,9.615731057336978,0.3133096581988436,6.389035099275668,0.1919927635188995,0.633613394794805,0.02064504455975782
389,-95.75,31.0,Hot-Humid,0.7585025429725647,Humid,0.6018293497630764,0.046910579238003805,0.8544276843422967,0.012221847000386072,0.7166928179131618,0.055576073575961046,0.7631378999023334,0.013783001145680538,0.6137352203963841,0.031371451661797035,7.59373635498905,0.3076424402379622,5.121425270356826,0.1513401547006319,0.6210944140378758,0.02516218528277505
390,-95.5,31.0,Hot-Humid,0.7823750972747803,Humid,0.6032291796499107,0.04603816732211529,0.8547385918579306,0.009318506462740468,0.7070689574899605,0.05765712102463145,0.7777943636382619,0.011669106391957543,0.6235218675946322,0.03139644940431245,7.308940685923825,0.3037397711080234,4.782870104304113,0.18083842177754927,0.6131547156585331,0.0254810486212597
391,-95.25,31.0,Hot-Humid,0.8247724175453186,Humid,0.5943683057584719,0.04135117101303735,0.8379209466832028,0.008370522790832204,0.6837540480221036,0.05798024460977705,0.8091634087066165,0.02397553628644278,0.6155884872719506,0.017323128148029998,5.850563785511541,0.1310151827099132,3.8692768416535417,0.05878836441455851,0.6198849545549492,0.013881455455842353
392,-95.0,31.0,Hot-Humid,0.9047657251358032,Humid,0.6357778779544279,0.045994121562498574,0.8593091742036563,0.011866695660999136,0.7073359333777367,0.05160135426178757,0.8387463880366015,0.02868830889045557,0.6706887019672382,0.031045985408504752,5.15737010734299,0.24312881714545806,3.379916938239454,0.17290035664884584,0.5733470641679806,0.02702873569738779
393,-94.75,31.0,Hot-Humid,0.9790821671485901,Humid,0.694933553587972,0.040472726955778665,0.8544987021104535,0.01707152277326894,0.7674725238675741,0.03984238611547102,0.8771327733466119,0.05631249530256224,0.6935962473902813,0.031115918173509956,4.891945043668347,0.2506803348076262,3.3258461182048493,0.16360894579097424,0.5529569916524126,0.02833544583274801
394,-94.5,31.0,Hot-Humid,0.9428310394287109,Humid,0.7075556333954893,0.06305690134429151,0.8692228062590985,0.01577413856672128,0.7563932789332258,0.056504184704991384,0.9136336208241215,0.05056367682769037,0.7271618034872006,0.048350983072156656,3.915274356944346,0.3422942442931427,2.8228597859877667,0.18392950574707542,0.5207495093253476,0.04552670988289529
395,-94.0,31.0,Hot-Humid,1.0564172267913818,Humid,0.7275921082388404,0.0673829292614654,0.856175338266867,0.02255174069364114,0.7794720060292765,0.06686952289609707,0.9456555978460937,0.044481626052858485,0.7183730003755844,0.04842917826625382,3.382988042951878,0.28972528120291086,2.538635019896055,0.1722772704566725,0.5291352941097085,0.045316114019295375
396,-93.75,31.0,Hot-Humid,1.0589210987091064,Humid,0.7119669126617587,0.07147545181064284,0.8665517906426322,0.031202448487786114,0.7565398500643021,0.0655435102508486,0.9316307316720371,0.03672175631722188,0.7293566574557679,0.06523125457666114,3.3628845629022193,0.4015242029170455,2.4700426147916845,0.24938135626369823,0.5172924723723324,0.06176407300315884
397,-105.75,31.25,Hot-Dry,0.13135673105716705,Arid,0.702776798820431,0.026840909135661176,0.8668955938712137,0.007739675933498607,0.7367443846628793,0.0322729779023804,0.9736975820219497,0.020146388141058583,0.729876217583664,0.007551930334453086,18.380791081436133,0.2579402840144476,13.343023254377504,0.3129330573338315,0.5196934028134088,0.007292932242590496
398,-105.5,31.25,Hot-Dry,0.1528255194425583,Arid,0.7121484124230124,0.023818374524320514,0.8562676403974809,0.010606974567098764,0.7527641028312392,0.0323966096321207,1.012764979295029,0.02332448071034645,0.7192533255921889,0.011972130882658303,18.557340311068664,0.39056803525786565,13.247679929604644,0.3369294918676176,0.5297614770854716,0.0111496526868759
399,-105.25,31.25,Hot-Dry,0.16070984303951263,Arid,0.7302447448529107,0.028628102574153717,0.8437309614155557,0.012988110151032682,0.7838977865792972,0.04280275763837208,0.9857020690430247,0.02495818344222649,0.7036653100411495,0.013175072268652114,19.455050396799056,0.4336011483812152,13.406821261626513,0.2958958562175171,0.5442581916941315,0.012130062483584569
400,-105.0,31.25,Hot-Dry,0.18783214688301086,Arid,0.6946989219697233,0.01889314938185396,0.8284095010484055,0.013928657146755338,0.7503689904687868,0.02932066704154897,1.0039632896746862,0.033103889531430786,0.6759911149069284,0.01485176176018359,19.963054860318827,0.45701057250879235,13.898955822765178,0.44229811533942154,0.5690984945327366,0.013028267999066343
401,-104.75,31.25,Hot-Dry,0.13348610699176788,Arid,0.6854654760410754,0.016916053760524807,0.8365140801981308,0.019249841805962894,0.7369895293586379,0.0263802856822594,0.95691100012755,0.026193816199695703,0.68053983705329,0.017225060350312578,20.024064161584555,0.5389942060598129,14.092459137735284,0.360188161649923,0.5650443348073023,0.015209480961029663
402,-104.5,31.25,Hot-Dry,0.16615058481693268,Arid,0.6892641998155306,0.02143076010805816,0.8143327415672557,0.013465577453525612,0.7571335867304482,0.024161367486680196,0.9528195690423257,0.028054993353303186,0.64831400078482,0.025500103949839627,21.172249010332095,0.769361371114492,14.92307377067005,0.6168738428266206,0.5927182130834745,0.021538311630469577
403,-104.25,31.25,Hot-Dry,0.16774854063987732,Arid,0.7259138007255748,0.02451591332822269,0.8336897104149781,0.013239290375650458,0.7866349542916872,0.034067017899576314,0.9720223292090141,0.026666716340874103,0.6862200215456256,0.021605761451454337,19.835564330769607,0.6873172092604406,13.980395333568987,0.6551933728445287,0.5598918373824769,0.01940067288937547
404,-104.0,31.25,Hot-Dry,0.1701781153678894,Arid,0.6908699655714892,0.01851647915220985,0.8268771462560786,0.012753652147377679,0.7463046801464929,0.03051777770041307,0.9839590687561565,0.021515244236671494,0.6735856188530711,0.013489239475515622,20.082495349983255,0.412953800907806,14.198607633400098,0.5891979642641986,0.5712302546205603,0.01174613516538376
405,-103.75,31.25,Hot-Dry,0.15767739713191986,Arid,0.6956417608892089,0.018340939066303904,0.8120701456739822,0.014262072982457276,0.765952098408786,0.02741025235032981,0.9588891919842482,0.02100945922671485,0.6484599475613513,0.01623021096262198,20.536835124858555,0.47970881329553017,14.42764549222465,0.5602470988944135,0.5927787734380464,0.013846398445714978
406,-103.5,31.25,Hot-Dry,0.156088724732399,Arid,0.6742018621868215,0.019426766850824187,0.8125441960161123,0.016243300894710207,0.7402552011849436,0.025125739741231858,0.9465329060785125,0.018181681386309562,0.6421466028073644,0.021298203476811255,20.90220759015572,0.6255369698742301,14.37973196023664,0.5482688108286345,0.5979942988862768,0.017896078206761316
407,-103.25,31.25,Hot-Dry,0.17180560529232025,Arid,0.6530776538310075,0.018577632730152345,0.8013801667347842,0.017854171798341235,0.7209440000904126,0.025364131480504783,0.9520856189951656,0.017451768165186652,0.6239154485234908,0.02621944245504769,19.584544440821816,0.6849551095306661,13.26708131989732,0.5003625270837183,0.6129574945510771,0.021437739799693673
408,-103.0,31.25,Hot-Dry,0.18130311369895935,Arid,0.6333045154419393,0.023503698935310166,0.800779237078897,0.013839846067245259,0.6956041512112492,0.03178023996507534,0.9631411427707974,0.01739170053965766,0.6223465794448657,0.019279208091088317,19.62425132796422,0.4973408883562775,13.66087373143105,0.3590535607332859,0.6143773057563813,0.015570273225934734
409,-102.75,31.25,Hot-Dry,0.1735638678073883,Arid,0.6709076256256723,0.021301556405525092,0.8243495369658191,0.006401405643644221,0.7229614905838971,0.028928229397850124,1.0064079032412525,0.019939203461900635,0.6668168391709864,0.0074834771113770245,16.26605220458553,0.1824690470257003,11.930224271116689,0.21250823758395457,0.5771911488817512,0.00647480516867098
410,-102.5,31.25,Hot-Dry,0.18312956392765045,Arid,0.6704755952258842,0.0194067784320887,0.8255181823813352,0.0063549576357568496,0.7223750532429557,0.024720092651480608,0.9826915642992718,0.02615720071639349,0.6666233157808484,0.004527999980324317,16.536329142592745,0.11213517407139788,11.919553213018778,0.3096386300959928,0.5773771910203327,0.0039152759516111165
411,-102.25,31.25,Hot-Dry,0.19472967088222504,Arid,0.6829786325021986,0.02190678856322547,0.8054571057561912,0.009401300798978012,0.7536454854047141,0.03346402500311366,1.0341250026727458,0.016503509011342215,0.6390702339995796,0.013890959280571467,16.4958774636819,0.31886713486054724,12.39938217990918,0.25702858583668936,0.6006845330117528,0.011611298423997374
412,-102.0,31.25,Hot-Dry,0.20948325097560883,Semi-Arid,0.7124615504478746,0.02670243275577243,0.8295501720363182,0.010788011726907009,0.7697391149805977,0.032284095233362134,1.010928944910605,0.012708257238398014,0.6827808189218839,0.016396034051744925,15.223532271790315,0.3887768140360913,11.088746740401799,0.284719864591019,0.5630752696380968,0.014379751393049603
413,-101.75,31.25,Hot-Dry,0.21895262598991394,Semi-Arid,0.69199201009936,0.024007548236812396,0.8135154010831552,0.010112186906734169,0.7573981731327389,0.03182604598063644,1.024202070180711,0.01658299903242211,0.654468467641246,0.014878815153932048,15.545833860341116,0.333615449936563,11.732150663078883,0.28052036509847256,0.5877110474344756,0.012612349217415327
414,-101.5,31.25,Hot-Dry,0.2364305704832077,Semi-Arid,0.6775320482562325,0.026934504313823465,0.8176202624160517,0.011615040432385901,0.7430824893840497,0.03104899750096422,1.06412848908215,0.019536994959278072,0.6451136082181692,0.02445632226113771,15.450408852882253,0.5353475876131696,11.967435717096555,0.512827304719227,0.5954375389074414,0.020631560825586592
415,-101.25,31.25,Hot-Dry,0.25982457399368286,Semi-Arid,0.7024267730366389,0.022188027684396653,0.8180291762104364,0.009593098883372963,0.7705642715538014,0.03305960178746399,1.042121588946825,0.024169659608843593,0.6571467535064053,0.016033565832253165,14.939321366420273,0.3508647993673354,11.59529858919996,0.33720587115393763,0.5854075684285136,0.01374887814559457
416,-101.0,31.25,Hot-Dry,0.29026299715042114,Semi-Arid,0.6858124955810357,0.031063674104327355,0.8074206083598152,0.01667074171803036,0.7566181341660018,0.035371583095015834,1.042119537779358,0.0144433908741303,0.6408160165366201,0.025499325835864214,14.947892452326233,0.5276796642788456,11.477608146118136,0.35922697334285714,0.5990210795747928,0.021146207946979637
417,-100.75,31.25,Hot-Dry,0.29494234919548035,Semi-Arid,0.731221610008841,0.03273766230399311,0.8424300843241607,0.007355005226196153,0.8073610836357592,0.0426540160176622,1.0968864026794634,0.01855573216847953,0.670386451873879,0.019019295155819523,12.950636580799351,0.37000045196650816,10.296447324565168,0.24466616168817404,0.5739324449724257,0.016397283848801618
418,-100.5,31.25,Hot-Dry,0.3008112609386444,Semi-Arid,0.7406442735727972,0.022353131576425732,0.857872562284143,0.0023789358447868624,0.7912440929228552,0.026897452135319435,1.0528219908975032,0.02530852119958619,0.7187742175183871,0.01472172463686275,12.238931004707835,0.3152991057300317,9.511944565116462,0.3722265246646675,0.5301665272846801,0.013658139904257648
419,-100.25,31.25,Hot-Dry,0.3307577967643738,Semi-Arid,0.7641816405974197,0.0197769205820632,0.8546565876663456,0.009307374444725467,0.8235526707264225,0.03337358126645457,1.0468405572993054,0.02526004899864216,0.717803342663743,0.01592214524318539,10.873179744461998,0.3074908482802745,8.659245460662312,0.2507566409859337,0.5310519980188634,0.015018019860742639
420,-100.0,31.25,Hot-Dry,0.3555469512939453,Semi-Arid,0.7799748219429011,0.021297871361957574,0.8490310937181142,0.008685277351260531,0.8503751260807407,0.04058945223271043,1.0405572178716178,0.02672795394651506,0.7104215616962953,0.02252031059161299,10.8421951795662,0.41860678143279195,8.439913664788708,0.37581269849861026,0.5378043507137547,0.020764111378213098
421,-99.75,31.25,Hot-Dry,0.364837110042572,Semi-Arid,0.7654649937310448,0.0249168398037391,0.8529594476578009,0.011714200105484233,0.8333221987617214,0.04535969737190176,1.0635399371455208,0.01961604939885841,0.708664437378007,0.023042955063678948,10.858179385420353,0.43538484992365095,8.637451925226662,0.3509311165300996,0.5394083017916711,0.02162887480367836
422,-99.5,31.25,Hot-Dry,0.3820226490497589,Semi-Arid,0.8037232067637714,0.020799932795210314,0.858540609929241,0.009842026878638619,0.8945536394806263,0.04112681110905779,1.0740630705398788,0.032113720873902754,0.7103515347456579,0.037545170661672705,10.212396618253491,0.6416994706447144,8.082490923516884,0.512051758417279,0.5373420281406703,0.03376407202954822
423,-99.25,31.25,Hot-Dry,0.4028610587120056,Semi-Arid,0.8118626254808643,0.02737014449829841,0.8683531710025582,0.012744028644310464,0.8882165053974707,0.04625337546692077,1.0608978165438532,0.02780652400648878,0.7356517279315032,0.03221444145439544,9.738800884196747,0.587563430321501,7.874065201143378,0.4922267647425201,0.513401139465324,0.03097462800833246
424,-99.0,31.25,Hot-Humid,0.4195524752140045,Semi-Arid,0.8187869010974431,0.03033425795302234,0.8622410718028657,0.01486358271238569,0.8968509570706461,0.04125284791844929,1.0417946540893674,0.028984945891292767,0.7327066832783646,0.03497808421148014,9.379029339414657,0.6074825418694669,7.58550924291673,0.54644633043415,0.5161387797969447,0.03343046349058776
425,-98.75,31.25,Hot-Humid,0.4237174093723297,Semi-Arid,0.8117570455076846,0.028384024228096466,0.8560903525579218,0.010439638353415681,0.8957643855994195,0.04918783924279223,1.0400278592296544,0.033164534286686025,0.7207764224249359,0.026805335424294183,9.511688444736762,0.45509735460740214,7.694756132641155,0.33598375624656934,0.5279328954812981,0.025259538886254432
426,-98.5,31.25,Hot-Humid,0.439506858587265,Semi-Arid,0.7885285942252119,0.03652885274312062,0.8557512864154793,0.012078435979130778,0.8505980129537452,0.045246059299197665,1.0119172108885575,0.030872732888028796,0.7279966434753089,0.022060050175137576,9.305667555948482,0.3810769704535856,7.571027783037366,0.3561413077562729,0.5211899155034461,0.02134328062300631
427,-98.25,31.25,Hot-Humid,0.4565792679786682,Semi-Arid,0.7709977674386408,0.03651408530677671,0.8351308983957899,0.013787260242456667,0.8539098903229357,0.050534681124076594,1.048498073303883,0.023381811901835133,0.6865706217829837,0.023954765622657952,9.852784092552183,0.3771481826741125,7.73111867570501,0.36922252894450486,0.5595198041269529,0.021417487211170025
428,-98.0,31.25,Hot-Humid,0.4784347712993622,Semi-Arid,0.7766699682533094,0.03475669037264696,0.8349224704662636,0.011802203500152248,0.869190536583629,0.05430392149241022,1.0622403548398411,0.013066681682130118,0.6812699508233196,0.020703493054928374,9.728734200037316,0.3165488287899662,7.590010223592825,0.3297223432758697,0.5643228939223869,0.01836166426767119
429,-97.75,31.25,Hot-Humid,0.49978920817375183,Semi-Arid,0.7874671633386605,0.03655461518320618,0.8470933784913051,0.00975476185339507,0.860774328415196,0.055744726064848614,0.9776788589140374,0.022766170438774044,0.7120965413811511,0.015799743135138728,9.46760274520538,0.2614304252497834,7.241525214223654,0.15297302799374998,0.5364027849103932,0.014811775687917299
430,-97.5,31.25,Hot-Humid,0.5368319749832153,Sub-Humid,0.7884938873619753,0.04152267192390289,0.8585519005036408,0.010054652984174522,0.8516583454739198,0.060743410060245306,0.9737096896842153,0.021721632222807697,0.7308915795165153,0.01363575702228752,9.03375485591188,0.2279997285724442,6.952560325042908,0.13737596964195012,0.5186244836184336,0.013089379043603841
431,-97.25,31.25,Hot-Humid,0.5610707998275757,Sub-Humid,0.7726345306755462,0.044712993004129016,0.8637102473200606,0.009441282719479898,0.8280599949955123,0.056478765283745645,0.9571224860043637,0.0294644664171563,0.735104115255296,0.015918437170277324,9.138163386862113,0.273202594529447,6.963619296959453,0.19686299030509963,0.514496456687503,0.0153818399707449
432,-97.0,31.25,Hot-Humid,0.588117241859436,Sub-Humid,0.7240958697985309,0.048750949506578385,0.8733575776030031,0.009993169834481983,0.7861183593240155,0.05119626519865563,0.8847438200089485,0.031225588837484705,0.7249950743920189,0.02314471768791845,8.575973507689682,0.3625086354060665,6.347357123090836,0.29339421324055487,0.5240347213506218,0.022151084255551505
433,-96.75,31.25,Hot-Humid,0.625782310962677,Sub-Humid,0.6947159924094155,0.045147471932387113,0.8806473057818855,0.007580772284955655,0.761720474655454,0.05095977207197282,0.8544441038997954,0.024918637115299312,0.7163858720293593,0.01767207864372414,8.732460515887789,0.27752224751764876,6.509768618266767,0.24239543145147877,0.5323393205979261,0.01691802721873918
434,-96.5,31.25,Hot-Humid,0.640967607498169,Sub-Humid,0.6708336553368426,0.03458720429303961,0.866193729588811,0.008735467897310827,0.7611751988807783,0.044970327558870204,0.8204479335702175,0.023670736713519536,0.6837697325003033,0.012548060892446755,9.298436565662339,0.18382491341998633,6.640176479345728,0.13420652103612707,0.5622556574730696,0.011115481277418576
435,-96.25,31.25,Hot-Humid,0.6702620983123779,Humid,0.5945124413221302,0.026237895384668166,0.8599147526265931,0.010868196317572826,0.6952658828483437,0.040013426342134874,0.7743539376228721,0.01551790210828123,0.6308098219871108,0.010181020601176687,10.10252300725156,0.13844670343452456,7.091468949624319,0.10518163250267656,0.6075645792355953,0.008326168924176139
436,-96.0,31.25,Hot-Humid,0.7243037223815918,Humid,0.5999613450382133,0.03722096595587603,0.8661288581052933,0.005642849360349391,0.6998140296490462,0.046130143930804564,0.7738340896047052,0.016854588171068125,0.6385050804217041,0.017462959637266184,9.624575706475193,0.2345762351887674,6.68742355164135,0.09902245115310675,0.60110166487573,0.014650429256573316
437,-95.5,31.25,Hot-Humid,0.7786060571670532,Humid,0.5653438799759931,0.04649460817618348,0.8648373469084125,0.009183620863001857,0.6856485253520865,0.05570632683329089,0.7337379861729152,0.012453018782097994,0.6028823671552552,0.03337715547040128,8.337036256459893,0.35054596307196806,5.674378612185589,0.2623461636106655,0.6297275309497421,0.026478047716137057
438,-95.25,31.25,Hot-Humid,0.789914608001709,Humid,0.6385147478746728,0.04782559926896584,0.8813038992481423,0.01101133240526082,0.7156943352752284,0.05461026663857347,0.8144932810277676,0.029312438003936032,0.6895704024609476,0.027628164344899665,5.443207130294531,0.23902479167465165,3.8333793953672646,0.17652974607324934,0.5567328374525771,0.024447526486712876
439,-95.0,31.25,Hot-Humid,0.8274456262588501,Humid,0.6949906963950058,0.05935391965627436,0.8894583028983897,0.008257049240852453,0.7510520133304915,0.05892121258046709,0.8686583897642686,0.04432676309154011,0.7408640876673573,0.03923308317991655,4.965150030654963,0.3624840472183698,3.415252179967522,0.2225046276143706,0.507972129216365,0.03708483976025828
440,-94.75,31.25,Hot-Humid,0.8382588624954224,Humid,0.6486138333805499,0.057864213457760376,0.8828669495331216,0.01757404452299613,0.7215890976468117,0.06826699562462182,0.8251521526789565,0.021532425872901766,0.7045090487463709,0.0374767691809883,5.258744519351795,0.3338589266138757,3.7515210115907713,0.19652724982367065,0.5427165246692007,0.03445513576765397
441,-94.5,31.25,Hot-Humid,0.9158446192741394,Humid,0.7111659679842177,0.05701730421699854,0.8707786981576312,0.016265456698296134,0.7654417450714692,0.06876730971614423,0.9009497718449941,0.025109822738319184,0.7298236841094374,0.033432974793063355,4.117514384850945,0.25874372134498114,2.977487681507484,0.1606077906553247,0.5189657961186462,0.03261169938653666
442,-94.25,31.25,Hot-Humid,0.9504192471504211,Humid,0.6622531292714227,0.0655198345580131,0.8548153176063706,0.015998791318740605,0.7213575097752745,0.06500915206675996,0.8815553748133599,0.0382777371081291,0.6927449685723658,0.04652429822490574,4.103372552071692,0.3092813751360882,2.8568549851617457,0.15974825107888707,0.553050570710082,0.04168479436327432
443,-94.0,31.25,Hot-Humid,0.9877608418464661,Humid,0.7299001398431794,0.07983336403317344,0.8689405735565346,0.014278603895442124,0.7788920595315287,0.08100129433799318,0.945538546930082,0.06716781435073732,0.7342106084940873,0.03999376223763241,3.509803078414618,0.2614211257590411,2.5651835510863665,0.14813825743852163,0.5144074066976957,0.03831467474193566
444,-111.5,31.5,Hot-Dry,0.20356309413909912,Semi-Arid,0.7383030164656842,0.021717064332766402,0.8728655651376682,0.016959058876136617,0.7741437633775013,0.027622279269306278,0.9763046047027423,0.01892286970223603,0.7485018322215149,0.02574723719479006,17.747833944425956,0.9139174981226107,13.84464398352103,0.7199317981772881,0.5009648494452545,0.025796981382968782
445,-111.25,31.5,Hot-Dry,0.25338107347488403,Semi-Arid,0.7371749861600959,0.019022308457560488,0.8598868404559916,0.020541654776963608,0.7814357477352625,0.024182670446875866,0.9707371025179109,0.019452202830240673,0.7286682825842982,0.032406194890144235,18.41621815220952,1.1064680164269134,14.040102296883498,0.758388196196641,0.5201446168524152,0.03125089949017462
446,-111.0,31.5,Hot-Dry,0.21056127548217773,Semi-Arid,0.7186482473467913,0.010697900990300116,0.8567566042846515,0.017488421385483927,0.7630884939515139,0.01871568621321291,0.9601649600877004,0.02482198713037742,0.7176180253604464,0.027625422010332343,18.485116239577195,0.9157446510196973,14.187459376801296,0.6372219938088266,0.5308753625867138,0.02629933549490332
447,-110.75,31.5,Hot-Dry,0.2539859116077423,Semi-Arid,0.7939557573400545,0.021732932560505475,0.8883404829766877,0.021718418318491965,0.8362299473256808,0.024865488847770203,0.9539017727514173,0.02613847703212023,0.7773838263377777,0.039349556379331754,15.889749175267422,1.409279926704159,12.265910423732869,1.161537223896046,0.47034459091551784,0.041715396718964445
448,-110.5,31.5,Hot-Dry,0.2564776539802551,Semi-Arid,0.799971950526657,0.01697993235613985,0.8883679956364727,0.017452243141983223,0.8400361883866798,0.016775739427878616,0.9726651160192363,0.034924002720407216,0.7807090993069119,0.032260150170446,15.504255947823657,1.142937809792361,11.86544617390425,0.9355205730592593,0.46727045054526084,0.034446094486840356
449,-110.25,31.5,Hot-Dry,0.1963341385126114,Arid,0.7964799089986325,0.018727419665803186,0.8912148789002428,0.01500317177397222,0.8382674172724844,0.022522452759271356,0.950987414026546,0.030026053970075336,0.780922089459259,0.026178235940036692,15.34070905807547,0.9176760350152632,11.371044089752951,0.6208013195502645,0.4673890707690651,0.027959056367543905
450,-110.0,31.5,Hot-Dry,0.23502278327941895,Semi-Arid,0.7968167178631018,0.018552143285586953,0.8847328563357577,0.015330445225847863,0.8357642440847217,0.01986065602427565,0.9753448900602782,0.015307057758105107,0.7775387388617807,0.02540902283243434,15.584006691655043,0.8719301795494357,11.760924954230985,0.6413770293152542,0.47106850017038715,0.02635643387868875
451,-109.75,31.5,Hot-Dry,0.15990562736988068,Arid,0.7822233762864241,0.016180176395968606,0.8829398032962106,0.009088356503031839,0.8264609028090799,0.02085930903628157,0.9430105827237775,0.013929623876712992,0.7650776608092851,0.01801447150818549,16.085325141226253,0.6202498704389378,11.799943670538882,0.46564406445743683,0.48439986743378133,0.018678450847499445
452,-109.5,31.5,Hot-Dry,0.19697944819927216,Arid,0.8173661740045828,0.01622397353108495,0.8740361986762748,0.006565191329313504,0.872392566937682,0.02285810400940474,0.9708612704026802,0.011916938959699086,0.7604117429760471,0.01369968952591188,16.761829065041606,0.4797131188989044,12.250857377583486,0.2932014994175266,0.4893172472084307,0.014003955169721846
453,-109.25,31.5,Hot-Dry,0.20644721388816833,Semi-Arid,0.8352683108083163,0.02148008476701094,0.893600468385171,0.007872952884150585,0.8755673384056344,0.024486266832779328,1.002265848994633,0.014444482762752153,0.7972902526485799,0.01460558024303516,15.230808287757068,0.5457907457447724,11.728070119675058,0.39724790198765564,0.4500019086104928,0.016125662712498153
454,-109.0,31.5,Hot-Dry,0.25976407527923584,Semi-Arid,0.8151850935694209,0.03397774029413239,0.8815532127962685,0.013939081308279167,0.8605394311700684,0.03589551348807264,0.996921828801636,0.022515095245372055,0.7750188752700914,0.025131888115782704,16.80598032621613,0.9320461003451037,12.279193039772661,0.6301663917286532,0.47373927428195994,0.026273197671547836
455,-108.75,31.5,Hot-Dry,0.27755677700042725,Semi-Arid,0.8020798049095067,0.03192657767783901,0.8645971993685251,0.013378714334341549,0.8595742933451727,0.032423835952805645,0.9765188864046461,0.022331379331957585,0.7441300849418232,0.025512691234968337,17.50819768550002,0.8642485654483391,12.37801367487393,0.5817125289715512,0.5053435579917022,0.0249450259186067
456,-108.5,31.5,Hot-Dry,0.15886373817920685,Arid,0.7854607131732888,0.033186192973323266,0.8729443838585365,0.010272332677513436,0.8426273714520764,0.042014277434243144,0.9338649730606594,0.012672433485708692,0.7455107829264781,0.019891850025359252,17.585751362053855,0.693841189818092,12.366000741169103,0.48419482953678294,0.5041554179095511,0.019891319273989
457,-108.25,31.5,Hot-Dry,0.15426480770111084,Arid,0.7713599100910311,0.0328137436408637,0.8804474181663388,0.01405806724433847,0.8119344902300757,0.03538562832234914,0.9520873104188345,0.005097176033852289,0.7628947720417871,0.025012764023307137,17.960106074220157,0.9400284516229499,12.614848707071284,0.608624868564269,0.48640182252310743,0.02545817659447377
458,-106.0,31.5,Hot-Dry,0.12400315701961517,Arid,0.7060255295045043,0.031756768642132956,0.866847408464811,0.00759217969323981,0.7410033059887193,0.03722164491523771,0.9676658868155293,0.016542163397312983,0.7297975420283478,0.011811679181923072,17.402574354254448,0.37886834255004775,12.802067168445998,0.22113711798228167,0.5197114995880329,0.011314546367961961
459,-105.75,31.5,Hot-Dry,0.1497059017419815,Arid,0.7064160496707504,0.03288250365121306,0.8725254197558309,0.008010376277833143,0.7379107612358484,0.0359877222507789,0.9749803284829957,0.022433113250203286,0.7385162753883456,0.01640178196955336,18.461888248509332,0.5796516182404325,13.212913564409765,0.2359009675104028,0.5111532782655361,0.016048782276614847
460,-105.5,31.5,Hot-Dry,0.1666024625301361,Arid,0.6997686677988249,0.026060665947330607,0.8443068188385088,0.01266407945849862,0.7448818006425344,0.029934688232200284,0.9913925212459695,0.023378861029607012,0.7004446184307096,0.020078453164998795,19.538299257697023,0.6618912741956448,13.944535043108658,0.3193362143607139,0.5470654551037164,0.018532721112067718
461,-105.25,31.5,Hot-Dry,0.14972031116485596,Arid,0.6671044682395866,0.028652304954991208,0.8309892645911866,0.015778671746673228,0.7160269797670232,0.03586106409420326,0.9820703554828821,0.030029896628451277,0.6722823148672318,0.019302301100144085,20.43367378946542,0.6047273293427505,13.924774235095558,0.38259100412933494,0.572265866979626,0.01693600538886042
462,-105.0,31.5,Hot-Dry,0.19178913533687592,Arid,0.6817569526064337,0.03312785985608781,0.8429588874010321,0.01027527909811895,0.7272178006191102,0.03939184963842115,0.9703825922333559,0.033195100584693805,0.6894838771684175,0.00824075459309266,19.91519538898933,0.26486908817384214,13.788711461507111,0.19781277477693524,0.5572003125358044,0.007410679927003622
463,-104.75,31.5,Hot-Dry,0.13079611957073212,Arid,0.7004460201411259,0.022450663243442515,0.841559536403502,0.01276645192752371,0.7508160408644248,0.027418442485233008,0.9582755566792388,0.024162338495565438,0.6911005721274256,0.01234566429853981,19.26705715651929,0.3835556417907353,13.223628663415095,0.29482476255384665,0.555699131731608,0.011062485328318631
464,-104.5,31.5,Hot-Dry,0.18990816175937653,Arid,0.7001610932907154,0.024993874961954488,0.8091378977834381,0.013036560546850123,0.774885465735372,0.02671966829594081,0.9547578940615692,0.026083212701632396,0.6429212704890148,0.025911465032270067,21.208875586736543,0.7728375370387266,14.866224479211647,0.4422683357525899,0.597243519269835,0.021763162717286892
465,-104.25,31.5,Hot-Dry,0.17346608638763428,Arid,0.7264362455337409,0.023856216328056443,0.823662097538663,0.011679430667658617,0.7953656187611629,0.036715552660102006,0.9754727514183832,0.025811783281392227,0.6717145617008865,0.01527981326889519,20.37010847031967,0.48015759865770763,14.196718045617569,0.3793857934221318,0.5728346886675127,0.013502673730932434
466,-104.0,31.5,Hot-Dry,0.1702980399131775,Arid,0.7108843653987302,0.016518621142583397,0.8249534191821999,0.014285995071276982,0.773376370089436,0.030654731137296234,0.9793132806104901,0.024072412646337256,0.6729046942985277,0.018051199405457474,19.818830312793754,0.5429437162831308,13.528641580550062,0.5198997436759729,0.5717508497732879,0.01566331242886493
467,-103.75,31.5,Hot-Dry,0.16954167187213898,Arid,0.6804486502519435,0.015823853006443976,0.8040110739294668,0.01743434934387287,0.7543011935306667,0.027353186250097854,0.9509467516913934,0.018903508422955385,0.6322219586679104,0.02266197862260936,21.35962437550058,0.659028730824594,14.389787631450844,0.6014277106244558,0.6062162689188548,0.018704164983774484
468,-103.5,31.5,Hot-Dry,0.1574024111032486,Arid,0.6456403364659977,0.016298680511862933,0.7774915603317829,0.026311227573957985,0.7357446837071354,0.023975290545417964,0.9277436833261264,0.01611518362535883,0.5806049844059433,0.03409577124633552,22.95765306429889,0.9393283463498093,15.807587883550676,0.6692492071325287,0.6471739190082932,0.026479571123414848
469,-103.25,31.5,Hot-Dry,0.174579456448555,Arid,0.6399137283338724,0.018302034975284945,0.7798585080378577,0.019252591554853343,0.7185373830404456,0.03081431244428147,0.9682300715756048,0.015047331253334722,0.598102444437647,0.024965057677231138,20.364489462864118,0.6397684301697015,13.98480944945003,0.48524013119244963,0.6337037803190404,0.01990836418789841
470,-103.0,31.5,Hot-Dry,0.17605651915073395,Arid,0.6284854110251562,0.021008088530214037,0.7897317419052587,0.012796929917399736,0.6998429428202421,0.027599081479636346,0.9456091541273578,0.021518062914874323,0.600749282107525,0.01792883246096479,20.223982118012433,0.4516087333152809,14.186450164538916,0.30642466269688173,0.6317369024816871,0.014106910333162087
471,-102.75,31.5,Hot-Dry,0.18233615159988403,Arid,0.6957422774784359,0.02277767096975486,0.8364064142843514,0.011932407319478283,0.7473078380675081,0.030660105016571515,0.9728885323118543,0.031037444582648756,0.6837325628709868,0.010663685525963031,15.951973226953518,0.26862172604302353,11.69244455410315,0.43777744943841007,0.5623128198474535,0.009469012898562255
472,-102.5,31.5,Hot-Dry,0.19460299611091614,Arid,0.7059722165673324,0.020242626581630268,0.8425388467541713,0.012486068230746904,0.7541398073465291,0.028959293779875,0.9904947629693182,0.028568248416621922,0.697725640761193,0.013290461303875425,15.494609810572678,0.3451501777431289,11.555699100511944,0.5184754743439414,0.5496857434310343,0.012244524668096416
473,-102.25,31.5,Hot-Dry,0.19475196301937103,Arid,0.7014518246834004,0.010647144721212634,0.8096714636138926,0.007773284506538344,0.7734072133211207,0.019952668529378895,1.0341642774044433,0.01216734370799208,0.6482229909352435,0.011689265687100716,16.213007310416224,0.27168705183421843,12.39335966339343,0.12935862538044587,0.5930413148741931,0.009937801381890677
474,-102.0,31.5,Hot-Dry,0.20349720120429993,Semi-Arid,0.6675963969989651,0.01878719710104884,0.8305343858337787,0.015005064022814613,0.7147627722066324,0.02064636756165023,0.9990044580033126,0.014727573981212045,0.6753036684736985,0.021478690401856553,16.01736304881331,0.5263041226533702,11.8327569572623,0.30484876035924713,0.5695753868799279,0.01871530746748009
475,-101.75,31.5,Hot-Dry,0.21700060367584229,Semi-Arid,0.6860128048392118,0.022298622877024464,0.8362805670167835,0.014800995341414084,0.733605740122556,0.022530054844624434,1.0206194805429645,0.01617428179745538,0.6860711674362843,0.023782973630956043,15.13290079725322,0.57253352817274,11.246789110253342,0.39078035048379545,0.5599729997790466,0.021185846754718893
476,-101.5,31.5,Hot-Dry,0.23943141102790833,Semi-Arid,0.6767834018631635,0.025813700901493198,0.8329100313288282,0.01478109084575529,0.731500856253007,0.030714809323986195,1.0623449846156445,0.014781659991721107,0.6676785635416926,0.023999718300759157,15.116588023510369,0.5441175293543706,11.628668902282367,0.4711733085798601,0.5761747504728778,0.02073925552618656
477,-101.25,31.5,Hot-Dry,0.25146594643592834,Semi-Arid,0.7041929507444846,0.027925615484439278,0.8384421064640339,0.013447022436207831,0.7627240548608791,0.04104376375747383,1.061685149982629,0.023115665439216112,0.6790587127635876,0.02146300278106703,14.457094923613244,0.4906670751176568,11.359383420829406,0.4400608546575842,0.5662559560476224,0.019218463680972957
478,-101.0,31.5,Hot-Dry,0.2846698760986328,Semi-Arid,0.727522569753815,0.027639779922712777,0.8366647685679283,0.013567310664630803,0.7894052704508814,0.03992583266920947,1.046417829026528,0.01765813984166583,0.686755784110099,0.018006375663372844,13.823618680083886,0.399307293774918,10.435838593009933,0.2596612481476295,0.5594955408051143,0.01616151714311241
479,-100.75,31.5,Hot-Dry,0.29349568486213684,Semi-Arid,0.7361728092481349,0.02586207996942902,0.8407292832242772,0.007740721510185255,0.797999007939244,0.03810310000349804,1.0483098032299736,0.0230503042522342,0.6933485332275802,0.008611323124900292,12.951449984372811,0.1833714844095851,10.021939163772553,0.16377224714389402,0.5537168027775514,0.007839730083532118
480,-100.5,31.5,Hot-Dry,0.31380942463874817,Semi-Arid,0.7551708911473571,0.020749480791095995,0.8609761806772619,0.009294570716328056,0.8054301822459615,0.02786396574663147,1.0429495272092044,0.026594063978165796,0.7286377754431708,0.00940123651508459,11.828855982087081,0.20497084743022184,9.151019156201432,0.1407437273984694,0.5208618402702283,0.00902551294528623
481,-99.75,31.5,Hot-Dry,0.35705551505088806,Semi-Arid,0.7722968424298284,0.020913585452502267,0.8548994714998969,0.006639138731434513,0.8390574385266385,0.03289295196959607,1.0625285154427098,0.02321971529296357,0.7138842639896655,0.01147285762426805,11.052833539586702,0.22092229120805953,8.904759294741385,0.24722234095487117,0.5348124152196945,0.010689746092138217
482,-99.5,31.5,Hot-Dry,0.3952903151512146,Semi-Arid,0.8152770212207944,0.022726506609230805,0.8677333102978085,0.006690039722671728,0.8926482819342251,0.038855084561393485,1.0615924430814314,0.024487169287976375,0.7353916601320838,0.01993260823370589,10.021201659822044,0.3753483457106157,7.968541615727803,0.30488047836475435,0.5141125321616407,0.019256302288541544
483,-99.25,31.5,Hot-Dry,0.40938204526901245,Semi-Arid,0.8136784254360057,0.02984834636386808,0.8742962363823897,0.007378531479640732,0.8742721714927226,0.04540582876184789,1.0419343117202826,0.021452069084758264,0.7552153603380454,0.01436239592535962,9.554393005826915,0.28032028779908286,7.68179344890824,0.24894438286184858,0.4945868851257438,0.014510889168526627
484,-99.0,31.5,Hot-Humid,0.42629674077033997,Semi-Arid,0.8302175577417744,0.024269330967382548,0.8692555712764831,0.010564340612752953,0.9126430981216362,0.04202195023630921,1.0468014207206966,0.03315892479323247,0.7416717700702646,0.031110672092372674,9.359195551901959,0.5569593706515621,7.405802170371788,0.4752726722999494,0.5075415559908703,0.030203453281488955
485,-98.75,31.5,Hot-Humid,0.4409295618534088,Semi-Arid,0.8041829098113714,0.028835893049799364,0.8582648803860538,0.010053949489831678,0.8738842457677247,0.04397870429578647,1.0239317390508653,0.031910370478631545,0.7300225250333419,0.02124544522371256,9.634105410069486,0.3788955409853616,7.772072460429536,0.2800527114711305,0.5192723954893689,0.02042223816671835
486,-98.5,31.5,Hot-Humid,0.44928091764450073,Semi-Arid,0.8004546049330884,0.037798884986961996,0.859534166653734,0.013716297078800689,0.8706598426559475,0.04932953187601836,1.0420120049628085,0.028275484974771267,0.7287409547171372,0.02996843207064309,9.350569700279369,0.5151566592765221,7.593117410132228,0.47420918934093886,0.5201941536274419,0.028659374877434928
487,-98.25,31.5,Hot-Humid,0.45890113711357117,Semi-Arid,0.7744624225184692,0.03197315287347188,0.8522343995811006,0.008830728653356377,0.8701471470766078,0.05061860499941583,1.0986025088386402,0.037979502344831786,0.689983934839572,0.030953647067046446,9.826448352273871,0.48407570426780955,7.780650289028438,0.4849794203535023,0.5562511614345705,0.027402339387345116
488,-98.0,31.5,Hot-Humid,0.47815972566604614,Semi-Arid,0.799724060255419,0.02449190647630635,0.8541398808779073,0.005419089264847101,0.91743381237681,0.06177669719000769,1.096141340646569,0.014926749531414917,0.6929892555462844,0.01770052314951718,9.704383114633362,0.2827302616564105,7.50803006296685,0.25887442077085693,0.5538974740292042,0.016137406769004985
489,-97.75,31.5,Hot-Humid,0.5150964260101318,Sub-Humid,0.799213286831019,0.039194592220071725,0.8561125384646203,0.01101931832677954,0.8683781070439522,0.06422051611591281,1.0061058848861748,0.01015571616775809,0.7286022748245962,0.01775569556080284,9.186016169480475,0.304108759141521,6.855210908932186,0.14992910583309685,0.5207302334213637,0.017239097146309678
490,-97.25,31.5,Hot-Humid,0.5506331920623779,Sub-Humid,0.7489530580524264,0.053263842546436437,0.878122737436413,0.014573062865181969,0.7974551467627082,0.05498231930962526,0.9211450564373542,0.027596786360676636,0.7435515922407288,0.034246022749607946,8.910427274180947,0.5981293493195068,6.743444808238557,0.3884905344941229,0.505497061145763,0.03393245003437063
491,-97.0,31.5,Hot-Humid,0.5856980681419373,Sub-Humid,0.6590667012890001,0.04031573993228613,0.8855029648345333,0.007909170474540003,0.7382792199892094,0.04125063962000661,0.8156128278162923,0.025458251722845583,0.6914168086770329,0.03132074579306417,9.000222952204698,0.45487583141828597,6.502193243263022,0.28388236627644314,0.5549359381567196,0.028046743685509443
492,-96.75,31.5,Hot-Humid,0.6081930994987488,Sub-Humid,0.6667792257220374,0.05165284068885012,0.8792897407967007,0.011865461776119312,0.739693125553222,0.05523592023415549,0.8330122901212882,0.022403389973735397,0.6950746300550856,0.03433813018570693,8.896563868029395,0.5002005561802607,6.5963231795054185,0.3895530431420096,0.5515035681677691,0.031007745869644415
493,-96.5,31.5,Hot-Humid,0.6310937404632568,Sub-Humid,0.6701956108391846,0.0332130882579465,0.8973160920223313,0.008780303211833783,0.7509828729229847,0.04304074979590486,0.8124832695137687,0.022183999119626065,0.722898112819432,0.0162225448560627,8.61677651794852,0.2523118612926153,6.301713642741243,0.13481360369804113,0.526224236212319,0.01540861785372441
494,-96.25,31.5,Hot-Humid,0.6771070957183838,Humid,0.681805115606795,0.027137542447706636,0.892778973806109,0.006572675265124474,0.7729056851509106,0.04057672670187177,0.8070071460710198,0.014619627714204,0.7215127355785196,0.009584294820298163,8.56499186488227,0.1478520136404477,6.171432353013157,0.101699797165181,0.5276560350061189,0.00910859093807925
495,-96.0,31.5,Hot-Humid,0.7095419764518738,Humid,0.6544804331048996,0.031052517812976597,0.8961997662254448,0.006746234800970781,0.7484035551484454,0.042138749126008415,0.788879811066507,0.008002791620341607,0.7097484989418146,0.020302499013187873,8.6463145973228,0.30063653043582406,6.244042143119433,0.1813379733882662,0.5384895952631569,0.018723543051028108
496,-95.5,31.5,Hot-Humid,0.7532638907432556,Humid,0.6021834046339698,0.04284791423898993,0.8974999300058224,0.009148601141304074,0.6941242097889649,0.045552331249244814,0.7682067849760912,0.016026197580134644,0.6795344247210263,0.038169048063723024,7.566750182879089,0.4441254349306869,5.171268275551112,0.31577601166290564,0.5653183111758294,0.03318098718170128
497,-95.25,31.5,Hot-Humid,0.7830920815467834,Humid,0.6591197208854922,0.033632079529568155,0.9076533176885764,0.009708345316683093,0.7188158007071064,0.038001957294928404,0.8339226052712417,0.029567144361183753,0.7430176810539193,0.0254745482472098,5.235467995149024,0.2611383155428424,3.766599678187603,0.1793530006831927,0.5064305096394924,0.02526009333822616
498,-95.0,31.5,Hot-Humid,0.8222994804382324,Humid,0.6740230893974859,0.06153794082102139,0.9020551981393605,0.01277432015162174,0.7208395479710182,0.06053033862058238,0.8675500184545015,0.03811261036910235,0.7495616359586932,0.04017010634327524,5.094776030529638,0.39943274616005653,3.72713690516935,0.2871658750615435,0.49921228773051884,0.03913846924971031
499,-94.75,31.5,Hot-Humid,0.8439845442771912,Humid,0.6309412098456114,0.06580177535123716,0.8871903982254817,0.012250469534095408,0.6935317116672373,0.06201040420921692,0.8310856322315795,0.04017331934536436,0.701295559920508,0.04652320865859502,5.367372380128989,0.4053701355612753,3.887487629772778,0.24188470855642216,0.5452958664242387,0.04118340290898253
500,-94.5,31.5,Hot-Humid,0.9224459528923035,Humid,0.6133318154890816,0.06415558186469723,0.8717203661829489,0.01743426434357019,0.680088458261029,0.05364840465283312,0.8262166690713091,0.039680707619990443,0.6789417138702925,0.060884911869207886,4.730012744324523,0.4373456056163741,3.29735330218112,0.2519734788429476,0.5646922806475341,0.05221247823550114
501,-94.25,31.5,Hot-Humid,0.9658387303352356,Humid,0.7361534712087453,0.05127906347515522,0.8837291943068457,0.016648643993909775,0.769362167491837,0.0583663406914601,0.957571264087837,0.0179816332046343,0.7628349073043689,0.029740914208096547,3.9364636848204,0.24208165884352487,2.9246401563183504,0.19913540662858004,0.4862609457329242,0.029903706930607236
502,-94.0,31.5,Hot-Humid,0.9458838105201721,Humid,0.22824867898463683,0.2741572180389055,0.765529819854037,0.026588139696948287,1.014854129677483,0.18882893060438166,1.7126246038195247,0.28197622632843966,-0.2506005694429795,0.5998238217498819,7.8868464237209635,2.039678522029208,6.5823648085800155,1.7719878896610406,1.089533776338409,0.28177278004791695
503,-112.25,31.75,Hot-Dry,0.11856963485479355,Arid,0.6798544448329118,0.035317110382303146,0.8727696328111085,0.0029272101690328567,0.7082519949960469,0.037114256837142034,1.030288992244127,0.014155300063873073,0.7276712445130182,0.01872945564753476,16.536930413241766,0.5673705314123644,13.066462536459175,0.40402962718906243,0.5216057362437536,0.01789592846828348
504,-112.0,31.75,Hot-Dry,0.13740460574626923,Arid,0.7293053603188271,0.03019633507379177,0.884897127901176,0.007987622785387368,0.7559383391358566,0.03265869420776617,1.005240804668593,0.017975588682983483,0.7643392960412145,0.015978642391036822,15.559387073379924,0.5333938186011731,12.388334462535633,0.4923650854204815,0.4852209328765854,0.0166339358376823
505,-111.75,31.75,Hot-Dry,0.16334018111228943,Arid,0.7512425250732738,0.02134839389798854,0.88586335756883,0.008204085150187538,0.7800568449801638,0.025451964744134668,1.008619704660281,0.015665765125676606,0.7717223219707237,0.012420830801011206,15.34923632176417,0.41918216413146614,12.171170708613191,0.4232033366081208,0.47764166131228575,0.013044223248054109
506,-111.5,31.75,Hot-Dry,0.20639154314994812,Semi-Arid,0.7143900427962855,0.013545237848559408,0.8688266162063998,0.015465489971013957,0.7476546284964107,0.01855946379562232,0.9878714755195699,0.016627316614806664,0.7383399826925989,0.02147176876425638,17.43078505711672,0.7156721336475296,13.756675914791632,0.5526449194808257,0.5111825671138986,0.02098810336373574
507,-111.25,31.75,Hot-Dry,0.21629351377487183,Semi-Arid,0.738821332491277,0.019073235413817172,0.8648991541786563,0.01367289024132005,0.7781276958238419,0.02641644217902632,0.9966498720875838,0.01958075183323877,0.7384634865349161,0.016559494217522976,17.25655005422036,0.5543419182935999,13.720637126310441,0.410640720995199,0.5111954450363514,0.016421420430736477
508,-111.0,31.75,Hot-Dry,0.18619410693645477,Arid,0.7403375250569315,0.0273055033460656,0.8724335790457204,0.008374524866939338,0.7755547243355249,0.03365221574601253,1.0023185451376955,0.022492795960944733,0.7490507755883113,0.00831893795630761,16.592479182577584,0.2744459779673678,13.316562738933044,0.30021756043386233,0.5008935134487821,0.008284971078963655
509,-110.75,31.75,Hot-Dry,0.35413965582847595,Semi-Arid,0.787014254634725,0.012479910919272216,0.8679753361431614,0.013506462403058203,0.8355158261669811,0.020084429858880266,0.994542343980654,0.025088290925632844,0.7499180601199487,0.02075888516954858,16.01353428565157,0.6620523222482423,12.432565194984615,0.43623151315879505,0.4997403737386149,0.020660915264115447
510,-110.5,31.75,Hot-Dry,0.2347644865512848,Semi-Arid,0.7454227325805496,0.01711315917061743,0.8843684071774165,0.009086290837660296,0.7791643743897801,0.019684525893588732,0.9527844784854738,0.019348643307939593,0.7618610435566092,0.01711356125344927,15.557606330585486,0.5555676230200731,12.290803702574456,0.4207005648320116,0.4877461005582561,0.017417585711224377
511,-110.25,31.75,Hot-Dry,0.1801106184720993,Arid,0.7884231214408797,0.027362167840814335,0.8934233115642595,0.008736799389338096,0.8201648513113348,0.03423423698061596,0.9832782855291604,0.02197121557745461,0.789595003060481,0.012266455140064471,14.811268504765073,0.42977374776959687,11.22058318190251,0.33197622846941083,0.4585448386190244,0.01330544603592202
512,-110.0,31.75,Hot-Dry,0.19065441191196442,Arid,0.7904868075838184,0.012968817192141975,0.8778583596238999,0.017696553696404712,0.8335564766646979,0.018320852121470832,1.0269710180241718,0.014221905483586322,0.7653937775043337,0.02796410466875987,15.45585031481993,0.9028036981512068,11.377554110510308,0.47973453412400524,0.48370197080216054,0.028253892160465366
513,-109.75,31.75,Hot-Dry,0.17626439034938812,Arid,0.7938788153370375,0.018314809923377074,0.8691168434240104,0.009311032506116344,0.8420460766333155,0.024192985716303274,1.0013826274009818,0.012987379873067426,0.7536857295925785,0.015322333690048373,15.893358072833191,0.4877064850819331,11.387452727253784,0.289248202822909,0.4961137553346207,0.015223837197038256
514,-109.5,31.75,Hot-Dry,0.21134504675865173,Semi-Arid,0.8001188846728182,0.019222486905161974,0.8651079199994772,0.011930824174176116,0.8545281355286564,0.029824132710958903,1.0011178510148748,0.00890354635923259,0.7471326535468489,0.020077861335400658,16.259459757221403,0.6424351908370919,11.916503162248116,0.4627599525890722,0.5025454486912956,0.01985631048355796
515,-109.25,31.75,Hot-Dry,0.3523973226547241,Semi-Arid,0.8216067238392762,0.027803314832706705,0.8555264489092573,0.015078369970654204,0.9029815289228142,0.032870225895262846,1.0126471024449006,0.034481758649095265,0.7256597415639804,0.025822128016232355,16.590186670472786,0.7801332676009434,12.154552394894099,0.4612960201075463,0.5233123451867152,0.024608123943115966
516,-109.0,31.75,Hot-Dry,0.2127864509820938,Semi-Arid,0.8079772669894989,0.020100868243519733,0.8663958036742635,0.011500685018374831,0.8714967336183133,0.023630162878530973,0.9598121466377727,0.028835987255902914,0.7423106558438962,0.021808972257803667,16.579540381587304,0.7015853719307764,12.163025114721895,0.4183888444118983,0.5072679001442129,0.021465717999424334
517,-108.75,31.75,Hot-Dry,0.18385834991931915,Arid,0.8233128147703684,0.016208817720151886,0.8803035710590678,0.008130888860740598,0.8968263061501116,0.03013724003320857,0.9255816120334526,0.013177049086792533,0.752975661357499,0.013211688022245798,15.908898378959137,0.42500714646333526,11.967572038483922,0.24112045808769764,0.49687360488055676,0.013274007284032467
518,-108.5,31.75,Hot-Dry,0.14246666431427002,Arid,0.8018963227079535,0.024354310465642157,0.8788351381024982,0.0052798179566093065,0.8613076774520778,0.04007019041678409,0.9335016087586819,0.009634279100041766,0.7543230170939099,0.010540363079614312,15.98477630626699,0.3455355079632415,11.923826307071925,0.31741357906506795,0.49556551365027596,0.010712410246309069
519,-108.25,31.75,Hot-Dry,0.16102640330791473,Arid,0.8430640579002565,0.031247843837748625,0.8970451569684069,0.006245299167679893,0.8855540781786144,0.045292529533080994,1.0045587551012531,0.004917767595892897,0.8026570092976197,0.010791906914976538,15.521870376911929,0.4242098650325506,11.454411598425152,0.17597917770662994,0.444100373520061,0.012137181598428692
520,-106.0,31.75,Hot-Dry,0.137405663728714,Arid,0.7263532004972522,0.022132392089763062,0.8775015776960245,0.007294544327579134,0.7568892826212237,0.026399202146166045,0.9803374896499895,0.014960105966265888,0.7527223336329051,0.006882725114790109,16.34577658018508,0.22745573966172913,11.96161816339306,0.25041115017328686,0.4972317036502578,0.006919108699560539
521,-105.75,31.75,Hot-Dry,0.15628300607204437,Arid,0.675931091953346,0.029507004448621133,0.8588328814124588,0.014389977672318949,0.7144929602139982,0.031160846385277417,0.9433355519678782,0.012321077440232527,0.7056802188015039,0.027233624032200587,19.400063297623568,0.9034460231853779,14.214773737773495,0.48933583153875193,0.5420424652449859,0.025242500609942254
522,-105.5,31.75,Hot-Dry,0.14783340692520142,Arid,0.6736735438808187,0.0331031348075574,0.8372794978703701,0.01690089364594416,0.7235677042993626,0.032771848782733155,0.9440477086563701,0.017834928559990717,0.6766634595791847,0.03305310590837113,20.275037990603327,1.0417120325922333,14.792572071561574,0.561257136950345,0.5680274138111319,0.029184704466819856
523,-105.25,31.75,Hot-Dry,0.14079676568508148,Arid,0.6586815045535632,0.031833752676870886,0.8114937880231421,0.013255828834955047,0.7182213623861399,0.043425184092841636,0.9850147180833005,0.02503755800352382,0.6454148468942407,0.017630167376172467,21.325875417320685,0.5304484873301986,14.94907546613327,0.26909295795510124,0.5953232209981092,0.01480775329834799
524,-105.0,31.75,Hot-Dry,0.11594150960445404,Arid,0.6824002099915136,0.022898911894747898,0.8443552013346695,0.01237360328853887,0.7256811979695833,0.02708070444201256,0.9718063989319286,0.019651673494622605,0.694573025537725,0.014701175542247147,19.70231959618594,0.47605001036687794,13.544664382737826,0.23888734029614092,0.5525254676081145,0.01335019226029233
525,-104.75,31.75,Hot-Dry,0.20133724808692932,Semi-Arid,0.6449222824880744,0.02462820656527115,0.8287389945333985,0.013273843948696485,0.6920726001584399,0.024525210053687234,0.9681583579541491,0.03122046397203248,0.6618776116951549,0.020860483338982768,20.83639002263588,0.6438493003052806,14.572106288670932,0.28947514901889754,0.581260963287845,0.017961099024403335
526,-104.5,31.75,Hot-Dry,0.18842341005802155,Arid,0.6820309901129381,0.02108580778623534,0.8091078386990903,0.017958183091884173,0.7515027637528663,0.030626594252426705,0.9582446109762641,0.025430945889447006,0.642042386955793,0.02185688055088059,21.725608331728516,0.6680792174398439,15.043114042856539,0.48801798943366576,0.5980694166360769,0.0183910959702524
527,-104.25,31.75,Hot-Dry,0.1761922985315323,Arid,0.6462043803398658,0.018956262364592764,0.7933716118165097,0.02373613171435588,0.716770239992743,0.02558915473052369,0.9690756947965514,0.027693522634088533,0.6170996806722163,0.030989423238548714,22.701502600802478,0.9413731184333004,15.53243777954645,0.7274152420586478,0.6183642215179435,0.02564197911363581
528,-104.0,31.75,Hot-Dry,0.16186955571174622,Arid,0.7064999548670984,0.02198008931153016,0.8220187667244053,0.018465057832084936,0.7706766793962674,0.03634529798558465,0.9756787657648381,0.020651801103700917,0.6674384715040365,0.02588181779146961,18.425492913714603,0.7067695667007388,12.628468247298095,0.48291949552225283,0.5763423773148193,0.022107481964993857
529,-103.75,31.75,Hot-Dry,0.16242779791355133,Arid,0.6677874138662662,0.01841353728410193,0.7916919707917723,0.01617211862719434,0.7451290800488017,0.0333432019036077,0.9738247605229315,0.025030976099242538,0.6182079138858587,0.020192521650687262,19.90081501271233,0.5300942564513073,13.406780176432264,0.3988092655507161,0.6177179759737854,0.016454037232206866
530,-103.5,31.75,Hot-Dry,0.17628923058509827,Arid,0.6453690154219183,0.016107085634457702,0.7822397065194837,0.023543996884815146,0.7246761110608606,0.029698155979766595,0.9655144721970135,0.02262754730016201,0.6009086078521662,0.030547402391580342,20.7066395922119,0.7984047195997732,14.222898167149385,0.615785686750499,0.6313614565037936,0.024343977418509202
531,-103.25,31.75,Hot-Dry,0.17163287103176117,Arid,0.6454713510529733,0.019924040115532282,0.7715951962365124,0.024805484259146842,0.7418160918882429,0.03136288312016318,0.9272435125506944,0.027563371941175977,0.5685122428806211,0.03112802238641119,20.820747708698157,0.7562078084540613,14.33957604595058,0.5840331665797471,0.6565309468867302,0.023845148861780546
532,-103.0,31.75,Hot-Dry,0.17315040528774261,Arid,0.668630695645797,0.026511599111111634,0.8020606225749249,0.013554491454296365,0.7427205572337406,0.03558779412519502,0.945644858140291,0.03317652149060395,0.6219691395628615,0.01766572001993714,18.75185270030868,0.4366743065877624,13.029003937065582,0.438907361756253,0.6147088184158881,0.014314721394474315
533,-102.75,31.75,Hot-Dry,0.18462462723255157,Arid,0.6746539349949344,0.019697782654173598,0.8241283888803602,0.014690320885731361,0.7293575461357158,0.031296411823857395,1.0092893713651814,0.03427450836617682,0.6649716147547711,0.017187618005968096,16.97219626965772,0.44141960905373223,12.453338265513818,0.5368474094306332,0.5786598162222804,0.015050013904717418
534,-102.5,31.75,Hot-Dry,0.18495459854602814,Arid,0.6663283048944096,0.01769535932060576,0.8251074607149615,0.010100105663290317,0.7182757266237401,0.024985531116023488,1.029196101196749,0.015727792126426186,0.6648362624666989,0.012950831242436338,16.95784229716505,0.3252021168375167,12.622788747609311,0.2975132403260604,0.578848130725328,0.011100624368395443
535,-102.25,31.75,Hot-Dry,0.19838698208332062,Arid,0.6685959184206547,0.004015408104877943,0.8218233411452689,0.01090749229856868,0.7250363024039059,0.011206301399112436,1.0473554055321015,0.00801788908894585,0.6575370042178493,0.015528995377106924,16.95175847970604,0.38867753473920286,12.80229812412154,0.27069091635416065,0.5850803588540624,0.013414985340663457
536,-102.0,31.75,Hot-Dry,0.20305901765823364,Semi-Arid,0.6699853686835034,0.01961026372351305,0.8397781756971545,0.007363301696347428,0.7128895405748057,0.024339733075490432,0.9803718344083212,0.01625116935751352,0.6862570073577098,0.007805467051489813,15.96372224881853,0.1978512302951437,11.929459732594108,0.13032598456915012,0.5600932449560382,0.006941685395632131
537,-101.75,31.75,Hot-Dry,0.20857588946819305,Semi-Arid,0.683452867275998,0.02599779895276244,0.8330894294802249,0.006655323980928361,0.7322878980399573,0.0321778426450804,0.9930134468879988,0.019407155540659294,0.6815269938506393,0.008275771954830367,15.38224638044658,0.19913718365109023,11.65012512997237,0.1888729365396621,0.5642962979500756,0.007305329321818592
538,-101.25,31.75,Hot-Dry,0.2580130994319916,Semi-Arid,0.6972536775793601,0.02375635977568505,0.8412603221681783,0.014875419667573792,0.7473787670185074,0.03151737102612377,1.0438440058441623,0.015694732157820634,0.6902502912265456,0.01926085961083664,14.549854160635451,0.4503743527462414,11.41965354902391,0.3450812317143199,0.5563384430205682,0.017220830079598334
539,-101.0,31.75,Hot-Dry,0.2674403190612793,Semi-Arid,0.7281637669143685,0.025489381675440775,0.8453097718924619,0.012819688608707858,0.7808168790641752,0.03336802551273344,1.0348208031688766,0.016190017687317294,0.7040772067534092,0.01692098566962687,13.90808956334042,0.3921787470458666,10.655000202161704,0.39613418644056025,0.5438149293608904,0.015334432284916015
540,-100.75,31.75,Hot-Dry,0.3132743239402771,Semi-Arid,0.732401640826901,0.035100501191562584,0.83388015453096,0.019247833755547266,0.8033603249602976,0.04732180564213349,1.0633573528481963,0.01693860406494625,0.6779364401467409,0.023811100730012455,13.645433637769504,0.5001795683420808,10.676216625277718,0.2834757170662037,0.5672016803009383,0.020791035239111747
541,-100.5,31.75,Hot-Dry,0.3250882923603058,Semi-Arid,0.7452205260974873,0.030044061848078313,0.8471888137962287,0.01644400692621752,0.8013803677315365,0.03788361921107137,1.0310213431070359,0.025171834200728035,0.7094288939316024,0.02048505965756743,12.79585108031097,0.44700596083679883,9.947080334414686,0.2870404590064863,0.5387835385998808,0.01882168304736457
542,-100.25,31.75,Hot-Dry,0.33492860198020935,Semi-Arid,0.7722091329025299,0.022349840196808374,0.8625311376700312,0.015196255992366636,0.8303811742175855,0.02844804608741115,1.0572916653316184,0.025138325172999174,0.7299443338068428,0.019575771848100082,11.05313821090038,0.3936040273933606,8.699218059947748,0.24316747206755765,0.519405411331924,0.01849611014078661
543,-100.0,31.75,Hot-Dry,0.3303793966770172,Semi-Arid,0.7763950988446608,0.018768777267408637,0.8588794530160883,0.010214541249304416,0.835471660532239,0.026957637612215216,1.0464702741536835,0.024291328415503386,0.7276162013436267,0.01591681223029167,10.882791932716462,0.320563268901131,8.502130670995284,0.2920783997071414,0.5217229741551936,0.015367859928776869
544,-99.75,31.75,Hot-Dry,0.36877012252807617,Semi-Arid,0.759909475577583,0.027095250896105365,0.855225435111873,0.0068423445290949556,0.8107775275885185,0.03306963714739064,1.0128006264820186,0.022072958800448756,0.7268325007401963,0.009768833824207006,11.189370340228642,0.20000517966384015,8.62292161291622,0.19065978484722074,0.5225875002679011,0.00934102668006098
545,-99.5,31.75,Hot-Dry,0.40000948309898376,Semi-Arid,0.792500092629097,0.0287530730806453,0.8502482582102241,0.00784448025553685,0.865373662385094,0.041826610308332034,1.0346234539509895,0.025499594500101985,0.7157573328887668,0.012900703350532203,10.78788295534405,0.24679009089572307,8.26699297529397,0.23258344072014261,0.5330325625393533,0.012193973099634164
546,-99.25,31.75,Hot-Dry,0.41924262046813965,Semi-Arid,0.8011627593488626,0.025589384020964234,0.8551587262724002,0.007921987378367554,0.8685526843389221,0.03816009945984839,1.0105384049029797,0.02440520749076215,0.727922104804074,0.016197813080895098,10.494380206007241,0.3130414356777666,8.166499684643545,0.3161506045514368,0.5214253139960535,0.015553822682984093
547,-98.75,31.75,Hot-Humid,0.457979679107666,Semi-Arid,0.8024649329516282,0.030940044565919988,0.8510779446579212,0.014664190343125041,0.8819000511783683,0.04652594617995568,1.0300373936587561,0.03268311081655351,0.7160662747236041,0.030911918032958608,10.203683973963926,0.5549556394843105,7.914445596307004,0.48857875127039696,0.5322249562096124,0.028946529672662202
548,-98.5,31.75,Hot-Humid,0.46070683002471924,Semi-Arid,0.8034175107176065,0.03093934727536288,0.8722062128719468,0.011321642791992294,0.8809337777894551,0.042397249804159425,1.0770064237848607,0.042306883999468914,0.7367003814796798,0.038300700834173175,9.724928779708021,0.6992631310366545,7.7736237338996546,0.637723103709255,0.5120693824718041,0.03681993439812012
549,-98.25,31.75,Hot-Humid,0.47006386518478394,Semi-Arid,0.7519859482904779,0.031233564132202234,0.8698054485351738,0.007644184556051215,0.9554568964369713,0.055274840761425234,1.199247911525628,0.038176652741449296,0.6363716416053171,0.054951025586742044,10.720886072332894,0.812824398442293,8.614730308336195,0.7427827485555814,0.6016343117312339,0.045614051321484696
550,-98.0,31.75,Hot-Humid,0.5067567825317383,Sub-Humid,0.7655801905952526,0.014176628696681551,0.8727839122020962,0.010380523734158377,0.9869710399243949,0.060194078762733985,1.1886371468414303,0.015447597131840445,0.6481979396156958,0.03805714523211844,10.49600268400274,0.563678323503469,8.315311005063974,0.46440765540795775,0.5924459593068561,0.03181677398172483
551,-97.75,31.75,Hot-Humid,0.5224385857582092,Sub-Humid,0.8225695537702922,0.038029524535175045,0.889033502872078,0.009485358645338348,0.8842982426134481,0.06331006106981199,1.0590523270786738,0.014680466134925147,0.7770154666292104,0.016653438545338243,8.412988634833246,0.3156619833769379,6.625969714284713,0.16296013201659315,0.4719466919685857,0.01770781291896295
552,-97.5,31.75,Hot-Humid,0.5459347367286682,Sub-Humid,0.8189893137238198,0.037049918795730864,0.8826573945113332,0.011973725077511925,0.8711444202942271,0.05809012421842439,0.9981629419837462,0.028990027744470372,0.7738525616236455,0.019229129534551217,8.35646132212177,0.36362731863210085,6.401540436975765,0.2501772455128629,0.4751898421757457,0.02067765307477118
553,-97.25,31.75,Hot-Humid,0.5517892837524414,Sub-Humid,0.7885098769365199,0.03347618800863429,0.881263656886073,0.011597733050427765,0.8466629568145871,0.044295271060743505,0.9254444537263851,0.031189662850935017,0.7568282683498624,0.020756024170581106,8.696039304579312,0.3772742423944424,6.5560558082143405,0.23384606708825825,0.4927536090504344,0.021377921376658615
554,-96.75,31.75,Hot-Humid,0.6080812215805054,Sub-Humid,0.678889767859067,0.052780672439354366,0.8857693589538297,0.009471349539178137,0.7421941790134168,0.05532161504960903,0.8487763367570557,0.023430579273975773,0.7181561677808841,0.035784112204240104,8.88345693220981,0.5545352079902754,6.596458282700607,0.4210415309333124,0.5300641087962752,0.03308838136578925
555,-96.5,31.75,Hot-Humid,0.6406334042549133,Sub-Humid,0.6342170578300577,0.04304049200140365,0.8908455539284847,0.008340166427184723,0.7157555000671416,0.04734031339074775,0.7984638031446121,0.011409948691278144,0.6918088253036595,0.03362885730002292,8.958015646800279,0.48672873621234736,6.54422834340366,0.3531946400906666,0.554495273653119,0.030128188476351285
556,-96.25,31.75,Hot-Humid,0.6855877041816711,Humid,0.6592180976304759,0.029860520480974834,0.8848295997674152,0.009112202025753701,0.7467914136013951,0.035201913938479795,0.804843525941853,0.02009357080740236,0.6982426768328973,0.02282311409081289,8.820573418176403,0.3364572215539372,6.391671620746351,0.2242123339199524,0.5490049940890694,0.02094157445022808
557,-96.0,31.75,Hot-Humid,0.6958678364753723,Humid,0.6849147863624641,0.0426773239203714,0.8828749041544175,0.010131846474333598,0.7573473861461567,0.04145942437908074,0.8377536240943162,0.021097360820966138,0.7180005821821301,0.03196267037855939,8.393062390758583,0.47683983564233823,6.0272830476157555,0.33922770193457413,0.5303518711810036,0.03013118303100083
558,-95.5,31.75,Hot-Humid,0.7755444645881653,Humid,0.714340057167669,0.016982721028658488,0.8942848639942561,0.012627973244560099,0.7914767077291975,0.02280885121488661,0.8375398088120072,0.017233635251568003,0.7474281556469773,0.02004940551267527,6.922019471777102,0.27282099593886816,4.777901354891918,0.1873357569837427,0.5022532758034326,0.019795558142669156
559,-95.25,31.75,Hot-Humid,0.7969090342521667,Humid,0.6366103549294516,0.04695988234567502,0.9080465820560839,0.012876798323320011,0.7040555835887254,0.050440693904514285,0.8127114209065185,0.025802558489868784,0.7299245203565196,0.040328936808723764,6.1801051084618575,0.4426644441388031,4.2650270305615345,0.2668785349896087,0.5186246411144377,0.03714769966634876
560,-95.0,31.75,Hot-Humid,0.8089485168457031,Humid,0.6832784643505947,0.03590976115198109,0.9102339087623912,0.011572217507440079,0.7389311341758971,0.044692076078216555,0.8482052922696155,0.021867912035096863,0.7641096416638482,0.02786523730424149,5.722565061557064,0.3368275074270159,4.076993171224279,0.2582661914779272,0.48501379573800446,0.028547685544652788
561,-94.75,31.75,Hot-Humid,0.837011992931366,Humid,0.6206309100211785,0.07000267135480723,0.8966350642717795,0.018649818389064574,0.6862638538803059,0.06526774785796938,0.8162324697225036,0.03984133242095184,0.7072751869353817,0.0634532205614485,6.2223725341661,0.6521808731705572,4.362284543055784,0.3989449137497482,0.5386785844873201,0.05646011511850153
562,-94.5,31.75,Hot-Humid,0.9029045701026917,Humid,0.614807680617208,0.04309932699792974,0.878688206059192,0.020489052333081133,0.6694457128569533,0.0479340158384618,0.8469920197320464,0.01907411420759096,0.6970283834873044,0.03745493981716843,5.329429583721954,0.3415172534565847,3.8128711167258027,0.25540524421255334,0.5495266794851821,0.03521443323918162
563,-94.25,31.75,Hot-Humid,0.9730849862098694,Humid,0.6566647402529611,0.07521581271199956,0.8735957819536738,0.020195969061009317,0.715997967585225,0.0734165065881436,0.8584983765752915,0.03722997278601074,0.7069439863358327,0.055182955503514396,4.894587998862921,0.46017143398315796,3.435704848968741,0.2299631405949447,0.5394425716552093,0.05071643656377386
564,-94.0,31.75,Hot-Humid,0.9645727872848511,Humid,-0.15968005130947766,0.43122548348383066,0.6884775237965708,0.05858116650287639,0.9751519352945037,0.12249317202074979,2.108627370814966,0.43611174666273916,-1.2686359958233244,1.3289016236858904,11.759467607484599,3.5741701936480377,10.27444734291674,3.4853960752433,1.4534489294914028,0.4417609721099462
565,-113.0,32.0,Hot-Dry,0.08431965112686157,Arid,0.6457334385257621,0.04049282635399854,0.8615507110195366,0.012779945929968917,0.678892922603149,0.03992964625985239,1.0549958603857026,0.011611599795746047,0.6853350854859451,0.033921797503521464,15.735497977360698,0.8607244394912812,12.508346393719652,0.6853671471130758,0.5602798597603811,0.030647048408911845
566,-112.75,32.0,Hot-Dry,0.11006642132997513,Arid,0.6575210429026179,0.03948325412743764,0.8772839613806752,0.007438996541668462,0.6873088529370406,0.041142685293892596,1.0650000614002526,0.010033879702474324,0.7071466129634871,0.027196847417663834,16.922496617329593,0.7993034421697501,13.530746749256156,0.5958756950441835,0.5406770196928449,0.025537898615976763
567,-112.5,32.0,Hot-Dry,0.11384181678295135,Arid,0.6636562486532493,0.03106342865769801,0.8670406831258008,0.006771481272247037,0.6927097132612992,0.032110662049292304,1.026987455694737,0.015956474266297985,0.7153409680011836,0.020040726727429445,16.817582562511696,0.5905670027799425,13.38502462108075,0.5400848974649773,0.5332714974192877,0.018726386430883427
568,-112.25,32.0,Hot-Dry,0.10872719436883926,Arid,0.6722157494299135,0.030195156402582836,0.8730864462058072,0.006280183036055381,0.699899571062031,0.03191660006263711,1.0309890595801214,0.015723606934710914,0.7251838823018937,0.018240241087340743,16.666356013747652,0.5652136414750533,13.245802967994365,0.5697416454699734,0.523988065187208,0.017770243367514163
569,-112.0,32.0,Hot-Dry,0.13789919018745422,Arid,0.744306193007022,0.029098617116538415,0.8876127346644381,0.005133725122269904,0.7712054296620302,0.032975516314344776,1.0017712187444552,0.015195585690932252,0.7725373397421839,0.010512160490862772,15.093314781661395,0.34701875185606273,12.110605481498016,0.29619415950685374,0.4768296440155672,0.01096305419372158
570,-111.75,32.0,Hot-Dry,0.17539212107658386,Arid,0.7616298600315461,0.026883580617729705,0.9002893831927918,0.004667290037611388,0.7865783808977371,0.02760053972762194,1.0320055082517325,0.017898997166264526,0.7913147345467944,0.012995146908975163,14.54393407031053,0.45106550726520445,11.724358441419563,0.31969970243400886,0.45664516508438674,0.014162391140748225
571,-111.5,32.0,Hot-Dry,0.20599451661109924,Semi-Arid,0.7291198088514663,0.019760294353546315,0.8620427454835283,0.008998833723775485,0.7691409411196386,0.024804526002181613,1.0128598566966032,0.02823945540034528,0.7307526180390598,0.0060441261761698195,17.4185681082019,0.19590046734865835,13.720605654502965,0.22877632365496572,0.5188642786637827,0.0058354828048636405
572,-111.25,32.0,Hot-Dry,0.18231646716594696,Arid,0.7236276836384277,0.02470341053917774,0.8720685269718382,0.006705297682637948,0.7572219303753613,0.028837128628219716,1.0194192726176319,0.024593449596108763,0.743294215610679,0.004802840072641374,16.985083639368405,0.1595009130938889,13.755732377053565,0.4364148126351454,0.5066435391314137,0.0047577102839385585
573,-111.0,32.0,Hot-Dry,0.14335866272449493,Arid,0.7150440222549086,0.03601029744150169,0.8734290249524989,0.006521813813176537,0.7469444247019392,0.03738080217880951,1.0245908141105706,0.02300466463668205,0.7422414589832168,0.018278262090089162,16.96336782869701,0.5996696078989467,13.54368100028915,0.6098510256760563,0.5074456672197978,0.017938639742099423
574,-110.75,32.0,Hot-Dry,0.19923315942287445,Arid,0.7604977184019821,0.026265455773952964,0.8738045051843544,0.007491459648661695,0.7975108125473083,0.025862649125589075,1.0109357705295594,0.018923475176556837,0.7560234212744661,0.01716327604577236,15.615120663499749,0.5395446102928264,12.197125928943759,0.7002207982669256,0.493704138400172,0.017058811948583115
575,-110.5,32.0,Hot-Dry,0.21475590765476227,Semi-Arid,0.7571122268032477,0.02560655081761691,0.8824509215282073,0.0028168042089961364,0.790902974102226,0.031118573455672704,0.9741408219074208,0.025737558740025184,0.7652860721412519,0.006223246052086585,15.259625002103636,0.20146953406155696,11.735161793410333,0.2508581018767325,0.4844390584749176,0.006395944289502932
576,-110.25,32.0,Hot-Dry,0.1755763441324234,Arid,0.7762249269085157,0.02673094111722862,0.8915643851558632,0.010491247416606507,0.8061976277366492,0.028218687640522103,1.0091742827456067,0.025495585364842498,0.7853189587173229,0.018828305749681168,15.097530336878624,0.668074007303001,11.228018017878517,0.4685637654944862,0.46297437488356497,0.02048687030298841
577,-110.0,32.0,Hot-Dry,0.2530858516693115,Semi-Arid,0.8057097747746214,0.02109695465142446,0.8828085053926049,0.010240452336261266,0.8476411977768843,0.024648189838981992,1.0187395325938184,0.017197950766571737,0.775883297973175,0.016724402351766962,15.231990374557455,0.5646577570186717,11.554566831892178,0.38485639671153815,0.4731496417652477,0.017539901804271903
578,-109.75,32.0,Hot-Dry,0.17337177693843842,Arid,0.7649243872189977,0.01279978882487185,0.866270650244336,0.009794793766580611,0.8084330907243643,0.01672216395670472,0.9893538363302159,0.022259713646427835,0.7452156383540324,0.015083298458635793,16.43485509671345,0.4875168631220342,12.16254358875878,0.5143537436003486,0.5045841199803668,0.01496777829232051
579,-109.5,32.0,Hot-Dry,0.1992567777633667,Arid,0.8040460293113447,0.01751248444079085,0.8611769762296587,0.007865848293092989,0.8671014025017281,0.02812772275779867,0.9683967001983145,0.005941204428630048,0.7374764699090296,0.014295108369999613,16.381375055203215,0.4464480534360329,12.310937792310739,0.27830652343432594,0.512218343856181,0.01395968786369893
580,-109.25,32.0,Hot-Dry,0.27524155378341675,Semi-Arid,0.8291854849966296,0.01895483249050494,0.874010033860043,0.007791902678194605,0.8881569808017483,0.02075992083242878,0.9882413229987381,0.026245895660820882,0.7612682511120175,0.01578937489577148,15.421794292547968,0.5100046392526026,11.702781778807529,0.2135443446841725,0.48838822697891143,0.016151185574817126
581,-109.0,32.0,Hot-Dry,0.1589766889810562,Arid,0.8495485262660883,0.014906949229366133,0.8976682076274178,0.0039365525824566535,0.9008951605268617,0.025704275223329097,0.9575122127651705,0.014734215574667333,0.7983493864096018,0.005318442129677615,14.351341413281869,0.1896547992011591,11.217576807201874,0.1450521385219649,0.4490238797469034,0.005933907590764393
582,-108.75,32.0,Hot-Dry,0.1608908474445343,Arid,0.844066568100249,0.033941980106084804,0.8885669377397669,0.0036635124263041793,0.9020770539775524,0.054643955825332415,0.9828464566365277,0.02590608609212756,0.7839057863172986,0.00552395618305615,14.864174276427486,0.19112578662011218,11.51087030929117,0.07846378439960815,0.4648286088730152,0.005976836106885291
583,-108.5,32.0,Mixed-Dry,0.1575831174850464,Arid,0.825910691515497,0.018307969841750177,0.8895235170657745,0.0063510476918724286,0.8690746296218836,0.023609884105627078,0.9772828789596761,0.01711904314123594,0.787769561268055,0.009020839961810925,14.987872976209067,0.32051104791342194,11.384420714136656,0.15270070556854354,0.46060050356588533,0.009849799921689198
584,-108.25,32.0,Mixed-Dry,0.16495390236377716,Arid,0.8141226009515382,0.02305410683107021,0.8921057887337751,0.00889930623826904,0.8491872526072346,0.024707971956729524,1.0045788124073407,0.004642817393263877,0.7935641982169155,0.01618231516670582,16.158075944366708,0.6390132076158227,11.791292436656365,0.3220442982710012,0.4540680895260376,0.017957305520969576
585,-108.0,32.0,Hot-Dry,0.1485196352005005,Arid,0.7760815272585392,0.04643165899222518,0.870567089115122,0.010727242250399545,0.8234568443534795,0.06207414094051989,0.9788387140672953,0.020044300697228394,0.749456191741716,0.013126475273302515,17.700888685832386,0.4612911405958173,13.045083667634819,0.2151718128030096,0.5004075923438205,0.013040790953046583
586,-107.75,32.0,Hot-Dry,0.13028046488761902,Arid,0.7820959424775424,0.03996452044936977,0.8854623094526932,0.011700105283300264,0.8240709148834876,0.047204216554816596,0.9488462265836262,0.015048675216447429,0.7684475056709,0.02042399337822936,17.12050207919959,0.7599957943425688,11.995401369355012,0.4067000049220204,0.480820172872939,0.02134407668233435
587,-107.5,32.0,Hot-Dry,0.1330270767211914,Arid,0.8119427718987504,0.03620754452316802,0.8906530071631817,0.006760792366710285,0.853823576124354,0.04882225245612037,0.9684637855525414,0.013784456172959644,0.7856366939245321,0.009042780171419159,16.30708747820129,0.34343319186823834,11.703030491322542,0.27005827585153525,0.4629117305498376,0.009749089369177533
588,-107.25,32.0,Hot-Dry,0.14742745459079742,Arid,0.8066539794013389,0.025705586145948044,0.8834487970528242,0.009467149500729745,0.8501835200311809,0.038541420553778745,0.9766933345807762,0.009930367729871869,0.7756200121017505,0.014336674901666914,16.91769740432668,0.5364386516555094,12.257054061676644,0.4030067429958962,0.47349725643730867,0.015013995328989161
589,-107.0,32.0,Hot-Dry,0.13124395906925201,Arid,0.778244259527183,0.03659539660393593,0.8712312209374453,0.00829153177284961,0.8262638538571236,0.0451712002124898,0.9636017107988379,0.024216601172900594,0.7490213753351711,0.01804036088000158,17.248993958563993,0.6217062206171432,12.544029203795736,0.29209832936212277,0.5007175433512023,0.018047383645758586
590,-106.75,32.0,Hot-Dry,0.12300478667020798,Arid,0.7467044555904814,0.03319448764248989,0.8727504026789464,0.0028516459411398578,0.786263730410068,0.039689814671479265,0.9615830057202144,0.022964184095152974,0.7463050564755582,0.010878049506242677,17.228162188259642,0.3677392134944527,12.475192503988394,0.34377360238105104,0.5035896212144098,0.010749240064361376
591,-106.5,32.0,Hot-Dry,0.14727677404880524,Arid,0.7576578947615843,0.020333854301724286,0.883491349658865,0.006368742438121955,0.7928481845484526,0.027794087640545962,0.9565106395113828,0.0063782835361345025,0.7639943378687981,0.007678259361552951,15.343290460029994,0.24837550430880376,11.092437739461538,0.2954407945231357,0.48575322612439137,0.00786331998488663
592,-106.25,32.0,Hot-Dry,0.13266395032405853,Arid,0.783316461656185,0.017390019478667196,0.879076975075788,0.007207039912803199,0.8287365407307558,0.02544077503927569,0.949264075842191,0.011546753126454458,0.7592479628004507,0.008327961211287394,15.546037828004831,0.27116182127469535,11.379821259137216,0.2164326441701713,0.490605191736402,0.008557382838630176
593,-106.0,32.0,Hot-Dry,0.15863193571567535,Arid,0.7436109011877132,0.0133682535075991,0.8712561326538728,0.009724549182975913,0.7820281166925114,0.01866539011080616,0.963468070460315,0.011328066233231099,0.7454112466748587,0.012744160066823064,16.196574079069137,0.4073161474009955,11.595216086826282,0.3238097225937678,0.5044402932810914,0.012685810952984634
594,-105.75,32.0,Hot-Dry,0.1770317703485489,Arid,0.6802679650707801,0.03360820626343712,0.863568151212861,0.009214403415608561,0.7310451625377125,0.03507402055533666,0.8955915937927585,0.01690563587315241,0.6911579580271955,0.022916862958453185,19.798546442591388,0.7275273151273475,14.218098300864417,0.7128048124729512,0.5554356642553094,0.020410317429785475
595,-105.5,32.0,Hot-Dry,0.19285815954208374,Arid,0.6831327191225605,0.02861179742705505,0.8459160802823295,0.01058116070653912,0.7342355731940218,0.029902030193126986,0.9253670633235525,0.01975625366152368,0.6833615908271395,0.021602043397386087,19.674074698714797,0.6625417533389822,14.224890422910008,0.44044067710332124,0.5624512412489088,0.018941039782119074
596,-105.25,32.0,Hot-Dry,0.1337985247373581,Arid,0.6808410602522568,0.02917702000645082,0.8291858366444395,0.00703976812779809,0.7437487534617565,0.038252215523078587,0.9206492808683933,0.015593226651672997,0.6573068471463314,0.008885899296485155,20.759860997475947,0.2708418298058964,14.021872692594485,0.20079264384420126,0.5853601418200867,0.007636853248933972
597,-105.0,32.0,Hot-Dry,0.11290615797042847,Arid,0.6913384253273739,0.0299667895630115,0.8455497966720594,0.011473795731984199,0.7388628714629102,0.03619167667955304,0.9518235131251407,0.024206068583433774,0.692914973757987,0.016232548699691082,19.32966443385327,0.5199736980157089,13.236982831789053,0.3890224291279432,0.5539921997136787,0.014902554244681001
598,-104.75,32.0,Hot-Dry,0.2520456612110138,Semi-Arid,0.6405222298783406,0.055766006753032706,0.8086132964788921,0.016654529137651832,0.7023658845660371,0.05682171340824339,0.9552514375642135,0.04596071773433617,0.6283248968082392,0.04349662310267866,21.049343474261505,1.2190495825589311,14.48802203658147,0.705846308156637,0.6088353532909245,0.03526003004245532
599,-104.5,32.0,Hot-Dry,0.1873847395181656,Arid,0.6575640774804219,0.03713458460263102,0.8082992932713097,0.02331529155604432,0.7193694231612054,0.03737098464042199,0.9752088307673134,0.02949797855308294,0.6400092548021081,0.032985658356410846,21.491666450226,0.9602147769842031,15.101299480261622,0.637694510308317,0.5995137870312821,0.02678535881088663
600,-104.25,32.0,Hot-Dry,0.17609472572803497,Arid,0.6693651413695358,0.023071429928113518,0.8058143852119232,0.012107117232446195,0.7356162135349937,0.02997902611278591,0.973365879204272,0.027220559382785576,0.6387696228840907,0.01618698880220894,21.712467756955853,0.48688708105510553,15.156408456727513,0.4165303408813824,0.600903586195485,0.013474847555480481
601,-104.0,32.0,Hot-Dry,0.1558951735496521,Arid,0.6611486025511633,0.026608791794597637,0.8132996392694618,0.0212667319624933,0.7214603208853998,0.03607408027137704,0.9669180336697076,0.02366451020398876,0.6451039091502399,0.028328003914538,19.23346227966892,0.7634185208517306,13.182220285880309,0.46053823659052956,0.5953564907513764,0.023631011668103885
602,-103.75,32.0,Hot-Dry,0.1647794097661972,Arid,0.6719353086021345,0.02625557334619347,0.8275299565592056,0.02192490434158137,0.7250221157881845,0.030214090837166294,0.9677876927242443,0.028867504327088987,0.6662175155905146,0.031402016274101725,18.664335217790875,0.8767717211813816,12.642211132994678,0.6369983973208553,0.5772298244014988,0.027115821739812862
603,-103.5,32.0,Hot-Dry,0.17675425112247467,Arid,0.6750291061441089,0.02070127481888812,0.812561149002095,0.025152386947434272,0.740424721116889,0.0277375619871744,0.957811251382736,0.025854529703018683,0.6447159672751845,0.03236190285198637,19.080818771465026,0.867786588284077,13.254632553534,0.5619772700754061,0.595564532132855,0.02708599246356608
604,-103.25,32.0,Hot-Dry,0.1770787537097931,Arid,0.6509925409154788,0.02261631365325258,0.821691002854094,0.02291823440119881,0.7033025761985255,0.03292965289198674,0.9867259728390689,0.03405985640090122,0.655492120894787,0.028697719408313116,19.317838288395542,0.8088451217883705,13.48216239206943,0.640581623600761,0.5865367700416664,0.024558514162668868
605,-103.0,32.0,Hot-Dry,0.18214434385299683,Arid,0.6590677122818985,0.019053659268726687,0.8168880545677515,0.020756771353739614,0.7152406480786069,0.0279258670775261,0.9856605747532512,0.03027391789125489,0.6522247463086787,0.026529061170475352,18.703253533793724,0.7183246768096999,13.175516780119912,0.6055804934635307,0.5893770849007144,0.022635853343130875
606,-102.75,32.0,Hot-Dry,0.19898520410060883,Arid,0.6665428095307133,0.02364792866912829,0.8280624406922618,0.014411047631642016,0.7159795576751817,0.030715117057156828,1.0032253198785006,0.02448625851358171,0.6701090716025908,0.01896034428595988,16.54414829225734,0.4782791790241836,12.111119351058909,0.3677582374329078,0.57416941040251,0.01659881605126998
607,-102.5,32.0,Hot-Dry,0.20560526847839355,Semi-Arid,0.6641684214458439,0.017548014676990912,0.821463514257047,0.017838827688101133,0.7175867309268551,0.02697734622267186,1.0050385841721217,0.025847533803362622,0.6607842049440767,0.022049798299294238,16.7024117498037,0.5535401994570539,12.33163975242815,0.44513024483699076,0.582166638632333,0.0192937787723723
608,-102.25,32.0,Hot-Dry,0.19396115839481354,Arid,0.6854217254766306,0.024106385777868534,0.8378615108046261,0.012534237930256365,0.7318287936566128,0.02682673060789184,1.0205679303673914,0.010910731186151398,0.6883607864151547,0.019206786279954684,15.913250804588202,0.48861095661168913,11.923536003652407,0.407164030296455,0.5580361510803125,0.01713431032738082
609,-101.75,32.0,Hot-Dry,0.21809306740760803,Semi-Arid,0.6834147704788304,0.020537831627339326,0.842278445925938,0.010594299068350452,0.7331409654416516,0.02307005619937993,0.9380253305732124,0.012113197616112023,0.6811059631503433,0.017729860659283964,15.744481794865123,0.43466589196351996,11.418655520342933,0.3610263753929921,0.5645349528843834,0.015585402685028546
610,-101.5,32.0,Hot-Dry,0.2380848228931427,Semi-Arid,0.6953533942547885,0.021256773770937064,0.8432781664740349,0.0160684631871094,0.7403999818975442,0.02866054866637091,1.0139968916494624,0.014032159998219506,0.698228269969343,0.020930480094774925,14.754471165367894,0.5061885262018846,11.12890074259092,0.33736904998551887,0.54907909132189,0.0188375125675043
611,-101.25,32.0,Hot-Dry,0.2566378712654114,Semi-Arid,0.7052148349408501,0.023544016189136985,0.8513083544174032,0.01670785649794503,0.746656110112372,0.023920297754963682,1.0145380218966709,0.014008814935818327,0.7120933372153293,0.025732845934166602,14.076455506271083,0.6152729022578028,10.744858731099296,0.34214721593409575,0.5361597670811251,0.02343520183890804
612,-101.0,32.0,Hot-Dry,0.27686169743537903,Semi-Arid,0.7215030990191844,0.021465032230220782,0.8466030951358494,0.018214069634697756,0.7690501074514382,0.025832013986802814,1.0114443022655728,0.012769611142127138,0.7090090450052438,0.026387848003445277,13.69626048972008,0.6106354423332795,10.51428968778666,0.46520837615961763,0.5390073818784032,0.024031158818953555
613,-100.75,32.0,Hot-Dry,0.3086152970790863,Semi-Arid,0.7451970035949399,0.027996687202633565,0.8411734801771233,0.01869764017890441,0.8088081029772933,0.03817080617196065,1.04571356871316,0.017189879584812162,0.696556635375821,0.026477290006222294,12.84666795512245,0.5504856137695501,9.97048394623001,0.3728886377116062,0.5504527968200088,0.02358715479898458
614,-100.5,32.0,Hot-Dry,0.3371373414993286,Semi-Arid,0.7398227325646872,0.026330153193515265,0.8444411603500542,0.02311692322418311,0.7972151637110304,0.032696209075853244,1.0379998855242372,0.015805495887382604,0.7041956540172405,0.03269506601681853,12.800725981431,0.7062642921093248,9.734500608557777,0.3692994612152902,0.5432179296313682,0.029971380302080484
615,-100.25,32.0,Hot-Dry,0.3420133590698242,Semi-Arid,0.7530638786861822,0.021499982598852822,0.8447912886050691,0.018775146378074647,0.8125263795755877,0.027058857712907797,1.0334761925821097,0.01238644276068148,0.7076039287276519,0.027729928629318765,11.299096889624035,0.532325605224366,8.738681178108253,0.4267908638130142,0.540257159707924,0.02545271735676628
616,-100.0,32.0,Hot-Dry,0.3574973940849304,Semi-Arid,0.7673697310307463,0.01793424415716083,0.8602970085695032,0.009230204865076242,0.8167122662276137,0.023076608987887,1.0246904218534478,0.014099396386262186,0.7351178167152004,0.01351148071576988,10.611824561238524,0.2715089462519721,8.28579450130168,0.25227085533614896,0.5145323493281804,0.013164572705896807
617,-99.75,32.0,Hot-Dry,0.38516363501548767,Semi-Arid,0.7712629490176293,0.022962772191704568,0.847902512680611,0.007064344614935527,0.8371928384130195,0.03400410859303028,1.0428453238997988,0.019428806953159464,0.7107577065132109,0.012890610672416526,11.327963593979456,0.2536093442720206,9.040469989611328,0.2743189144291073,0.5377047155981771,0.012038080737415425
618,-99.5,32.0,Hot-Dry,0.40247365832328796,Semi-Arid,0.7801295473578453,0.03318071010628997,0.8569565427943404,0.00554208516105149,0.8402928238476719,0.04322890329473871,1.0367129921020035,0.022038738059767263,0.7272059147424242,0.013726271732453098,10.486588597225952,0.26432380679197026,8.222649710283324,0.3065197209313217,0.5221642488427924,0.0131616150233363
619,-99.25,32.0,Hot-Dry,0.43758365511894226,Semi-Arid,0.8074403664204881,0.021960156124629957,0.8540400025676558,0.004954804266409924,0.8849196725481295,0.04147745020197976,1.0322639471149015,0.024502632029962387,0.7217669237801223,0.012427337624693916,10.411633150555662,0.2343138090395753,8.159266340664889,0.22907127602720334,0.5273712045523117,0.011868489211017436
620,-99.0,32.0,Hot-Humid,0.47919416427612305,Semi-Arid,0.8323926222506725,0.012977826173257287,0.8527658913938728,0.010412018731463829,0.9475340253422917,0.03450719159096145,1.0474460723605874,0.02514846200651199,0.708238386505666,0.02692515333156028,10.330895493790297,0.48873441665776396,7.9932334235233045,0.4009997164944448,0.5396667168752558,0.02553057459734986
621,-98.75,32.0,Hot-Humid,0.4709412753582001,Semi-Arid,0.8253802385001027,0.01496684964742802,0.8496023476925,0.011257492320546174,0.9210246944803264,0.031878970983371356,1.02443012917301,0.019476990417798008,0.7129751544959388,0.02214438627514976,10.256696950919917,0.4025854811072303,8.029329972607858,0.2996083584257088,0.5354171452396213,0.021015651533900483
622,-98.5,32.0,Hot-Humid,0.4725625216960907,Semi-Arid,0.8389489726653533,0.007242548064529766,0.8601096440709046,0.01104970366855268,0.9512996472463243,0.04070542815248327,1.0499190467509691,0.012411057212221738,0.7221019775090987,0.024018693287219173,9.984825478253534,0.4441080979270527,7.784747070807077,0.3574598953488247,0.52674367638558,0.02342866510027578
623,-98.25,32.0,Hot-Humid,0.49165892601013184,Semi-Arid,0.7882664948047516,0.019731934756650103,0.8567465584517683,0.011386026463764574,0.9399479735291258,0.03611955947554214,1.1385972344181536,0.02868269282935126,0.6719250608217002,0.025399629841579247,10.268742492106844,0.40370702032669853,8.081001988537082,0.4097092244372868,0.5724244763673164,0.022504389402495054
624,-98.0,32.0,Hot-Humid,0.5374523997306824,Sub-Humid,0.796233112538266,0.0204808619741732,0.8740863426136862,0.012091853019042966,0.9424219167281243,0.04551330972218824,1.1427077043695437,0.026158265865671125,0.7034317237043545,0.030030815019790977,9.870706854602258,0.5174509023854308,7.724645099855399,0.3820522614446192,0.5439831737274113,0.028517165819436363
625,-97.75,32.0,Hot-Humid,0.5605748891830444,Sub-Humid,0.8237595828908019,0.029134400110247764,0.8885373410935464,0.01060879327841077,0.8733238449929516,0.04768061770061841,1.0206982806870044,0.03412758411603927,0.7834656826930562,0.017744236198535428,8.41627815553257,0.3502556463134715,6.54294829968583,0.2459718017604651,0.46501044583659823,0.01935208547521055
626,-97.5,32.0,Hot-Humid,0.5697823166847229,Sub-Humid,0.8024668807785215,0.03330727597592549,0.8858331539340633,0.010547252022218154,0.8478450597986484,0.04546018385967784,0.9616875155256646,0.025285707113380167,0.7765504411940546,0.018370919491489033,8.418806395059176,0.35312102983491384,6.393004986888677,0.27566566646039287,0.47237220967733673,0.01981332665454205
627,-97.25,32.0,Hot-Humid,0.556928813457489,Sub-Humid,0.7644645194161445,0.034525265499953744,0.8772453090352249,0.009731633303382966,0.8155512528925731,0.03399881582341884,0.9245964602810698,0.028598736495764342,0.7493613060095184,0.023895056854195684,9.010540221849503,0.4287159248904134,6.775352136006317,0.3004081084304943,0.500185563934376,0.02379851944270481
628,-96.75,32.0,Hot-Humid,0.608448326587677,Sub-Humid,0.6866064365231322,0.04475881970063254,0.891668218994141,0.007615427886134976,0.7560084098299364,0.048790413341346824,0.8381420671210916,0.022409444307784635,0.723459838177777,0.03072237025147677,8.82441270235104,0.4893067203840801,6.3862140689960745,0.36600908379359687,0.525225310879782,0.0291233289962543
629,-96.5,32.0,Hot-Humid,0.6331407427787781,Sub-Humid,0.6433315916615097,0.04318542524698854,0.8864806315551194,0.008783081362143447,0.7177267225332036,0.044762282392046375,0.8149228127684432,0.016631269407311175,0.698456173111235,0.03497329730946014,8.923062556322199,0.5094649624385857,6.269556922133537,0.39332380102881564,0.5484154233555668,0.03131194489526742
630,-96.25,32.0,Hot-Humid,0.6677313446998596,Humid,0.6633399338884287,0.04910170728583465,0.885098959625496,0.010937257119032965,0.7244943215026122,0.043403877510327524,0.8450887088548191,0.026524281617571692,0.7175622407017511,0.03815518857732691,8.3748610546611,0.5661573130785021,5.888979828530525,0.45480526762706974,0.5304798974474175,0.03586149924407826
631,-96.0,32.0,Hot-Humid,0.6996830701828003,Humid,0.6375233072462851,0.04163985504845472,0.8715461791500054,0.009942604862579413,0.7126123307164608,0.04022454694736205,0.8207956160704348,0.015680058626109005,0.6813823910498075,0.03368360488259467,9.059925052950453,0.48285003896275464,6.292075815407713,0.35364498930688454,0.5638220075004337,0.030048976862229647
632,-95.75,32.0,Hot-Humid,0.7337015271186829,Humid,0.6377858435007769,0.03247772651878895,0.8684990731081628,0.011854990079485084,0.7479436245386795,0.039960493453076305,0.7767932746375094,0.002932458804443788,0.6613622987232551,0.027237251040116112,8.362711859830338,0.33415794381005215,5.821554300095419,0.25433330938909254,0.5815545587267057,0.023237805967096972
633,-95.5,32.0,Hot-Humid,0.7591342926025391,Humid,0.6617604779649673,0.03241737209616241,0.8787052322466906,0.019395155755160806,0.7723764167519948,0.04000773149204836,0.7834796393095688,0.018002348185495815,0.6881242252670597,0.02657065734860711,8.005718413343336,0.34136993330368204,5.601864408198084,0.22105463695234548,0.5580526704479194,0.02379579109018271
634,-95.25,32.0,Hot-Humid,0.768027126789093,Humid,0.6660755897835833,0.0342737202563968,0.8992960208721135,0.011090677566409246,0.7638288058924606,0.038105356704155546,0.7882594742169122,0.023266671188017847,0.7253396901763856,0.03353680490324778,6.405450241428909,0.4046657651460405,4.393019071039374,0.2863335365853783,0.5232457754476154,0.033056169995898416
635,-95.0,32.0,Hot-Humid,0.8003048300743103,Humid,0.6450362034012691,0.03426834606597452,0.8963750333389162,0.01962454502588858,0.7294852011510002,0.043257038242679464,0.7979855800072084,0.02256937174059755,0.7155028998751047,0.039331395009277036,6.321464804588844,0.44254887499213963,4.361067337420062,0.28940276469322795,0.5323401115401311,0.037267710057368245
636,-94.75,32.0,Hot-Humid,0.8415498733520508,Humid,0.6196778980718644,0.047775093210969774,0.8980802530610671,0.01570758013935484,0.7082113889054482,0.051573576502413655,0.7807317447720574,0.025952437629517676,0.7012306169433172,0.0450297178879514,6.514792910887809,0.48044275499338274,4.461492724574352,0.2809846654064984,0.5454127973948522,0.040222249666769655
637,-94.5,32.0,Hot-Humid,0.8813343048095703,Humid,0.6750325134232125,0.055402938725458914,0.8970078905524792,0.014285490081651258,0.7396272693561997,0.06298886805833777,0.8398576940855624,0.029052238117330587,0.7444000451450825,0.04238533265458922,4.969880952700281,0.4147634934419103,3.410152933026489,0.22701034420029126,0.504166324396449,0.042075411458059805
638,-94.25,32.0,Hot-Humid,0.9430689811706543,Humid,0.6563009427429705,0.06812032840095401,0.8858041085364148,0.020333393302733944,0.7158588060968768,0.06994736056403869,0.8475550962066885,0.02692844160138329,0.7237916919802151,0.05430206542782801,5.032531847467719,0.49675124504523893,3.3996979071866407,0.3063538876514871,0.5235188833583564,0.05167551145132122
639,-113.75,32.25,Hot-Dry,0.05518130213022232,Arid,0.6956871869179109,0.022473169040679548,0.8621741685971325,0.009905788806044397,0.7333684434496279,0.028578390530645384,1.0458074493161713,0.010710652311256081,0.703436016205948,0.01713753180506024,12.971351805423627,0.3763873764602106,10.570662217570511,0.2862804565082921,0.5443935694824928,0.01579657004550982
640,-113.5,32.25,Hot-Dry,0.059951990842819214,Arid,0.7072842261755619,0.020889547677926213,0.8507639410455962,0.007411257752920183,0.7502178307036053,0.024281648782041164,1.0280899767540466,0.00897374332766431,0.7046935900382515,0.011685726680147834,13.054645943076611,0.25851518990505823,10.633200484147494,0.18894576695569373,0.5433358056319473,0.010759430748840244
641,-113.25,32.25,Hot-Dry,0.05754182115197182,Arid,0.6502463280036026,0.01923762148263201,0.8531814422720837,0.013988780017257826,0.6860465311050429,0.019099925580198,1.0449912500814535,0.005981568774605438,0.6828787669101372,0.02220733106687311,15.131273260412282,0.5311053354350204,11.731049067552952,0.4391850678195925,0.5628578740576445,0.019756223739989667
642,-113.0,32.25,Hot-Dry,0.09300532191991806,Arid,0.655869283701098,0.040652256624328614,0.857976820639023,0.01210721080406484,0.6946304967246599,0.0416739183908547,1.069030941474259,0.008292071971428007,0.6718477561126247,0.031532672630618624,15.778368730545196,0.7617893315329213,12.505429750469098,0.5245435377274692,0.5723123622403447,0.027631592296045594
643,-112.75,32.25,Hot-Dry,0.08519493043422699,Arid,0.6729314949219349,0.029674525957168543,0.8494836656477325,0.011977853929715523,0.7130965470083329,0.033734035765212105,1.0403878535125584,0.008152356014755743,0.6910588554801144,0.022262091326006983,16.319486814105325,0.5917647055835084,12.847598978162216,0.5966226145291209,0.5555326365959974,0.02014429809478556
644,-112.5,32.25,Hot-Dry,0.10828004777431488,Arid,0.6776146753636141,0.02678133433668979,0.8684569063465201,0.0050069285522311505,0.7085171453005106,0.02869229755558395,1.037252631520761,0.014740971433433388,0.7180786518888604,0.016840083622489187,15.747518609943452,0.47315561626407254,12.541509728580682,0.41870108576150894,0.5307710277008618,0.015947737477086766
645,-112.25,32.25,Hot-Dry,0.1290101408958435,Arid,0.6972738633145925,0.0313360589850135,0.8665701295264,0.006642607556723176,0.730188015217303,0.03210015238780311,1.0288474235407412,0.012982015441789315,0.7257556539753802,0.018508591285573035,15.572218182589967,0.5286169350959993,12.250982485959742,0.3835716496088521,0.5234422225749225,0.017768850921107013
646,-112.0,32.25,Hot-Dry,0.10911278426647186,Arid,0.7109382596549653,0.03408419543821651,0.900678911955698,0.009147318578886433,0.7304469012566878,0.03455248107253294,1.029423622329252,0.009665441174316294,0.7769709231161339,0.022490449701739607,13.722960248777365,0.6779360674093278,10.98614017444754,0.39396950005182735,0.47179919495628786,0.02330763079081635
647,-111.75,32.25,Hot-Dry,0.12458726018667221,Arid,0.7090996412216424,0.030761209958589497,0.8955408872490948,0.0068631703125915265,0.7294285982638181,0.03133162885483511,1.0153726693558354,0.01581504314760108,0.7717292415383834,0.01878929127585136,13.954240321669792,0.5799623094639811,11.090815399169156,0.374015902499239,0.47744711334620354,0.019843525990674713
648,-111.5,32.25,Hot-Dry,0.1412605196237564,Arid,0.7062181189651687,0.02382080000093705,0.8512104318379127,0.0035620410493991173,0.7487207226978714,0.028321168509875344,0.9732438095928622,0.01195889503184061,0.7096330195688785,0.009307772544614953,16.441144698587085,0.26337631885553964,12.448315155228403,0.17292626810943548,0.5388018018211255,0.008631250302697938
649,-111.25,32.25,Hot-Dry,0.1304277926683426,Arid,0.6966738349476804,0.02497130256600212,0.8430313273906765,0.006428915569083166,0.7416272530940186,0.03028535749954397,0.9923697936558542,0.01887218608415635,0.6981137897902892,0.009344980029910323,16.88933772888665,0.2594664493511812,12.836452536655406,0.254155366954168,0.5493898629838203,0.008440131836201977
650,-110.5,32.25,Hot-Dry,0.2929666340351105,Semi-Arid,0.7532406538849946,0.027071624084678326,0.8645083298005419,0.009711573497363277,0.7972988881832295,0.03213464280354808,1.001709372075212,0.03752095812943405,0.7380016700637937,0.01661621143580148,15.994494583261675,0.5075269302345825,12.714172262307969,0.33414458061275726,0.5116516973186315,0.016235399870727526
651,-110.25,32.25,Hot-Dry,0.1954929679632187,Arid,0.7807218039902499,0.027554448116503042,0.8869262696618829,0.011046296146467696,0.8158150627382799,0.026833408662614137,1.0164179800865658,0.03600995824217083,0.7773150767280911,0.023768991226624736,14.624484627899395,0.7783268288552133,10.954166696864014,0.5488615215620714,0.471361292690052,0.025086226935112085
652,-110.0,32.25,Hot-Dry,0.20471177995204926,Semi-Arid,0.7901938379531678,0.02645374569460767,0.9075840565960542,0.0021143504861599483,0.8157953862464012,0.030536817747723603,0.9827896375911542,0.036411692684753985,0.8101892236006284,0.004945404466578122,13.403986919547654,0.1733879799858527,10.18674720826043,0.21845710154062353,0.4356436286626482,0.005635291142918579
653,-109.75,32.25,Hot-Dry,0.16917262971401215,Arid,0.8147907913369636,0.02187682948993467,0.9003453455693643,0.004810925370920938,0.8461587118065944,0.02644696219555266,1.0039661324167803,0.024832834854587017,0.8054922020999653,0.008613101723021814,13.283956982240772,0.2920460182602841,10.227449642709148,0.40697842447762966,0.4409451407266999,0.00969411996686029
654,-109.5,32.25,Hot-Dry,0.18242739140987396,Arid,0.8129759433483074,0.02084558621118694,0.8790459806899026,0.009810556039681631,0.8634295184812475,0.033688807088233796,0.987890202051268,0.03377617384871219,0.7678452323391256,0.015569905104305858,14.972360855778527,0.49449222250211183,11.740798393463667,0.4320363967187014,0.48161432693475775,0.01590627832236035
655,-109.25,32.25,Hot-Dry,0.15338782966136932,Arid,0.8198650750432334,0.008236602591608466,0.8856181443760031,0.006393489960318594,0.8682566127848371,0.023047638794626516,0.9775391159918503,0.037101009274287944,0.7781065231416017,0.01379473846007857,14.569384031004528,0.45294373242643154,11.261666743417809,0.3715040709673122,0.47087369823786035,0.014638868048739904
656,-109.0,32.25,Hot-Dry,0.16031377017498016,Arid,0.8283278593184878,0.024043947136147787,0.8825940837412082,0.005068796593968901,0.8838675635428596,0.041215138227437796,0.9675703202254515,0.017019571327938035,0.7727509670825758,0.008927161675800073,14.687416968431979,0.28884487184293245,11.582095172456928,0.223063793828996,0.4766327123636839,0.00937352803523867
657,-108.75,32.25,Hot-Dry,0.1694156676530838,Arid,0.840084218583067,0.02956048461198857,0.8903408696634019,0.004320459281399304,0.8896933098477403,0.04134382981130789,0.9786699675151423,0.01739507821048496,0.7888478015665012,0.007816491099628856,14.31569294819146,0.26405371689172574,11.14875923006756,0.16814984570491556,0.45945047993574184,0.00847458850883265
658,-108.5,32.25,Mixed-Dry,0.1529034674167633,Arid,0.7817816061330376,0.027168645530437775,0.869343945228624,0.0035468157996006067,0.8274307495001768,0.03306493142570605,0.981111053294456,0.012100455244784323,0.7515210536319551,0.008571139699808645,15.395737700723206,0.2655479593876034,12.196781639828727,0.14248419947989685,0.49841731784514376,0.008596775565421757
659,-108.25,32.25,Mixed-Dry,0.15448474884033203,Arid,0.7780349855670623,0.04284085374608351,0.8833137478516345,0.016914111175452027,0.8185989977184189,0.047758493433918914,0.9559105649729188,0.01648054156501734,0.7674043396783041,0.02724070802053782,16.106262557274345,0.9732071212023039,11.867952487612156,0.565393103091338,0.4815789230860036,0.029098993990791456
660,-108.0,32.25,Hot-Dry,0.14011134207248688,Arid,0.7939860509592828,0.03732377222242256,0.8821746133242556,0.010214158231571058,0.8335253225659173,0.044292798868204426,0.9847356548830108,0.009592531325990358,0.7735463920723424,0.01845736726880768,15.618110035172297,0.634022389549528,12.020748849290342,0.46723135979464664,0.47555803851931105,0.019305437295068555
661,-107.5,32.25,Hot-Dry,0.129989355802536,Arid,0.8231657817741842,0.034463611509755174,0.8976603378965438,0.0032658078784990976,0.8638334353044621,0.04750426260721824,0.9658221582519122,0.01672618193195936,0.7978615967195777,0.00347019890303755,15.718806097100734,0.1354571685104733,11.817701960516997,0.19353690130271184,0.4495846917779021,0.003874306291310567
662,-107.25,32.25,Hot-Dry,0.1407463550567627,Arid,0.8076609704727662,0.03624805303929611,0.8856974785157401,0.008191412778905552,0.8552791524783988,0.05498074138203104,0.9658193935897275,0.0222472033691847,0.7753570534942378,0.011609009585410767,16.49421120615826,0.42729562738106,12.537039282749458,0.2307658256156252,0.4738379502513414,0.012275148032178
663,-107.0,32.25,Hot-Dry,0.13956458866596222,Arid,0.8037995579958344,0.030174547313106335,0.8795194513461617,0.008721318723911454,0.8500294458078594,0.04253785667839301,0.995418107479637,0.029301623216864223,0.768686538126065,0.012493028290132616,16.95595834541914,0.4570178181848831,12.704133517139951,0.35856736793810756,0.48081088269746014,0.012959405543084885
664,-106.5,32.25,Hot-Dry,0.20900557935237885,Semi-Arid,0.7988350165269044,0.03144738508588553,0.8945447909147335,0.008445860163356144,0.8337651320720788,0.039157825867737486,0.9673833252456594,0.013968123710440174,0.7908638898040753,0.014163265939162997,13.737667233447656,0.469615567859272,10.055684830842825,0.36265106233453676,0.4571004033493791,0.01562575813199027
665,-106.25,32.25,Hot-Dry,0.14015276730060577,Arid,0.8130718905096183,0.026025988746372877,0.8868622308462886,0.0048203581449809884,0.872760991695937,0.03159889453961946,0.9262610366964361,0.01729393847737681,0.7635749907899841,0.017664338277756677,14.261952615890966,0.5423124147543676,10.526451745429297,0.3427137220702856,0.4859545717965208,0.018478479377238646
666,-106.0,32.25,Hot-Dry,0.1648401916027069,Arid,0.7863144999854903,0.03149574022215551,0.8963722929762865,0.009254644270434431,0.8213847383370263,0.03599090167919804,0.948690533616697,0.009715244483321428,0.7864695080817048,0.016864832588229742,13.506833488209185,0.5481636118903196,10.188579928953528,0.35962442692675434,0.461789455942556,0.018741341286491218
667,-105.75,32.25,Hot-Dry,0.21851705014705658,Semi-Arid,0.7409618854236478,0.034922832917075354,0.8753542121597899,0.006702506752428595,0.7788049681696927,0.04202740825105292,0.9575762527900471,0.021326569037519085,0.7483289918601275,0.008001196866273154,15.491438979171857,0.24796238157219028,11.136594293853854,0.27483311800846266,0.5016168210472042,0.008029086371560908
668,-105.5,32.25,Hot-Dry,0.17106160521507263,Arid,0.7298713053354251,0.03846274054318795,0.8625690600377478,0.009518604107709815,0.775038415243235,0.045963203836723074,0.9477502275676806,0.014379893513701286,0.7252219512687625,0.013555012930735006,15.782993734964455,0.3884829501577086,11.116837895267853,0.3057148111998396,0.524065772409044,0.01289936629013059
669,-105.25,32.25,Hot-Dry,0.15668228268623352,Arid,0.6807143529120662,0.022339133766070374,0.8291471816631513,0.01820033771392408,0.7322685208441733,0.028563007292559187,0.9958701936822283,0.025908252707036915,0.6754581190406848,0.023541519653269817,19.62502681356155,0.710171278637147,13.704371248978807,0.4662100210215493,0.5693876065904181,0.02060444189217795
670,-105.0,32.25,Hot-Dry,0.15322236716747284,Arid,0.6722372729174315,0.015703426253062126,0.8256782880638411,0.015648743011183363,0.7248938263682387,0.02048106207275094,0.9715623067519626,0.016356545798733028,0.6676513867911835,0.02065957325753051,19.71757104289725,0.6228029461250442,13.344965035773395,0.2064431617772932,0.5762669179651181,0.018202076385689478
671,-104.75,32.25,Hot-Dry,0.25592321157455444,Semi-Arid,0.6353288717012241,0.03625239649261091,0.8072537283880656,0.01999721234716397,0.6964378967653382,0.041619541294589536,0.9521671857896077,0.030448874869311124,0.6275391462482188,0.02895661493287336,20.996412252477295,0.8247395825730496,14.206970256522888,0.3329842800060751,0.6099194033615329,0.023957648958442653
672,-104.5,32.25,Hot-Dry,0.20802608132362366,Semi-Arid,0.6441018068855275,0.027466260000675244,0.827500431760382,0.01909494243613604,0.6939448773917979,0.027460097458948902,0.9518776183577877,0.028073529728101246,0.6557289610245128,0.03063744990962303,20.14466853952571,0.9107646230275096,13.272945622163302,0.5048847190934772,0.5862669968423028,0.02650583400391466
673,-104.25,32.25,Hot-Dry,0.18634189665317535,Arid,0.6639070441778554,0.01864701925594131,0.8278410253349537,0.015408792113475811,0.7148808054548326,0.02671048624388183,0.9669818572546264,0.023824195919997793,0.6661126700424799,0.015312939656649123,20.012838255824704,0.46183809340583803,13.810952607289426,0.43221652405659383,0.57770679466926,0.013331792381822452
674,-104.0,32.25,Hot-Dry,0.1667916476726532,Arid,0.6791789105916615,0.02262652132861113,0.8082543438074499,0.01846295057330556,0.744580614182221,0.027561722397451603,0.9934146150124878,0.022541325912488253,0.6465650883349687,0.026246739495835177,17.77792391753353,0.6492527014312113,12.067860797954854,0.5468967176129007,0.5941870129473859,0.021699807306012717
675,-103.75,32.25,Hot-Dry,0.17786698043346405,Arid,0.671749504704098,0.029518969047020886,0.7990374094378929,0.025135448823493854,0.7435348154132965,0.03136674501926657,0.9821993530760518,0.02906320188223966,0.630389529802949,0.03736963606763395,18.25710271587541,0.9157032825178614,13.150352787261866,0.6700605715083569,0.6073451434170204,0.030462004300641318
676,-103.5,32.25,Hot-Dry,0.17905902862548828,Arid,0.6788086434879432,0.02570442654086713,0.8091412393015132,0.02295649329837374,0.7454890812030073,0.038997020080758844,1.006414886722674,0.03182416360614658,0.6453135127881507,0.03429228138735512,18.32408708642627,0.8747201831207977,12.973869610024337,0.7481954188398905,0.595013508175227,0.028403615545787617
677,-103.25,32.25,Hot-Dry,0.1844964623451233,Arid,0.6582810121004556,0.026814313034511476,0.8057647549036829,0.02325215921005719,0.7221243263855097,0.034305576149147705,0.981373516268285,0.029237773236737673,0.6368286754387239,0.032605397155651146,19.005898490621945,0.8599174830573552,13.814869292318125,0.7109663251425782,0.6021441204008359,0.027243871512223763
678,-103.0,32.25,Hot-Dry,0.19143925607204437,Arid,0.6568605368277021,0.027536210363978374,0.8273722943890289,0.019370929950273445,0.7056042795431414,0.035059680677111744,1.006261791734368,0.026442843515286637,0.6661086705453629,0.025294743449720936,18.285903858389958,0.6974192303256552,13.356437973109047,0.5032158441874846,0.5774973837519728,0.02202558779759665
679,-102.75,32.25,Hot-Dry,0.20735275745391846,Semi-Arid,0.6752831416194719,0.025544834009795982,0.8452212194347204,0.01874677536675006,0.717114764865957,0.032714919918201274,0.9902344732711634,0.030614747513583406,0.6934384679961421,0.02228347123563085,16.428604324488315,0.600934343451116,12.246782810946769,0.48436957139637055,0.5533839010810142,0.02024197458921357
680,-102.5,32.25,Hot-Dry,0.1971759796142578,Arid,0.6692775383138662,0.02977710326405023,0.8486958095152156,0.014244816181557296,0.7076306351914099,0.03579299035232114,0.9883399590551958,0.022098781583481414,0.6969547695709404,0.018521518651614936,15.896416251613777,0.4856677020654091,11.916176951310472,0.38968299339090123,0.5502900171710082,0.016812474200393838
681,-102.25,32.25,Hot-Dry,0.2083720862865448,Semi-Arid,0.6844664660022076,0.02181763043181378,0.8368808021198049,0.013595631031902864,0.7309327989976582,0.02700004723106141,0.9981281407680012,0.01591414697124425,0.6876047943946098,0.018124753002248677,16.092943147295955,0.4653177825412211,11.701760714451288,0.3927071992776464,0.5587364358337675,0.016155528355970086
682,-102.0,32.25,Hot-Dry,0.220468670129776,Semi-Arid,0.6725325658767577,0.015710556851068824,0.8682517307513553,0.014923408868568716,0.7046061919613494,0.0183642705397728,0.9524136802292208,0.01144814012340586,0.7184186193107025,0.01680128379869773,15.838143182493246,0.4693805287331807,11.416668408275186,0.36024849489317134,0.5304560960597196,0.01572064098482626
683,-101.75,32.25,Hot-Dry,0.23366430401802063,Semi-Arid,0.6562787852014405,0.01603999845194117,0.8487332335557104,0.014322878969790398,0.7007345112573807,0.019495307403691566,0.927155568915939,0.012949455675789997,0.679051409181865,0.017659736348592622,17.035932781479048,0.4673438215033376,12.29952105461221,0.24370408355231837,0.5663527881125253,0.015536658879244434
684,-101.5,32.25,Hot-Dry,0.2548483610153198,Semi-Arid,0.707406877722139,0.016585554643123303,0.852554260346525,0.011659893488024254,0.748459598107835,0.01907845640467352,0.9854644335600369,0.016075781196061723,0.7142046080836181,0.016954066632222493,14.818845417666015,0.43784300854101366,11.253356155088415,0.37762944043680696,0.5344117649676885,0.015789924813860413
685,-101.25,32.25,Hot-Dry,0.2640063166618347,Semi-Arid,0.7212987206816079,0.013595567276041326,0.8432063481254624,0.014113371354488702,0.7707426367138102,0.021472988923903286,0.9956692551888521,0.012850593867242325,0.7044853525904033,0.018360768653152042,14.554412674648361,0.45624266907810657,10.847323422801987,0.33113760427236755,0.543399041228508,0.017034134903734156
686,-101.0,32.25,Hot-Dry,0.277866929769516,Semi-Arid,0.7233592889453021,0.018100461870588842,0.8571536191894522,0.01225614582938954,0.764959729890619,0.024707351483392558,1.0157593249711678,0.018916854890215332,0.7234699882564372,0.01668648583245885,13.629400105624626,0.408640417383777,10.49292039158949,0.20812064136173997,0.5256722251115871,0.015760849033114012
687,-100.75,32.25,Hot-Dry,0.3038990795612335,Semi-Arid,0.7793463632543604,0.01898343661661902,0.856628466424317,0.019023268167806206,0.8369690672150976,0.029265358858498257,1.0271238865093038,0.012818952231439655,0.7291347610146268,0.030320005121698253,12.417652075309409,0.6921083133930158,9.522892669226602,0.470814819595788,0.5198016514631166,0.02897158352571072
688,-100.5,32.25,Hot-Dry,0.3340519368648529,Semi-Arid,0.7533969726875601,0.028214930918119524,0.8494227092291657,0.0184448549982275,0.8105097712337728,0.03634410849394372,1.0354110457426628,0.018941487803915892,0.7132037060725057,0.029312825606538983,12.768252643158743,0.6598356493713788,9.939247287846847,0.46507886158830586,0.5349624902793672,0.027645703137926816
689,-100.0,32.25,Hot-Dry,0.37398648262023926,Semi-Arid,0.7624489729265791,0.030206910382795635,0.85303188602793,0.012769168296722685,0.826330258419922,0.04114000411484781,1.0605222868863087,0.017757472319479654,0.7130638473540138,0.018957989638517025,11.833733369704076,0.38926571138933425,9.315787221357946,0.26799502196593816,0.5354325197943985,0.017612828868727712
690,-99.75,32.25,Hot-Dry,0.38355061411857605,Semi-Arid,0.7402359834734762,0.0303619301334011,0.8489852966144094,0.011445334599419326,0.7924376808949083,0.037782703960716875,1.0303494057626597,0.014113629047993985,0.7131408110041104,0.01801242425855587,12.057375384530733,0.3752491440104712,9.392541660080553,0.37918625995576205,0.5353849877207608,0.016662229710126177
691,-99.5,32.25,Hot-Dry,0.4002082049846649,Semi-Arid,0.7248667224607082,0.028635279544141506,0.8373744933893039,0.01098642194905156,0.7794368467721406,0.03542211705738206,1.0078014735306766,0.011064502387292414,0.6962937054481844,0.016398288946888166,11.881266641260712,0.3192280581634761,9.176186131935145,0.22541653775303092,0.5509364750098682,0.01480266257791592
692,-99.25,32.25,Hot-Dry,0.4196799397468567,Semi-Arid,0.7242829485913337,0.02842659099389211,0.8331843927524416,0.018913834857682832,0.7831845559240277,0.03515575703330997,1.013754186806122,0.02138514994975695,0.6889428139161785,0.027915988597047723,12.32819626870529,0.5428727299686096,9.480089807787794,0.41072501875325484,0.5572929214191212,0.024540421246453135
693,-99.0,32.25,Mixed-Humid,0.4595487415790558,Semi-Arid,0.7972015974809192,0.01846586528311813,0.8524851085616347,0.01560215699511806,0.8666650119585648,0.0322158961047568,1.020775781485288,0.02248483568489913,0.7228640234771886,0.026949212891993653,10.810212005905171,0.5302547388728802,8.479750182686246,0.40561448001242956,0.5259311397570003,0.02579759573860577
694,-98.75,32.25,Mixed-Humid,0.4491496980190277,Semi-Arid,0.7894375099973706,0.019424969792038015,0.858539878274728,0.014776870618122245,0.8466224783165984,0.024354459402239185,1.0151581551607243,0.016726827802402415,0.7351652132834782,0.02480825090366267,10.629191686908998,0.5011291380982094,8.223248335222504,0.41473626395413027,0.5141640638392312,0.024241033725091836
695,-98.5,32.25,Hot-Humid,0.469088613986969,Semi-Arid,0.7918654381293717,0.01212530172290251,0.8539862098677006,0.009740205827073285,0.8540381874987668,0.017968220507743417,1.0169945179572513,0.015400490832962422,0.7276368040637865,0.016452171896850724,10.693117076622485,0.320354274322148,8.277268958803372,0.3613499670783965,0.5216970111104977,0.01562948074100075
696,-98.25,32.25,Hot-Humid,0.49777036905288696,Semi-Arid,0.7909780607363454,0.019083909617714227,0.8675986867011478,0.011739701406465896,0.9669380157116118,0.04457501372596893,1.1516634524524298,0.028651357956760506,0.6853317394599058,0.034421517366176844,10.714620590461989,0.5939648089174494,8.516755640640698,0.5221554081351587,0.560264730145031,0.031058265719647996
697,-98.0,32.25,Hot-Humid,0.4985349178314209,Semi-Arid,0.79430278642901,0.02695635646555501,0.8795264199623911,0.013212830033100764,0.8669785497890897,0.03738498655354976,1.0897773481156923,0.041326822076222076,0.7508733919404411,0.030666001623747885,9.585947674998817,0.5985162039479947,7.464565362165357,0.600675683394636,0.4983493511802477,0.03111535468592936
698,-97.75,32.25,Hot-Humid,0.5161558985710144,Sub-Humid,0.8371115693371237,0.01539316843296472,0.8777717307854642,0.010984257961561482,0.9055989835889005,0.0361023040701722,1.0178851891343945,0.0420088478868338,0.7641678841008591,0.020854847862723947,8.790741831529363,0.3918662239499783,6.693515905549413,0.2723081535777727,0.4852399500405461,0.021630614409590045
699,-97.5,32.25,Hot-Humid,0.5655671954154968,Sub-Humid,0.8312701146842821,0.02631572295367064,0.890267091159316,0.010285262371874193,0.8818536665180213,0.03840952504360611,0.9807578939373439,0.04166532409883132,0.7873203000067456,0.017069522503128935,8.372407690776644,0.33813090427903797,6.35495663257323,0.259815687832377,0.4608715087251136,0.01861291348405557
700,-97.25,32.25,Hot-Humid,0.592900276184082,Sub-Humid,0.8047517486081063,0.03379795849252172,0.876190022739813,0.012130508691420397,0.8579912668999221,0.0398932180670856,0.9720866452022762,0.04138660225834849,0.7616912548152407,0.021656430579981432,9.061630277736132,0.41341080974475936,6.833091143133741,0.33363409611388745,0.48776284845390344,0.022252776593431698
701,-97.0,32.25,Hot-Humid,0.5979734659194946,Sub-Humid,0.7229654188705931,0.045549828694872785,0.8598219269087309,0.017028026844648065,0.7938250017719696,0.05196892387580333,0.884730780372551,0.026701952077430605,0.7066368590531107,0.030359164020114546,9.093364632757133,0.468261133656135,6.541390454121195,0.3273838718311637,0.5410564903588413,0.027861604123381862
702,-96.75,32.25,Hot-Humid,0.6152098774909973,Sub-Humid,0.6926653800337627,0.047383399427242276,0.8694469549507117,0.009254217000445932,0.7507853064365438,0.04977976944710262,0.8787742650987445,0.02097752422534759,0.7130963840731699,0.030499848690829643,9.283434699949197,0.48958849756753836,6.597954942798344,0.44357867915817767,0.5350389380683981,0.028216809650254953
703,-96.5,32.25,Hot-Humid,0.6443594694137573,Sub-Humid,0.6520314319391632,0.04522861715081066,0.8685240227178161,0.009202225912649681,0.7216438674105502,0.04579467858816069,0.8400554071476846,0.027902012285471615,0.6863615879523487,0.03579855186377363,9.14839305807789,0.5170612375688207,6.3018484772826655,0.35626694008975374,0.5593200663495809,0.031612407104483466
704,-96.25,32.25,Hot-Humid,0.6833019852638245,Humid,0.6507106839364551,0.05047532367121161,0.8800813620142256,0.011477727018690865,0.7170890803564199,0.0466470600404228,0.8345040499723559,0.021997333590506037,0.7007222294475202,0.04249403479215969,8.807965356612696,0.6130445148412381,6.204912594777034,0.4554983375412464,0.546005870171132,0.03800263627606461
705,-95.75,32.25,Hot-Humid,0.7407559752464294,Humid,0.6253801049090869,0.03444785888114851,0.8472942537671837,0.009688155647178185,0.7110858760002983,0.04070370082061605,0.8181174884004365,0.004637413348379651,0.6514400593578454,0.022601154300956734,9.225217342511717,0.2982513732789811,6.25658515387467,0.17874756190232202,0.5901429691399079,0.019079328371573216
706,-95.5,32.25,Hot-Humid,0.7487788796424866,Humid,0.5544548176503559,0.03209107272501658,0.8385874553328945,0.013169249850600813,0.6617319118709906,0.037913839668565145,0.760393789569908,0.013929432455390267,0.5889069392060149,0.02498123479259675,9.878806112655905,0.29889979706422853,6.702035423809598,0.17128729481483032,0.6409307354833226,0.019392431087675997
707,-95.25,32.25,Hot-Humid,0.7733159065246582,Humid,0.657159364178103,0.03806132042247864,0.8651683356383131,0.014675612525270287,0.7580471740023109,0.048593170340049265,0.8008992487335309,0.018555327320296706,0.6837051878573602,0.02080908155060465,7.61094116110556,0.2507645034970439,5.044977190733248,0.15805996477000345,0.562156885489905,0.018521887016775134
708,-95.0,32.25,Hot-Humid,0.807363748550415,Humid,0.6335400504860604,0.04148062901267515,0.874004835539781,0.018016057846912414,0.7364084721559296,0.042614124529323304,0.7812087398213055,0.030250713947847698,0.6776067301622837,0.04424617142933613,7.29446295601259,0.5142917732790783,4.9737945042535125,0.3098716171963596,0.5666712342075954,0.03995281841367744
709,-94.75,32.25,Hot-Humid,0.8421121835708618,Humid,0.608828120443041,0.04988976586291167,0.8750011440689025,0.0209466511844388,0.7020920492183016,0.053329146680660855,0.7823866663080425,0.028526263285427254,0.6709501603423977,0.05250070235019923,7.410738421657304,0.6027594792951322,5.000183717186045,0.3930228372780443,0.572116714090278,0.04653365873410188
710,-94.5,32.25,Hot-Humid,0.8527024388313293,Humid,0.678942408933634,0.06228334981410319,0.8855811910842737,0.020361937377551768,0.7544148430428168,0.06718007067199344,0.8320026342766369,0.027665071837389303,0.7295957571281418,0.05331120518870053,5.148640058954082,0.5178872308243733,3.5569539695535872,0.37347874289061894,0.5179122546252332,0.05209533785361511
711,-94.25,32.25,Hot-Humid,0.8964400887489319,Humid,0.6933222380172831,0.05864880256519635,0.8832262465783,0.020657684063451923,0.7493621512123377,0.06524700065959622,0.8715845579348522,0.01172070976710359,0.7398580723537297,0.046049314931697345,5.054570618946541,0.44890002198704737,3.5000885708034715,0.3129276756136015,0.5084395315861816,0.045154877459341894
712,-114.25,32.5,Hot-Dry,0.07251375168561935,Arid,0.6376790890645225,0.015279555222923206,0.8030779679865188,0.007797300544104913,0.6968621597063249,0.01679365593239108,0.9778598264771394,0.0059087153032008335,0.6279901802689047,0.01261683862648549,14.104599124357375,0.2395838842882406,11.03782458371449,0.18464982352144593,0.6098556962202978,0.010359145642320768
713,-114.0,32.5,Hot-Dry,0.06182834133505821,Arid,0.7005980026385598,0.010525994492378683,0.8661827719223121,0.0046041747092663,0.7338409077914871,0.013356316620543833,1.0268555395811074,0.011268799596529416,0.7242623966190882,0.008369445688898415,12.585445308005216,0.19117576410238823,10.22025300908051,0.1486858286851134,0.5250587711504873,0.007975761629150131
714,-113.75,32.5,Hot-Dry,0.04686347767710686,Arid,0.7082313104302826,0.017690618410497714,0.8718061432066111,0.005923093870072002,0.7416084629977326,0.017889255183783852,1.042916942477418,0.008180200015840052,0.7234856432836938,0.012677697813824324,12.517507331205964,0.28433176838401664,10.114941046133206,0.17926194814289395,0.5257378317998205,0.011941991601583525
715,-113.5,32.5,Hot-Dry,0.05347435921430588,Arid,0.7034711416526306,0.02100406339854254,0.8502255366255798,0.007389185552797102,0.7465239901532468,0.023632642124485667,1.0319525764922375,0.01051037078561663,0.7002296021558891,0.011398577696707957,12.9820275897227,0.24781687475451325,10.491852926150457,0.13948094917279621,0.5474331325214828,0.01045007546786807
716,-113.25,32.5,Hot-Dry,0.0570877343416214,Arid,0.6438851628408122,0.02937663597911129,0.851912186934155,0.012179470078782473,0.6787521772785039,0.029223077601047892,1.036028588086241,0.018644077208271947,0.682261328247584,0.026782158769656245,15.168344613214277,0.646046336788213,11.775754153615239,0.5571765237363095,0.5632745539179747,0.023990848800184855
717,-113.0,32.5,Hot-Dry,0.07371223717927933,Arid,0.6523646706480559,0.03364079027895223,0.8626756732855867,0.010025423488772472,0.6847775861847748,0.03398901640421746,1.0490369490745248,0.012415277619868374,0.692252887888684,0.025297658720076978,15.169867854534019,0.6278377658133577,11.921662556631361,0.4822985842170313,0.5543698926600527,0.022943796094957437
718,-112.75,32.5,Hot-Dry,0.0866272822022438,Arid,0.6609484105335341,0.03341873471203138,0.8643323499062128,0.010106960640682408,0.6930431396170322,0.03475800934817877,1.0454198441512865,0.011727437320281937,0.7028402653400732,0.023454635558456706,16.048926255987645,0.6495148533094145,12.491938130057612,0.5251550374234384,0.5447668041478761,0.022047215199330603
719,-112.5,32.5,Hot-Dry,0.1118575930595398,Arid,0.6767653375322038,0.032274454962876994,0.8667560713541697,0.002328745709101718,0.7080561975070816,0.03440367183744986,1.0352361414291942,0.01303921122001309,0.7163666731921123,0.015642748174664493,15.747735849301396,0.43640587063434066,12.374456735325541,0.22040392640658332,0.5324088429245598,0.014754269874308421
720,-112.25,32.5,Hot-Dry,0.12408559769392014,Arid,0.6846889634144379,0.027811981552518284,0.8740348384787173,0.0069864685567336245,0.7117746279720933,0.029615187823183613,1.013473713830795,0.01485474716649068,0.7347386629290779,0.014807546096298795,15.331444738136804,0.4209791674920435,11.981628108811057,0.408296777967281,0.5148800189243846,0.01413785624429131
721,-112.0,32.5,Hot-Dry,0.11172641068696976,Arid,0.6820856351082268,0.033622786152627204,0.8901109699686304,0.00675879530138583,0.7035557581190905,0.035353385105339835,1.0275423952954257,0.016738103141256816,0.7517618680773668,0.017516544490891305,14.487416053610733,0.5135354324451551,11.436001858563591,0.37799246908250295,0.49798479449789956,0.017652066859076193
722,-111.75,32.5,Hot-Dry,0.12166084349155426,Arid,0.6930094379406839,0.03342793355076305,0.8801880153991017,0.009767616702605779,0.719487330017963,0.03554175007793205,1.0259897621118392,0.02038722976111874,0.7432193674023061,0.01997245879354352,14.727012060390411,0.5773016353663677,11.704422465259096,0.5523061547024948,0.5064240847781958,0.019851919121985036
723,-111.5,32.5,Hot-Dry,0.13751955330371857,Arid,0.6982756781634039,0.030720428381877014,0.8332461148050905,0.013508086099277167,0.7501601218686471,0.03315799875284429,0.9898077274862278,0.023353795070558226,0.6843538221027996,0.023687012188481838,17.194501880124143,0.6493516629211884,12.788299228322122,0.44701605835869074,0.5615037385767605,0.021205231121161808
724,-111.25,32.5,Hot-Dry,0.12715862691402435,Arid,0.694678536188595,0.024274141107325904,0.8469749213128825,0.010958507273429417,0.7372288888197824,0.028731357299304157,0.9811468783980379,0.012007696166262745,0.7024783154723422,0.015476495224336511,16.80229453348951,0.4379390477501554,12.490941570818707,0.28908281479423587,0.5453073230284964,0.014213021281248144
725,-111.0,32.5,Hot-Dry,0.20593923330307007,Semi-Arid,0.7589107354034605,0.01731945983206475,0.8485033142649268,0.008113615297919475,0.814404880255242,0.025746470308264782,1.0081751847756388,0.019918815152759072,0.7164114491370864,0.009472359727009324,16.439057939802545,0.27477361824213387,12.519449534898296,0.1281188366268669,0.5324708271064168,0.00890008030315204
726,-110.75,32.5,Hot-Dry,0.35847678780555725,Semi-Arid,0.7906191318427591,0.013810923455207725,0.8656224544607489,0.01808961426592465,0.8500374158283129,0.02002210453004188,1.0474045154374905,0.027774914578621166,0.7384479913260705,0.02172176483276562,16.01486021110882,0.6601246320829237,13.067080792243505,0.5271833983983483,0.51107433879139,0.021066231950477403
727,-110.5,32.5,Hot-Dry,0.16499440371990204,Arid,0.771498490611909,0.01437258647799494,0.8800924847631093,0.005927603288325002,0.8095690629370031,0.02276687548413982,0.9833521533834373,0.035646148254434046,0.764380569676552,0.010887710421275724,15.127170246153167,0.35013494927399325,11.474239632346288,0.30859224494334697,0.48530247129327214,0.011232858056319187
728,-110.25,32.5,Hot-Dry,0.2677486836910248,Semi-Arid,0.8001679837847753,0.02946742040224739,0.8796315169900903,0.014609214231872501,0.8475950560366506,0.02349208114706043,1.0391879142949092,0.03089742929707275,0.7658138170164557,0.03302482172014962,14.930910151159697,1.038773398816348,11.288277496824588,0.784552803700837,0.48299364635403164,0.03360283777415338
729,-109.75,32.5,Hot-Dry,0.2094595730304718,Semi-Arid,0.819056521024321,0.01390031897770377,0.9030527382641644,0.0038008645677614916,0.8494662200302496,0.017292206234519252,0.9945636581934446,0.026353363668994954,0.8106060693162165,0.006539966006279404,13.315014730330606,0.23012842164238773,10.165369183177285,0.3201748059119047,0.43514213957220493,0.00752072572189761
730,-109.5,32.5,Hot-Dry,0.14219173789024353,Arid,0.8582873860193632,0.019051544933262242,0.8948141326852461,0.0024684847568258884,0.9153810620675955,0.0347957905540208,1.0156920258983944,0.034071444614957876,0.7955289337278171,0.006484489049272682,13.968969819838671,0.2218774199326418,10.963825087196579,0.31938837723421837,0.452139144557011,0.007181593785275981
731,-109.25,32.5,Hot-Dry,0.15006662905216217,Arid,0.8556542549698207,0.019197635515154226,0.8906175390599662,0.0027530416398799974,0.91155310567352,0.031649079660411854,1.012806621995868,0.021556705635240474,0.7902380004666537,0.004174089568340608,14.235393681335998,0.1418958549159695,11.183071101617257,0.15651195424450032,0.45797961496552364,0.00456505878617333
732,-109.0,32.5,Hot-Dry,0.1638994812965393,Arid,0.8616454209865274,0.028122947710713372,0.8813075366468803,0.0064842388965137806,0.9503613539140849,0.05410796520693369,0.9854600595885181,0.02818754097073653,0.7665035988404799,0.011452231411360096,14.996478225235965,0.36628269486825576,11.922757430144102,0.26393706674949174,0.48309938790917534,0.01179950005827407
733,-108.75,32.5,Hot-Dry,0.17616117000579834,Arid,0.8508652107348962,0.02160938472471951,0.8844817532690472,0.0053248113812448365,0.9120252184371092,0.04018690273031984,0.9997602198237956,0.016431682372991162,0.7793542532466856,0.01036957706382155,14.684244837371711,0.3443415087085443,11.502260465886806,0.3932976949640906,0.4696261542863117,0.011012604344785942
734,-108.5,32.5,Mixed-Dry,0.22748413681983948,Semi-Arid,0.8031507411021744,0.029891851549012766,0.8802486127509045,0.008905551186893991,0.8503752479304962,0.038774824974850616,1.0372719206789753,0.010065721148060513,0.7683414879801512,0.0161811197718172,14.961534732267321,0.5222930711432907,12.077416021067119,0.4101099822261613,0.4810747186275437,0.016793864849939576
735,-108.25,32.5,Mixed-Dry,0.19365842640399933,Arid,0.7695443910959735,0.03525995981734897,0.8654624500932264,0.00955215552338388,0.8176834094275136,0.04906361329481565,0.9787044694335117,0.019761796275646764,0.7420854988009625,0.011206504743301518,16.701274498887848,0.3622390941843266,12.532907509271109,0.2940861626698057,0.5077572982673536,0.01101290466198219
736,-108.0,32.5,Hot-Dry,0.16679108142852783,Arid,0.7884764368745556,0.043212837736063776,0.8883033169082066,0.005065211261565111,0.8271767453762322,0.05040226536789985,0.9624963663694694,0.023257057262820277,0.7775426394032559,0.014705142212852547,15.526681765572746,0.5077019713834288,11.564841535941094,0.4172687545157467,0.471452268481306,0.015415866038542421
737,-107.75,32.5,Hot-Dry,0.20479147136211395,Semi-Arid,0.8042637090777145,0.03869630794259414,0.8870441147203815,0.003933398202050768,0.8513591614925147,0.05059681148327007,0.9524603758893087,0.020526357070727887,0.7750537475889578,0.010605970366618079,16.52172379130046,0.38923021303163574,12.17117822314142,0.2771006653068656,0.47417973221421583,0.011171054577380492
738,-107.5,32.5,Hot-Dry,0.1561797559261322,Arid,0.7983381901912596,0.0359047695466705,0.8900477356162562,0.005168886169266239,0.8370627345305394,0.04659496248377221,0.9655360259548769,0.0119761615855797,0.7831776808894129,0.006194350377013437,16.224130348169304,0.231251653371985,12.20430533132354,0.24852096093860637,0.4656039995948986,0.006636515635186489
739,-107.25,32.5,Hot-Dry,0.1726711392402649,Arid,0.7567555603886638,0.03301915760791921,0.877738807583952,0.009433029522651137,0.8074340404852907,0.04027766171076682,0.9190141931864846,0.010179803166188793,0.7420196340969671,0.01781989269250653,17.432998190745614,0.5988013343871953,13.047107130379477,0.33754646373704367,0.5076781421969769,0.017438099038416838
740,-107.0,32.5,Hot-Dry,0.14583386480808258,Arid,0.7902284638303081,0.03093622653584649,0.8928233457187064,0.00345318341322963,0.823319970515155,0.039378875815033125,0.9722160175382424,0.007501956808752897,0.7883997513737042,0.0031580036310792153,16.07488356522671,0.12029092230942047,11.59457454363096,0.2373575803827511,0.4599899670128151,0.003442178424529796
741,-106.75,32.5,Hot-Dry,0.15273620188236237,Arid,0.8072932573023236,0.03220683894815094,0.8913011154147353,0.008528525756378356,0.8431152562567025,0.04176302611221047,0.9963674323845695,0.009403344013674035,0.7903359926263486,0.013738688647849644,15.85689467804375,0.5148090735493026,11.783663065176786,0.2581437640627087,0.4576978930797635,0.014859594711701124
742,-106.5,32.5,Hot-Dry,0.23249514400959015,Semi-Arid,0.7936045432983043,0.026082389251924087,0.8806641216020067,0.013897979818563819,0.8377667737375996,0.028815548374895215,0.9593940233873923,0.011990033373317678,0.7670015035980762,0.02513476612577657,14.389364851929596,0.7732875379575105,10.478659380182743,0.43484150265060834,0.48214252621787546,0.02591044225233046
743,-106.25,32.5,Hot-Dry,0.13764968514442444,Arid,0.8146625752185097,0.029899242843851113,0.8930641474046028,0.007152400370334341,0.8548897418960401,0.03772975525341516,0.965281722843683,0.015319817504857952,0.7896098072524416,0.013059034996050132,13.573290853142215,0.42474618885806215,10.058144057776342,0.29189156145864303,0.4585035484590308,0.01434785689726726
744,-106.0,32.5,Hot-Dry,0.1420188546180725,Arid,0.7940654442785274,0.021495561269287443,0.9025979706746694,0.006703366337591693,0.8322266840555479,0.027117244148510487,0.9336993211312652,0.012431997280622057,0.7923415819986928,0.008341367609225088,13.45145098801865,0.2693480003150438,9.767973257868984,0.2653030869724962,0.4556224654194394,0.009123253697214123
745,-105.75,32.5,Hot-Dry,0.2523385286331177,Semi-Arid,0.75086680631552,0.029686489762497156,0.8680284489506389,0.012876848102490398,0.8006309447148187,0.02938817977039049,0.9318016798495835,0.012907086722418533,0.7334099934192764,0.025620005840334036,15.265640087194901,0.7246497357933861,10.578650905191433,0.4233379913102575,0.5158587961225983,0.02448747240087885
746,-105.5,32.5,Hot-Dry,0.31337374448776245,Semi-Arid,0.7149992695920533,0.058468820118493144,0.8554763542337286,0.015032700669189682,0.7622213876685566,0.059403623590019175,0.9493742070657625,0.03478068838833106,0.7098518656601763,0.03654090853354081,15.754825573201483,0.9936776919395423,10.885483676153349,0.5528829142055187,0.5377989382804463,0.03391969052498097
747,-105.25,32.5,Hot-Dry,0.21059484779834747,Semi-Arid,0.6656616779253597,0.036310989795442075,0.83122969046183,0.009897762952660124,0.7154612053477961,0.039541438783821756,0.9618758911164436,0.02757989294015277,0.6702315643817289,0.01882583318956887,19.9488282422528,0.5668869831193595,13.304890772173147,0.14912721492112874,0.5740692772371987,0.01631335919696884
748,-105.0,32.5,Hot-Dry,0.25387734174728394,Semi-Arid,0.6522836452295862,0.0384594069205806,0.8317460811644098,0.014619099240548647,0.7007941583512585,0.039492715347782134,0.9555324687319657,0.03279427997980397,0.6646858187319057,0.030142677750355108,19.944908608177595,0.8849218732412852,13.465884588453424,0.3866038584129875,0.5786077654447497,0.025671848276075243
749,-104.75,32.5,Hot-Dry,0.20846238732337952,Semi-Arid,0.6692568543622631,0.01775030258655647,0.8396353001251354,0.01842168075962157,0.7131744327429832,0.02260424650603354,0.9782989562650585,0.02515353992815977,0.6850812280293088,0.023159133455798942,19.15716191899364,0.7026247841861264,13.340785812204487,0.4271457272072347,0.5608745270320725,0.020571123487800404
750,-104.5,32.5,Hot-Dry,0.19863127171993256,Arid,0.6166858407332365,0.014407935660891236,0.7616423104160728,0.02133295354699182,0.7062270201900505,0.029838538986134297,0.9503061803620895,0.0232658915929057,0.5651071755661037,0.02254344232828506,22.66905972147367,0.5950166896403355,15.850493791481696,0.5107044360353222,0.6592823818140859,0.017304820984419333
751,-104.0,32.5,Hot-Dry,0.18076667189598083,Arid,0.6656704727532473,0.01800644566783091,0.7947389780319682,0.02167105681171382,0.7377950655179462,0.023023346394499378,0.9946037134746512,0.02010026110263457,0.6262307317288397,0.03063785933994999,18.719349073999204,0.7506888972066411,13.129417686399373,0.5047134669446668,0.6109738220940583,0.024501453705298586
752,-103.75,32.5,Hot-Dry,0.1806105226278305,Arid,0.6516944411438726,0.025501668932230066,0.7854206640920769,0.024301047382827245,0.7301993986953327,0.02597152828042587,0.9616456013177098,0.02542797955300291,0.605161361669985,0.03433191429849427,19.215854162032702,0.827343874078178,13.331491769656845,0.6555335470765888,0.6278964545304148,0.027034254154445242
753,-103.5,32.5,Hot-Dry,0.1971820741891861,Arid,0.6673829106158113,0.028314492993419885,0.7887731167648099,0.022997701519979978,0.7464083185980703,0.03573605968907899,0.991463321546832,0.0322551626647362,0.6152771176350431,0.03588501938309903,18.630425580790142,0.8776197078186672,13.24341002811355,0.7846764356404706,0.6197105106928757,0.029192578289098436
754,-103.25,32.5,Hot-Dry,0.1966986209154129,Arid,0.6604669734243741,0.03194720817837359,0.8014215701791623,0.02531246480658276,0.7290945695994232,0.0347634383549828,0.9653187005202029,0.027245730468365578,0.6287943412335224,0.03673330134889222,18.878350279260665,0.937197027799265,13.333546647497048,0.6294605646206692,0.6086667574080755,0.030216659163790294
755,-103.0,32.5,Hot-Dry,0.21026507019996643,Semi-Arid,0.6876412410852392,0.03086222860438175,0.832970985905663,0.018027903123906706,0.7386586952388283,0.03412300668234739,0.9898324817899014,0.03234811708762365,0.6803879849348047,0.028903684376029297,17.358399385555572,0.7926216098423169,12.570884089506318,0.6208436644016107,0.5648714740002274,0.02579323860059534
756,-102.5,32.5,Hot-Dry,0.20698414742946625,Semi-Arid,0.6693906718372116,0.027862809784974633,0.8225878502809355,0.021798164043647004,0.72572419933712,0.03427128836247501,0.9646712392897735,0.028579819008764332,0.6584847212716528,0.03132785403780489,16.820074832843304,0.7777664061772561,12.537205583638052,0.47791507472838374,0.5838939130657896,0.026999467889833807
757,-102.25,32.5,Hot-Dry,0.21879027783870697,Semi-Arid,0.702003061657159,0.021744586916260227,0.8382690979996614,0.01973616586969442,0.751951877170137,0.029715062969641468,0.9894922038321716,0.021426218163934745,0.6922641701924698,0.026617260090133422,15.919237221752855,0.6952471576968948,11.727159112491616,0.5677710637280967,0.5543166725390277,0.024208891775301063
758,-101.5,32.5,Hot-Dry,0.24971848726272583,Semi-Arid,0.719220351816263,0.017620475945530987,0.8739217297208792,0.013946872874083915,0.7500211526756912,0.020279004485125374,0.9955706674955749,0.015661250385986505,0.7472174478420236,0.019255754948583843,14.162543856119726,0.5375045337397538,10.664900163091946,0.4025913060474369,0.5024854246272007,0.01907059894176843
759,-100.75,32.5,Hot-Dry,0.30028921365737915,Semi-Arid,0.7555686671450484,0.01691781019085088,0.8611712833128813,0.010980198398224983,0.8057803546749873,0.021124775460370504,1.0493524188681218,0.010714776664625267,0.7291484922372502,0.018268094067820966,12.57419672755383,0.42214476835907994,9.61263086202214,0.4071266008351077,0.5201994871762944,0.01746429587293964
760,-100.25,32.5,Hot-Dry,0.32975709438323975,Semi-Arid,0.7828306324533982,0.018581084204532753,0.8702059725164644,0.014057819738433654,0.8506579717346126,0.03105360967182745,1.0834428657063755,0.02227491759513862,0.7320516246806232,0.027137255372342916,11.42131551745756,0.580815108405301,9.18585562523794,0.4922407906753927,0.5171026678017594,0.02629653664649012
761,-99.75,32.5,Hot-Dry,0.3578319251537323,Semi-Arid,0.7443695449130748,0.021560701626350685,0.8469291846677202,0.013765001559323973,0.7998659860839918,0.03274283303995201,1.0325894996308407,0.014282525429091876,0.7100868939899397,0.021295195706094335,12.17858252782611,0.44470700810119984,9.405857268931175,0.3506018687372413,0.5381488490153461,0.01965077331552453
762,-99.5,32.5,Hot-Dry,0.40392521023750305,Semi-Arid,0.7341415423725755,0.02510552842396645,0.8324481368966824,0.014581831728989643,0.8028590831438878,0.03446580883627514,1.0502428025980426,0.027432302140316427,0.6818414195461309,0.021929428851717555,11.997196300593835,0.4114027084297943,9.28158849161529,0.3146760652310991,0.5637903516355119,0.019333256857517165
763,-99.25,32.5,Hot-Dry,0.401238352060318,Semi-Arid,0.7239501530854385,0.01432226336972733,0.8221997889671421,0.015515851033374188,0.7943723151720474,0.0209690839264785,1.0391903028672118,0.02212817273628496,0.6690579015421215,0.02399741963781689,12.108445390981021,0.4379507257733915,9.22678074291539,0.36444392240758305,0.5749748778221478,0.0207962836609263
764,-99.0,32.5,Mixed-Humid,0.430731862783432,Semi-Arid,0.7884734515357273,0.01216819100980808,0.8554049755163554,0.015511568926018912,0.8497672999017505,0.024582805481984125,1.011857740250703,0.026641200197024456,0.7288206533221857,0.025123186531521232,10.587845596909085,0.5037577575729292,8.07828626140731,0.43326980659043746,0.5202779342379474,0.024754237589458033
765,-98.75,32.5,Mixed-Humid,0.46019279956817627,Semi-Arid,0.7697818327021846,0.019333404498774107,0.8570059112048358,0.01078640130771588,0.8278110894836306,0.02936064286017942,0.9556072382041988,0.02370828707108202,0.7260539434745162,0.015125475255686674,10.839661753670994,0.3038857763421231,8.24228483453141,0.32058657029681586,0.5232340973865435,0.014668668036540105
766,-98.5,32.5,Mixed-Humid,0.4841963052749634,Semi-Arid,0.8025832954269128,0.02704602308098735,0.8734209094189651,0.00979945282840216,0.8532072008199965,0.039442787080612336,1.0051174794901716,0.028296516870508447,0.7592395063904427,0.016158036534137936,10.067342082170974,0.3394501492102827,7.723531594819979,0.29265564393557,0.4904505235626563,0.016536986827778818
767,-98.25,32.5,Hot-Humid,0.5016230344772339,Sub-Humid,0.8295213065064537,0.014092438789614106,0.8650605762395317,0.010684721849598011,0.9439497450894635,0.035065024362562966,1.0771844143880478,0.032387768595724856,0.7244933514390729,0.028261972196872445,9.923501037724979,0.5117797079020753,7.632576383214489,0.44146587906641055,0.5243297400709002,0.027040992911446845
768,-98.0,32.5,Hot-Humid,0.4936370551586151,Semi-Arid,0.8291126199850447,0.025225547959905815,0.8859834093524057,0.011018182566653344,0.9047634479017823,0.03620950715240983,1.0723778419262866,0.03964215653315921,0.7682592208430088,0.028010656174581382,9.019128376330427,0.5526880336432254,6.91911260493337,0.4659975076023639,0.4806731543294374,0.029455429550001824
769,-97.75,32.5,Hot-Humid,0.5202489495277405,Sub-Humid,0.8318191879270611,0.01411461069966064,0.8886059584984991,0.012712357626740292,0.886715600780219,0.028549175083170005,0.9976574133829945,0.05494725299667997,0.783210355692461,0.024913495719350254,8.433694321221479,0.48792805653883203,6.347281742112098,0.3520592542759044,0.4649846144628714,0.026901501360375037
770,-97.5,32.5,Hot-Humid,0.5537707209587097,Sub-Humid,0.8103666276922574,0.028156296725706867,0.883989048072474,0.011779570942856737,0.865057445946588,0.0425674451267607,0.9795524896357879,0.0607073558804278,0.7718285731254626,0.022310727523628643,8.631631678618644,0.4161576393108183,6.598123011909247,0.3600534266499154,0.4772294065601721,0.023008704569234723
771,-97.25,32.5,Hot-Humid,0.5633982419967651,Sub-Humid,0.7703941238921272,0.02568189984496912,0.8695370558973039,0.014553839720175288,0.8249671055554091,0.034858810920597234,0.952577102458628,0.05242757426498786,0.7430977526795202,0.021785848417083684,9.253465926828406,0.3912448656778134,7.018799041802042,0.33278770568709365,0.5064932042360424,0.021414988418936725
772,-97.0,32.5,Hot-Humid,0.602764904499054,Sub-Humid,0.6914916046467827,0.04117032594798559,0.8567983695857915,0.010373307049294057,0.7537894548511002,0.04815507928485046,0.8863532945101278,0.02622736409231381,0.6960809142825115,0.02456536317443486,9.214820544556357,0.3728128749317443,6.596582415087553,0.28445268339945956,0.5509279725908043,0.022289423906711993
773,-96.25,32.5,Hot-Humid,0.6598125100135803,Humid,0.6574797366791248,0.05882238002562801,0.8761878983952878,0.010988884939781876,0.709724620768732,0.05664503453995451,0.868182000594875,0.023964531497133453,0.7073878821321784,0.04312629566640696,8.461823780293507,0.6106199100966936,5.9876544085074395,0.40202253452727843,0.5398131119004475,0.03895385231553882
774,-96.0,32.5,Hot-Humid,0.7397818565368652,Humid,0.6874299491429378,0.04681295174235393,0.8758512745093545,0.011988689028564712,0.7588596131617205,0.054216210482870654,0.8478964345104931,0.019026655590490438,0.7110178102111868,0.03407899033083953,8.14839319160344,0.4721534515844693,5.818521999745769,0.30729329095025176,0.5368501202589044,0.031107438154184184
775,-95.75,32.5,Hot-Humid,0.7568718194961548,Humid,0.6684350813454973,0.03485278539117609,0.8712234157953034,0.014336693084659955,0.7540463101988022,0.04591598185395196,0.8213404628335301,0.00867162676653351,0.6977958244673861,0.029105966201049705,8.3604796605378,0.4057429526736064,5.782121107814332,0.26307586993890053,0.5492138289774381,0.026653930117228247
776,-95.5,32.5,Hot-Humid,0.7651664614677429,Humid,0.605091267942243,0.02526914228212035,0.8492192997700577,0.012660009082218784,0.7079705180667654,0.033894550513241944,0.7826168242232675,0.013460785565693342,0.6338614187608983,0.02352885124843092,9.365755331947733,0.30067397017012376,6.257290334053011,0.16826711681486817,0.6048445626315344,0.019417656081820216
777,-95.25,32.5,Hot-Humid,0.7813270688056946,Humid,0.627122860430686,0.026220314420897974,0.8595111214509762,0.01777563626403951,0.7310645607202294,0.03360827078047079,0.7854629847564949,0.020659363202459098,0.65995739692206,0.035651378624241,7.816219825211202,0.4101636080870341,5.268444737940166,0.28005171603718915,0.5824904655042953,0.030566744071976248
778,-95.0,32.5,Hot-Humid,0.8233388066291809,Humid,0.5938590456788939,0.04111540781017259,0.8596585970298323,0.017621519244251992,0.6971968669586701,0.049714494362879384,0.7708763861032496,0.015578023775613032,0.6422531774860996,0.03225991633034163,7.9076609644520035,0.3589350425774934,5.398369672252479,0.2536786859842572,0.597627085377076,0.027126770393873293
779,-94.5,32.5,Hot-Humid,0.8705475330352783,Humid,0.6076053317946857,0.06795698503917218,0.8705498817811851,0.02297604105444565,0.7127708134402676,0.07471724166934099,0.7696754406269892,0.024297736192894926,0.6650288987753624,0.06295511991975426,5.808201092357348,0.5467514137266531,4.047319419430859,0.40135360866452346,0.5767262763572115,0.05428977094931025
780,-94.25,32.5,Hot-Humid,0.913926362991333,Humid,0.5951505338203195,0.047322786897143476,0.8846124993769087,0.017737360286517928,0.7205697735684276,0.05711098245163334,0.7346301351645143,0.035653412776250004,0.6649050786216707,0.05181784977874951,5.589578774882834,0.4288432899737279,3.877246477942829,0.29954882977931485,0.5775156741150604,0.0443081190324738
781,-114.25,32.75,Hot-Dry,0.0508267804980278,Arid,0.6623555198216915,0.01466606000473255,0.8031741381748866,0.003736116284271308,0.7260381739111248,0.020155995060911355,0.9996230309238097,0.007420187284350481,0.6382080965177389,0.0032138436472425487,14.219480364760221,0.06325785543907717,10.366688711954572,0.14824163668444773,0.6014866378205667,0.0026758189334460925
782,-113.75,32.75,Hot-Dry,0.04919842258095741,Arid,0.6530939161044265,0.015539036773433752,0.8562934700276967,0.010959147093820574,0.6866463854064441,0.015174432399308557,1.0365492622607195,0.009924982655988119,0.6895256724194485,0.01670876960689725,13.416086872735969,0.3599758831935484,10.390947259940987,0.3324556326675481,0.5570418410694017,0.014946357355676914
783,-113.5,32.75,Hot-Dry,0.0483027845621109,Arid,0.6568526551218242,0.02269072655161578,0.8635622308593105,0.005560060750136506,0.6872423467621925,0.024667260701939864,1.0292556192096087,0.02127144127055538,0.7017274666543305,0.014018385901737518,13.251851838667562,0.3101453293649754,10.351809321072562,0.39086592306633244,0.5460237074392376,0.012779097189321883
784,-113.25,32.75,Hot-Dry,0.058339718729257584,Arid,0.6576544904019711,0.020471588557639808,0.8621137064227824,0.008558420687009917,0.6895984908200237,0.021386355187924578,1.0409129104162709,0.009722743548602638,0.6976949841886119,0.016258202108723578,13.928032688735367,0.3749878663927495,10.788555255973797,0.41408043400175104,0.5496633643046995,0.014798722606501504
785,-113.0,32.75,Hot-Dry,0.06372005492448807,Arid,0.6574333884299908,0.028546250427844706,0.8600277110101434,0.006429379467066696,0.6898402725685928,0.028587220455214404,1.0376124464548806,0.011776400378176094,0.6977067310418017,0.020538451356497366,14.292351120653382,0.491580560388726,11.144030173831908,0.4897069408422096,0.5495520456537892,0.01890165587765875
786,-112.75,32.75,Hot-Dry,0.08031868934631348,Arid,0.6709037306493351,0.03137515205062026,0.8638158363283781,0.009690650499104562,0.7029667000195507,0.03152690458085588,1.0343635819649335,0.018228672475412464,0.7098110646431361,0.02238571577366959,14.63045317600033,0.5642628525194752,11.438329573461077,0.5225998446452164,0.5383716454235847,0.02076375329648967
787,-112.5,32.75,Hot-Dry,0.10795441269874573,Arid,0.6831002596401959,0.03134304284173461,0.8767332978866827,0.00965760277181083,0.7110931648645968,0.032690841356888156,1.0360712199511326,0.019962904386245643,0.7296826684972404,0.020781931854331543,14.34262712585046,0.5480492761812307,11.327489799753995,0.515675883248137,0.5196171169312392,0.01985520381494663
788,-112.25,32.75,Hot-Dry,0.10575881600379944,Arid,0.6967759683236439,0.02915875257743832,0.8842698802703227,0.004399797875202973,0.7230730704823688,0.03019696899056019,1.0396554880466315,0.01678857143226251,0.7440597496511976,0.016559082807691767,14.171269036685214,0.4605042732664641,11.20089049211343,0.47546331496068744,0.5056918246599044,0.016432772930142066
789,-112.0,32.75,Hot-Dry,0.10317040979862213,Arid,0.6727497139934698,0.024612880223075565,0.8672407123072785,0.008034614500285834,0.702470106826341,0.027266231948278808,1.0169064232788037,0.02490205546500971,0.7204203664044475,0.011311470760933633,13.993550787218064,0.2845884864768808,11.117796928399548,0.25695685953520797,0.5286654492723777,0.010751531355320613
790,-111.75,32.75,Hot-Dry,0.11064556986093521,Arid,0.7330026489057146,0.019821973408825567,0.8545899056312323,0.009634143450451124,0.7777794390320173,0.02312369526768763,1.0170765039949803,0.018782177156360377,0.7211380508458154,0.015382310091339233,14.000064336723103,0.38496471376166314,10.91836435248805,0.4443056745462343,0.5279141711670656,0.014516242419041895
791,-111.25,32.75,Hot-Dry,0.14578817784786224,Arid,0.750687779004229,0.021260369385405715,0.8269111559423493,0.00587767908561485,0.8228732059791062,0.028248148797506027,0.9819703379241966,0.015550898427830237,0.6808371558801709,0.009668794435331625,16.34166261927253,0.24672379435202402,12.182169758007069,0.19067168602236978,0.5648934886648047,0.008528671052342193
792,-111.0,32.75,Hot-Dry,0.2083667516708374,Semi-Arid,0.7551976530846399,0.004921235244212352,0.8181915751083082,0.021529447482765834,0.8405485520609428,0.020995698189945688,0.9806135016339332,0.02148228365586855,0.6645375027728486,0.038845949934358096,16.59733050540989,0.9628386951553075,12.514685453996703,0.6902344459488486,0.5784131417608526,0.033554706553091354
793,-110.75,32.75,Hot-Dry,0.19867727160453796,Arid,0.809006049941867,0.027684658710987308,0.8708221874990725,0.007677545432147615,0.8692735593261547,0.02937318317064689,1.041898900781319,0.0320669402569157,0.7491419503930816,0.019492284690789553,15.16975393783386,0.595875653294133,11.76011891928692,0.5424894854650607,0.500548479705941,0.019661798970007072
794,-110.5,32.75,Hot-Dry,0.21587522327899933,Semi-Arid,0.8233507193033539,0.027511183194655668,0.8894509068047098,0.0074023530300180475,0.8822436601917154,0.019572497105487245,1.067940915672446,0.03075168610910947,0.7727831981850644,0.028056046998094216,14.180700042450397,0.8658933715023232,11.020358538221098,0.8239011185012611,0.47596331383614177,0.029062985416464623
795,-110.25,32.75,Hot-Dry,0.2270931601524353,Semi-Arid,0.8180527667236763,0.022517658638931563,0.9113167662218284,0.008250561330170368,0.84640233855541,0.015762529385451952,1.0215134286255758,0.04088739438433184,0.8214199309269326,0.022456299818720344,12.446915998067537,0.7829931394093287,10.023109844518448,0.5855786061574239,0.4219200230317539,0.026541553222065615
796,-110.0,32.75,Hot-Dry,0.3225744366645813,Semi-Arid,0.8258510449527506,0.018409963348315586,0.9050816545247399,0.007931709497688306,0.8621590155753562,0.015444700237558227,1.041616390086468,0.027755317078583436,0.8109888407355029,0.02013187721468983,12.702726966446473,0.6634623814645044,10.12193620135212,0.5385263488139853,0.43428051414155666,0.022682435424855044
797,-109.75,32.75,Hot-Dry,0.14010119438171387,Arid,0.8030970894754201,0.02538108144975415,0.9033406786519411,0.00810481010844093,0.8355278504434637,0.025581258726287383,1.0304173209229037,0.041694106571311604,0.8044238667155479,0.021143875426415534,12.653749949736781,0.6660346131165196,9.924381188322982,0.4645932248485289,0.44175063101727724,0.023251701020825955
798,-109.5,32.75,Hot-Dry,0.13816016912460327,Arid,0.8306533353502298,0.025969854240364396,0.8982946701773471,0.0050564609111879155,0.8683173071956964,0.031211285105775463,0.9864609661796138,0.026231151904208647,0.8034209640610038,0.009365537022006636,12.68486966834929,0.29942437204521666,9.8719669672985,0.1749200344440317,0.44327356078558067,0.01046340333426078
799,-109.25,32.75,Hot-Dry,0.17452895641326904,Arid,0.8165577596082176,0.026091318696988174,0.8808688973240125,0.0081818117326252,0.8669922343267744,0.03409032158252358,0.967263147645139,0.01793741124326297,0.7712117772367495,0.016545976903124208,13.747001371371391,0.5036229493777109,10.623567442430613,0.35453027025452494,0.4780615390629251,0.017513838529784016
800,-109.0,32.75,Hot-Dry,0.17422902584075928,Arid,0.85497464950661,0.02031090643329987,0.9144843972651729,0.003812651754799858,0.8909481778572133,0.03045209920157119,0.9660044560715015,0.017605754163719876,0.8312010725960783,0.004193116213390778,12.079658817483466,0.1503058201706836,9.564526151132734,0.14904266125598875,0.41082602461590084,0.005111861478072666
801,-108.75,32.75,Mixed-Dry,0.19841015338897705,Arid,0.8141352346497275,0.02923684665764608,0.8953151302930296,0.0024296601746054605,0.8513410856934497,0.03734595401006205,0.9679398780213837,0.005338605559750419,0.7957890110538952,0.006099567709421369,13.421728429467333,0.19987098158045677,10.472708023138457,0.20551765711634445,0.45185702026251534,0.0067288730097986235
802,-108.5,32.75,Mixed-Dry,0.22890402376651764,Semi-Arid,0.784861011358337,0.030030518434444937,0.9085382831071385,0.01000890909235455,0.813331380113755,0.033259482587359876,0.9487959562250154,0.01615856982442156,0.8079976587029574,0.015494008513571956,12.77597736788999,0.5191500733865452,10.101009113071793,0.45787913749983455,0.43789159583374565,0.017793664434925766
803,-108.25,32.75,Mixed-Dry,0.23271682858467102,Semi-Arid,0.7716233580338514,0.02896923347683434,0.8976888004611014,0.008826627812043065,0.8094314333276058,0.029262028590543148,0.9318941383440444,0.02866955482630077,0.7827804588829694,0.019410728550719625,11.042565195283448,0.49813799290085575,8.603954997500276,0.27668611830871825,0.4656892596587416,0.021007574691157313
804,-108.0,32.75,Mixed-Dry,0.24449262022972107,Semi-Arid,0.7508474032771779,0.020414255568638275,0.9025409606424335,0.005799842560154767,0.789886996015954,0.023202080333085878,0.909828162940045,0.014837922664226816,0.7764679896045485,0.007734747060708938,11.153323502413254,0.19381622223358527,8.862165775614491,0.10719433940912769,0.47273462163531343,0.008214918043447351
805,-107.75,32.75,Mixed-Dry,0.29496482014656067,Semi-Arid,0.7616765074648273,0.027480975426021247,0.8451782570410995,0.0061280710193128834,0.8241950602927167,0.037475116190459325,0.9716629459318595,0.026659020062539986,0.7088870414775417,0.006318982204351214,17.698244136040135,0.191667611490005,12.614453181358796,0.1480219292617327,0.5395235369067124,0.005842906610773342
806,-107.5,32.75,Mixed-Dry,0.17216947674751282,Arid,0.7665733756999294,0.029370346324821897,0.8585998877483856,0.014681922573387912,0.8186684832571653,0.04609453836265869,0.9879078435434838,0.018859331777308346,0.731684422113025,0.018176630626814308,16.644550209785734,0.5642216411024262,12.025368949324255,0.36084953165173606,0.5177539460813284,0.017550968783374855
807,-107.25,32.75,Hot-Dry,0.15345631539821625,Arid,0.7839366007134673,0.030859100193043963,0.8731518799835897,0.01590503449790776,0.8323224027437632,0.04016875897463252,0.9597338020990385,0.012471539618064657,0.7539013945918417,0.023036887313443936,16.06226371652055,0.7451353734444514,11.708771387729564,0.44937426427115523,0.49565677239710854,0.022993732435143754
808,-107.0,32.75,Hot-Dry,0.1544986069202423,Arid,0.8074999000307708,0.030053788222395784,0.878720288497872,0.004447434863977099,0.8614008340784448,0.03968359765892979,0.9498315018884707,0.00920890454938472,0.76250831933372,0.009811955636119902,15.299792457067102,0.31359556478570066,11.034343918601044,0.2028235984148011,0.48724930818597334,0.009987012727185267
809,-106.75,32.75,Hot-Dry,0.16642779111862183,Arid,0.803946687645752,0.0397272337691642,0.8831578792260325,0.0031583513970125806,0.845856764678009,0.05206328719202705,1.0008612860383361,0.011731097874561476,0.7761426678311254,0.0072844254509251225,15.402742566001951,0.25048932735566015,11.322256996960476,0.2916035321910346,0.4730855934214153,0.007693622844762184
810,-106.5,32.75,Hot-Dry,0.1594390571117401,Arid,0.7768165963738514,0.03152199224732562,0.9043498740670797,0.00838841405825954,0.8023103210429481,0.03589466745048205,0.9668400209165823,0.015369058484966808,0.8022737216107723,0.016191492449295013,12.588658107976121,0.5177266758979737,9.400798689381372,0.3024381517072871,0.44436369684344557,0.01827509633538522
811,-106.0,32.75,Hot-Dry,0.12648634612560272,Arid,0.7549551069677296,0.0220002272572763,0.9118303163056639,0.008435885737676995,0.786553802337828,0.024960343731939283,0.9221557729226906,0.024646631370122966,0.7939045311179825,0.006514564650601412,12.914485315518249,0.2047357842206126,9.375450123328347,0.05888483375880238,0.4539317568579995,0.007196266204375119
812,-105.75,32.75,Hot-Dry,0.4992760419845581,Semi-Arid,0.7090530051073002,0.043642618678604625,0.803549571327741,0.009245241963809313,0.7940995393678074,0.06038543850908395,0.9994864331748747,0.052444750189166264,0.6364616679228907,0.016306352670782363,15.813045770255272,0.3557054428233426,11.334962180780003,0.4412465271905922,0.6028194020545828,0.013560078524130274
813,-105.5,32.75,Hot-Dry,0.3637790381908417,Semi-Arid,0.7421250153625276,0.04973592048441985,0.8456060384295944,0.012711596254866078,0.8071942358688731,0.0664330064413537,1.0091512304908572,0.06822014768826781,0.6986845265323247,0.017424924199087026,14.262527252190816,0.41196975007341974,10.522375958811647,0.2897669314082096,0.5487390003160885,0.015850197150791216
814,-105.25,32.75,Hot-Dry,0.24100224673748016,Semi-Arid,0.6106207563359388,0.04000633235902666,0.7913535833176791,0.017296824043925622,0.6752370472168842,0.043526541025684824,0.9658194865094195,0.03480299171153597,0.6052165366346555,0.026374047721268078,22.609710618493427,0.7577052141666323,15.507887095609908,0.32868895171714985,0.6280358932062668,0.02104697751314678
815,-105.0,32.75,Hot-Dry,0.20470872521400452,Semi-Arid,0.6399318423302394,0.033050305459027526,0.8227925866631776,0.01659536924482397,0.6892324301512819,0.030147790010972366,0.9680047493100412,0.026759438152519983,0.653996460929938,0.03247657891342247,20.788269498044187,0.9713485458857691,14.071212452950784,0.420046540338481,0.5877076220740838,0.027461109457011447
816,-104.75,32.75,Hot-Dry,0.21745538711547852,Semi-Arid,0.6480011742946229,0.01400816667859206,0.752391664894154,0.01554138037334212,0.7531476524258827,0.029907587539856596,1.0033985043180582,0.033426013438049594,0.5620152416990292,0.02447403908210197,23.118470774546022,0.645355556969483,17.01981356689826,0.6594851517601654,0.661597979719543,0.018468606200453756
817,-104.5,32.75,Hot-Dry,0.18720847368240356,Arid,0.6534650558302915,0.017968958109691135,0.7884243315913405,0.02694000650655309,0.7285695491123358,0.03457925435646718,1.0007328991780846,0.02145614703139859,0.6148124569697573,0.03616015181112517,20.49233584098385,0.9594097849917802,14.02584793651729,0.7639684166490917,0.6200913514331838,0.02903142495663936
818,-104.25,32.75,Hot-Dry,0.18674281239509583,Arid,0.6762003800920972,0.013903667901059215,0.7840217100832042,0.02469145183890127,0.7637180791895462,0.03982521920905665,0.9911362663923124,0.029367012605257432,0.6087447575366493,0.03553656987622368,19.995492678135967,0.9062428426950168,13.999358800330779,0.9518639258658583,0.6249906802220294,0.02832605026639956
819,-104.0,32.75,Hot-Dry,0.18824024498462677,Arid,0.6805482014932918,0.019557403691660917,0.7725333669946832,0.02163478619716535,0.7786030380626331,0.025581987660376386,0.9807231979755151,0.020253535653457312,0.5932227663919886,0.03125006388852002,18.868545300754167,0.7139029582959072,13.190569409836609,0.5147457382743404,0.6374260069247273,0.024117403052800298
820,-103.75,32.75,Hot-Dry,0.18960483372211456,Arid,0.6813418535559628,0.028680581517620388,0.7858803331955604,0.026230083759487755,0.7666822188998653,0.03124310653039149,0.9868210896274785,0.022684061910283333,0.614112575784035,0.040135069839768195,18.278983134399844,0.9508426264772066,12.556215768424,0.5980871614113834,0.6205271045858836,0.032278798967451915
821,-103.5,32.75,Hot-Dry,0.2007925659418106,Semi-Arid,0.6522061150282619,0.03514064362793763,0.7713162731464299,0.02938528103412684,0.7426848481966599,0.03720445217336014,0.971515014579581,0.032241603934358355,0.5862710800628181,0.04787511375136944,18.868078036940762,1.101178495891299,13.24813768520822,0.8075822156160619,0.6423430663036778,0.037488416690541454
822,-103.25,32.75,Hot-Dry,0.20740962028503418,Semi-Arid,0.6409069017410922,0.025432878650384034,0.7719073749801149,0.03175702590545562,0.7260168395329757,0.031348871115448214,0.9880863597704004,0.02822581502804727,0.5894634251131272,0.04612933109313591,19.39964678001298,1.1055386351998662,14.304124868486365,0.7776044204344288,0.6399005685742238,0.036466375355556406
823,-103.0,32.75,Hot-Dry,0.2165185511112213,Semi-Arid,0.6726238492883556,0.03171979669457664,0.8024297485940062,0.022260044612356613,0.741340871116085,0.029825126616324842,1.0110306937063354,0.03185507899719591,0.6364977522117092,0.03578339371250019,18.13271653128537,0.889359703040171,13.355837642159168,0.5786873927727567,0.6023321587533792,0.029542730065635518
824,-102.5,32.75,Hot-Dry,0.22636818885803223,Semi-Arid,0.6886726905442604,0.04061392902628562,0.8251621844803074,0.024041146965426172,0.7482251983017046,0.03850213947284852,0.9573897395351567,0.03204540922261383,0.6643241734724807,0.043868338542831634,16.498850057008955,1.0717713691350008,12.417703513805598,0.6757600897758835,0.5783998945888912,0.0375730699284541
825,-101.5,32.75,Hot-Dry,0.25580501556396484,Semi-Arid,0.710118589106641,0.019922119809013587,0.8607203031840662,0.01802273246572987,0.7476865382437229,0.02403733137578342,0.9787281099626666,0.011897745856701569,0.7254198534557081,0.026766288818007116,14.11445525160848,0.6904459559559966,10.819877544275885,0.4535654147238502,0.5235031123537861,0.02560854106033304
826,-101.25,32.75,Hot-Dry,0.2707206904888153,Semi-Arid,0.7103874108703354,0.019341802672256273,0.8554157449842672,0.019589676314522474,0.750262238641899,0.022135983860337854,0.9895283021295682,0.010753928603059966,0.7193906896288725,0.028202197411991415,14.269987800583275,0.7155583437077916,10.891516688746627,0.44203006322535915,0.5291937085950121,0.026536040458797944
827,-100.75,32.75,Hot-Dry,0.3091534674167633,Semi-Arid,0.7313715911381291,0.02040762996881825,0.8503213079607164,0.01476596679609479,0.7869909555726399,0.02724569937905842,1.059446288840732,0.022794859425165945,0.7059634280040802,0.023247628973848435,13.83987447317151,0.5487838080580822,10.530113397485739,0.4636445199728166,0.541910678278722,0.021488042122753865
828,-100.0,32.75,Hot-Dry,0.3729493319988251,Semi-Arid,0.8007016363221153,0.013475672847018323,0.8709256712055886,0.00770944956593646,0.8545367758343534,0.021911955528488913,1.0345574960675634,0.02289936605617917,0.7528854164106568,0.01389313758446554,11.40244975486804,0.3193284613961502,8.81361764912239,0.3284566819604637,0.4969503319370096,0.013917218518766247
829,-99.75,32.75,Hot-Dry,0.3659200668334961,Semi-Arid,0.7703194394438071,0.01164231159520906,0.8438488069780569,0.008469132899061638,0.8376441962514516,0.024857666739302575,1.035891240887646,0.018678447510943542,0.7064946233466132,0.015273987920247768,12.469068525852444,0.3215698153690558,9.625955658226237,0.31254432478088245,0.5416172938059096,0.013967985885132242
830,-99.5,32.75,Hot-Dry,0.3956819474697113,Semi-Arid,0.7448874539483861,0.01651532086593714,0.8246838307518687,0.010969279537860002,0.8296891508509029,0.026431218004797155,1.066465540345418,0.02465399859578949,0.6657950979010503,0.020039640226519235,12.5730161166411,0.3819687266025334,9.75703011364091,0.3659231235922581,0.5778912713367271,0.01755635966576482
831,-99.25,32.75,Hot-Dry,0.4171787202358246,Semi-Arid,0.7423687589012979,0.018225683115325336,0.8359087331755273,0.013818925300354282,0.8071844764504281,0.022799821004844917,1.0387618831830996,0.024101546241110536,0.6920586244510949,0.022401872792900648,12.199296420581828,0.44097352607490203,9.468050346147049,0.4491686767274348,0.5546348503472693,0.020048638643538796
832,-99.0,32.75,Mixed-Humid,0.41310110688209534,Semi-Arid,0.763390079134947,0.010143968136186805,0.8447094108628788,0.005686380611604719,0.8310219515998798,0.020836613340736828,1.0505040347415475,0.024340546896712736,0.704980842753569,0.014833999883986078,11.090184026661802,0.2777698140214842,8.530754989663775,0.4129022765057955,0.5430204169283541,0.013600737359942631
833,-98.75,32.75,Mixed-Humid,0.4374038279056549,Semi-Arid,0.7720036820880093,0.017995258454522708,0.8551153296608967,0.009924157250903566,0.829331141681536,0.028519568456819612,1.0204511701273717,0.03489669466154972,0.7262666486134759,0.016050133571368655,10.942012018070686,0.32217229080540055,8.363297821746743,0.40854737876396247,0.5230139938160788,0.015399417971094311
834,-98.5,32.75,Mixed-Humid,0.4856513440608978,Semi-Arid,0.7302545204028537,0.017666403864609867,0.852125091321901,0.013836967152223158,0.7771731485806709,0.02253200238315538,1.0205624040279573,0.02528280544635692,0.7176169319968774,0.020569240419681414,11.017313508520555,0.40248578997243273,8.378549227591012,0.3441697497426361,0.5311138256513228,0.019402712604777158
835,-98.25,32.75,Mixed-Humid,0.5072884559631348,Sub-Humid,0.7693483634969762,0.023857764857453133,0.8586579901194897,0.010608745872491533,0.8261728002306539,0.03734663023538917,1.0387423202879937,0.030725645549871873,0.7297363984001887,0.017948526564729488,10.066801570336434,0.3366619320086529,7.601685390235657,0.3012843514696666,0.5196364143777332,0.017378091540212064
836,-98.0,32.75,Hot-Humid,0.5058372616767883,Sub-Humid,0.7833389953932468,0.014682567344213087,0.856633987842496,0.012408176080623893,0.8570185261314304,0.03472762080626525,1.0549860567352118,0.05006864054713166,0.7213260332849044,0.028521405081054486,10.020003099920661,0.5131237616155339,7.679160938267157,0.43629090286576505,0.5273429075112411,0.027005198867212248
837,-97.75,32.75,Hot-Humid,0.5627094507217407,Sub-Humid,0.7938649845512386,0.022876479864537762,0.8618956293213553,0.011365146146725928,0.8622767822583339,0.04598811807651658,1.0281689327643875,0.053397819936573554,0.7338572510385966,0.02773219687403044,9.656963421472318,0.498999837482601,7.396529929959286,0.39929427233562237,0.5153401486606922,0.026628934915313006
838,-96.5,32.75,Hot-Humid,0.7141736745834351,Humid,0.7528706544192516,0.05358008833428271,0.8793394510161292,0.020402093060403085,0.7944041323514155,0.054727960720482076,0.9446009363012526,0.030470742878229644,0.7567206463440858,0.036992634402665,7.224661714430804,0.5529855763550695,5.250579612279316,0.3358728785729069,0.4920817563981338,0.03766461661894929
839,-96.25,32.75,Hot-Humid,0.6860607862472534,Humid,0.7052284059280837,0.05313680514920599,0.8690831699133363,0.011845050253098802,0.7590815050214232,0.0547163626778245,0.8969189795261338,0.032309554858087494,0.7217604008380073,0.03441422327599999,7.867290324514397,0.48198200196149976,5.622099883262991,0.28599817065742494,0.526694076931012,0.032267407855720985
840,-96.0,32.75,Hot-Humid,0.7512804865837097,Humid,0.7360620991057243,0.044104205436677126,0.8612115175655749,0.016138440812198753,0.8052191980035012,0.0568717116969145,0.8970094696131314,0.027718102286002872,0.7172818943061647,0.03387380226553113,7.662730459212679,0.46027546075284914,5.445316190968673,0.2834560669309112,0.5309467139177164,0.03189225364045985
841,-95.5,32.75,Hot-Humid,0.7927548289299011,Humid,0.6105230865201243,0.02791944920265384,0.854906148889366,0.01702009046543097,0.7084781308575231,0.03924667646454562,0.7886543864445004,0.01358677605587161,0.6472527740644752,0.02926642987763054,8.718096602529688,0.36448404968891324,5.902034328024134,0.21933885204173645,0.5935104585939991,0.024813340037812253
842,-95.0,32.75,Hot-Humid,0.8255881071090698,Humid,0.6520593020613685,0.048051658981059814,0.8504153831587205,0.011771057537290488,0.7582591912680101,0.05840786556186343,0.8032566500689686,0.02616647756728298,0.6638086396026629,0.025315357345786035,7.769218800031709,0.2870366581203588,5.049269411585999,0.1736079707606063,0.5795037968299688,0.021409981813030558
843,-94.75,32.75,Hot-Humid,0.8428205251693726,Humid,0.6253313871226307,0.046411463462212935,0.8658017494441979,0.018796904023931155,0.7237154348179483,0.056431281201365445,0.7891277177309479,0.023981433168534693,0.6739804219124476,0.044182925558043644,7.367479907164591,0.503673756390149,4.990272507280324,0.3299285141799922,0.5699167877339705,0.03896205119319414
844,-94.5,32.75,Hot-Humid,0.8777456879615784,Humid,0.5451626891914432,0.04590631058447352,0.8617789046779061,0.02042257523189133,0.6477199964533137,0.05258467220988105,0.7497441325110932,0.015117705547056074,0.622596772362289,0.04768525330335728,6.237960545279349,0.39413818616751833,4.274093727597833,0.2968494128448521,0.6133528601128752,0.03875397768401924
845,-114.25,33.0,Hot-Dry,0.05777445062994957,Arid,0.6533661468301867,0.008156410212275686,0.7918821140368492,0.005354611172127453,0.7232923020364346,0.014209545738896793,1.0101260720104972,0.0071625275073974514,0.6204931164180681,0.006826701029732364,14.631907271317127,0.1311289888700322,10.543577166077673,0.17712522734877081,0.6160215102860499,0.005520693664068597
846,-114.0,33.0,Hot-Dry,0.06779388338327408,Arid,0.6730407328075156,0.011672919756270416,0.8665124854952948,0.005664383799646654,0.7049012770322755,0.014589172218041306,1.0431843362191195,0.0077753597323389715,0.7050497943898199,0.009042225273715166,13.214540088640494,0.20396552384396005,10.548582832856244,0.22995524505768347,0.5430414365890964,0.008381807489318924
847,-113.75,33.0,Hot-Dry,0.05122190713882446,Arid,0.6822951781235924,0.006096765726633953,0.8596507596296998,0.010642313860365623,0.7186860600695085,0.004058715106518145,1.0443519858592054,0.008643202089931237,0.6994484280174852,0.009806774919225086,13.535401101280168,0.21938020639197986,10.520815796049995,0.15050120990397378,0.548168242804282,0.00888464710754364
848,-113.5,33.0,Hot-Dry,0.058812547475099564,Arid,0.7138805003413291,0.01408269292038131,0.8637212289566814,0.00906669393989085,0.7504541642704915,0.015173823036251257,1.0285594561260076,0.011853053403152463,0.7240169142925749,0.012919720302266265,13.01639259986094,0.30609759375021234,10.353137443856609,0.335939910444832,0.5252247528547278,0.012351350944085682
849,-113.25,33.0,Hot-Dry,0.05612682178616524,Arid,0.709892806225421,0.01822894570989961,0.8724244741484515,0.013059498007660486,0.7450643653597129,0.01722940805824273,1.0518191140186062,0.01124632570546624,0.7220436797123004,0.021880750629168947,13.773974063407422,0.5457866347721462,10.758341674475268,0.4245929589534881,0.526884828913052,0.020877540233571037
850,-113.0,33.0,Hot-Dry,0.06326194107532501,Arid,0.671911050866696,0.02988591720923813,0.8723000482387793,0.011321012719062508,0.7033047254867946,0.02869610603411104,1.0559999827119526,0.012461232629508243,0.7066757991065451,0.028009632594724623,14.403132788345577,0.6873641964658325,11.302088614053673,0.5671984439655204,0.5411014085498517,0.025823113648952258
851,-112.75,33.0,Hot-Dry,0.07080542296171188,Arid,0.6375488470000933,0.03251097797257745,0.8706437921112234,0.01143905246148375,0.6654586406085057,0.034353767527663816,1.0410187418547507,0.03228962302504091,0.698697652135021,0.023818168303036194,15.332840874408763,0.6060085412920033,12.164699891027208,0.6080803804293845,0.548567482960945,0.021681342868707435
852,-112.5,33.0,Hot-Dry,0.09417544305324554,Arid,0.6943228303201983,0.030393249521205534,0.8727141681635076,0.011570778792812595,0.7271907626371215,0.029956962907236286,1.0501922478498504,0.016072686333448386,0.7227132184929397,0.024310685931513445,14.674888464007093,0.6426602597023338,11.658356953587678,0.4811780926439052,0.5261767754414763,0.02304296240369655
853,-112.25,33.0,Hot-Dry,0.09102985262870789,Arid,0.7054863840581185,0.023776198062581022,0.8662796215761661,0.009697239293703098,0.73894545669497,0.023633511381961188,1.0235674551984721,0.010149721174703762,0.729956859695711,0.018913389405943025,14.55337693728193,0.5147188938916732,11.35559512429047,0.491220425826689,0.5193969378613502,0.01836985453608723
854,-111.75,33.0,Hot-Dry,0.1140158474445343,Arid,0.744036414546224,0.018216858171184513,0.877320661190881,0.002183564758790319,0.7785292524777787,0.021023996521915687,1.0331632582334767,0.016811648954440418,0.753025476287306,0.00927516052037013,13.27793151878717,0.25115401483439287,10.414197686648683,0.41613370258400456,0.49689420741285384,0.009398826538841134
855,-111.25,33.0,Hot-Dry,0.16784559190273285,Arid,0.7781778326163918,0.017878172293563515,0.831031273630449,0.01159596429910039,0.85926602339308,0.032661414148555654,0.9950395046005533,0.012180953959328446,0.6879942515189827,0.020670445873450523,16.073343781557305,0.538379127708879,11.995319132257928,0.33860191200196443,0.5583242443898444,0.018701156632898154
856,-111.0,33.0,Hot-Dry,0.27591267228126526,Semi-Arid,0.7561309491871561,0.011291620889290695,0.8199620592054728,0.019956863404314667,0.8420726002978466,0.02873711796325207,0.9693071374846912,0.019302212243176173,0.6649551054289267,0.03926447252871007,16.79612089170721,0.9863382564677297,12.464282577949378,0.6795010725661208,0.5780338296516082,0.03394455680534105
857,-110.75,33.0,Hot-Dry,0.17385880649089813,Arid,0.8143674962406499,0.0303931856478884,0.8916532713665932,0.004567588983260087,0.8539256366469008,0.03124731044725149,1.027247887880921,0.026959149352204812,0.788513595747866,0.013560899488812941,13.94740576439808,0.44491238689936835,10.77887305610488,0.43852273699449096,0.4596894423093666,0.014663768335496315
858,-110.5,33.0,Hot-Dry,0.22840674221515656,Semi-Arid,0.8454674103778412,0.02387418904498391,0.9021462245567629,0.0034643009455235484,0.8926589049393913,0.022863171425527667,1.0481438801109397,0.024829839331764896,0.8040362880939341,0.01065515586180068,13.363911604887246,0.36540624063390376,10.312700479659181,0.38847491549498886,0.44254556355466496,0.012100417562518529
859,-110.25,33.0,Hot-Dry,0.2595905065536499,Semi-Arid,0.8480737364398566,0.03156698725353248,0.9092951035672897,0.010105654689247855,0.8923276973706964,0.0352817035170624,1.0456642222048957,0.03345345346528839,0.8175726515498619,0.0272562806206389,12.577516500293545,0.9417876457298847,9.909784821631579,0.6616783878522774,0.426160454907386,0.03191032597898294
860,-110.0,33.0,Hot-Dry,0.12906749546527863,Arid,0.7983470715347439,0.03578489090864458,0.9122392940444961,0.007533059097359029,0.8257922790491541,0.03884870997125672,1.0386840956937475,0.03333249329695575,0.8170415364551991,0.02009202525066761,12.594988442833428,0.7053454933045947,10.11660059014793,0.6291129006642595,0.4272008569403131,0.02392413463072008
861,-109.75,33.0,Hot-Dry,0.16793031990528107,Arid,0.8072003364602084,0.025329333229414934,0.8975527595068549,0.009133959939007194,0.8379713051636232,0.02548341343681175,1.0111808158944733,0.016768937495448843,0.8008402480815263,0.01833488584484785,13.25160612156975,0.61292840620876,10.297647271567149,0.47020886540794066,0.4458917759688287,0.020623895177605305
862,-109.5,33.0,Hot-Dry,0.26066383719444275,Semi-Arid,0.844343051473928,0.029348239519961575,0.907359819036073,0.0059800909469958355,0.8763168943652981,0.03435676422840173,0.9940850232210806,0.006176696855088203,0.8213536226039958,0.01148704623484969,12.35949257597182,0.397517900885877,9.480732216609269,0.3735199356123459,0.422491015482957,0.013588562846377373
863,-109.25,33.0,Hot-Dry,0.17076480388641357,Arid,0.8345949769126999,0.026045971506453745,0.9095272035770661,0.00543978662675946,0.8713964750366205,0.03253332107921857,0.9528783569828881,0.010397499366878005,0.8187457316815427,0.010027970114476795,12.300301903087341,0.3457009287572766,9.394287347667667,0.20301522337047215,0.42560521981017035,0.011961667358375234
864,-109.0,33.0,Mixed-Dry,0.29311642050743103,Semi-Arid,0.8508036245918943,0.026553594686495822,0.904557048465932,0.011443111742281731,0.8884539327402019,0.03020135222203829,0.9966686058196144,0.02308136845435174,0.8164212981604315,0.020410158263598155,12.710909160638451,0.7031360875502062,10.023599771951655,0.6197799982140194,0.4279373720318339,0.02367243803604269
865,-108.75,33.0,Mixed-Dry,0.25108250975608826,Semi-Arid,0.827862375980453,0.03255551169350317,0.9174210499908491,0.005182296223550735,0.8609335673161802,0.04048821981801464,0.9469141432372503,0.014554427745482872,0.8290990645716914,0.007563190219061227,12.121613563612451,0.2678223286692637,9.605688673983206,0.17390904974114726,0.413320962774775,0.009132165627722993
866,-108.5,33.0,Mixed-Dry,0.22357718646526337,Semi-Arid,0.7964600921709974,0.02918552993104819,0.904525160791667,0.010754521730994311,0.8241676266357605,0.02900802616722719,0.9734563460915073,0.027549862556977823,0.8078369125607268,0.023145533667884535,12.77426852059434,0.7547849509847654,10.040929926649763,0.4282649967188448,0.4377532168526166,0.0258652415042668
867,-108.25,33.0,Mixed-Dry,0.31300708651542664,Semi-Arid,0.828912534734229,0.024831024762431812,0.890477115075283,0.017812574862383225,0.8717977675887051,0.019056203409470306,1.0180360546977307,0.024069411289214766,0.7904375468087442,0.03214726049247458,11.161133177664565,0.8673172690120505,8.749846710863846,0.7466248037834102,0.4566781601951904,0.03548787102644537
868,-108.0,33.0,Mixed-Dry,0.3379407823085785,Semi-Arid,0.7786749457552274,0.032023099494603184,0.8945819821446663,0.010422029707796925,0.8098814173124665,0.03683275705130018,0.9793549029372028,0.03443639420845427,0.7877730456321121,0.01842867989778248,11.060559722473283,0.48304876857128076,8.720563890115923,0.4089295612091425,0.46032990001353513,0.02010402700383014
869,-107.75,33.0,Mixed-Dry,0.397187203168869,Semi-Arid,0.7245608946950274,0.029359440461261814,0.8237278969318662,0.01243671162610966,0.7976347853832856,0.049012447409409396,0.9739567985300163,0.04755241764516015,0.6683179183061523,0.019703982680235998,19.435469235121072,0.5815523846308722,14.246246269749259,0.5582951216828397,0.5757123216956341,0.017226590698332846
870,-107.5,33.0,Mixed-Dry,0.16301627457141876,Arid,0.7634159285440117,0.028569204002009338,0.8781865457423077,0.007053507703812951,0.8092283977456477,0.03676534860094528,0.9353779437678756,0.010925664799337226,0.7520062731462946,0.009224727704343415,15.98007004140191,0.2977752553785093,11.427274383610841,0.22541202073961503,0.4979205326964401,0.009278333161102882
871,-107.25,33.0,Mixed-Dry,0.17231899499893188,Arid,0.7859561865342948,0.02296669180619907,0.8863170820180086,0.002440665784850482,0.8234180697412221,0.028403179298739707,0.9622358215200475,0.008325725409593218,0.7764090575436724,0.0017841015166587123,15.322491561421714,0.06104874836564073,11.129054189628352,0.15949131075092615,0.4728510368092257,0.0018839601800322715
872,-107.0,33.0,Mixed-Dry,0.15647126734256744,Arid,0.832834937068261,0.028429924346846554,0.8795848341655294,0.009090390366873136,0.8918082805528968,0.04565188648356676,1.0087843660453664,0.026808519815513517,0.7698412829814225,0.01568393577333595,15.312951239569998,0.5275690372665375,11.58554121616665,0.3895183457443247,0.4795209803856844,0.016520683571267326
873,-106.75,33.0,Mixed-Dry,0.17609967291355133,Arid,0.8114909283502685,0.03292330033998778,0.8862200591255904,0.0027253661353128355,0.8594947310995116,0.04159039729870353,0.9554072825219855,0.020523098504493773,0.7765356342993057,0.008390320307463629,15.11346833299703,0.2835197531772741,11.199763098551689,0.26877972321721605,0.47265364798451115,0.008866703701779166
874,-106.5,33.0,Mixed-Dry,0.14739879965782166,Arid,0.77969576215025,0.031459098141455845,0.8904108449862852,0.011129000364658134,0.813253908429844,0.03699555623093694,0.9684558940185258,0.017774989443605765,0.7817236204653935,0.017310949252794205,13.423941189314926,0.5291578487970929,10.150734654441333,0.39603866113736685,0.4669104631385369,0.01840512654002855
875,-106.0,33.0,Hot-Dry,0.15683108568191528,Arid,0.7481207937125289,0.030361966855277964,0.9000449527353626,0.014603383780085733,0.7866273701101953,0.032119886018552805,0.913457154849166,0.01483670962325678,0.7723240521803791,0.020976272028257477,13.600226639315267,0.6168138582836815,9.6979032486723,0.496366834234092,0.47676190659578915,0.021622680186808886
876,-105.75,33.0,Hot-Dry,0.488437294960022,Semi-Arid,0.6963619461794142,0.0481754552234864,0.8430381117851518,0.008326378594551816,0.7497119197181845,0.05885067918924575,0.9610178788194604,0.055066088074416736,0.6870389979097794,0.012517470146287986,15.318917802182833,0.3049920918145225,10.969794617334147,0.36591057964526535,0.5593404958086831,0.011136193173446827
877,-105.5,33.0,Hot-Dry,0.386623352766037,Semi-Arid,0.6929813580458353,0.03711589249413754,0.8399793636087989,0.004969746058540241,0.7464312213914531,0.042288020658494775,0.959015893770505,0.0539526588165864,0.6833282216390814,0.013481076875392366,15.324735125152745,0.32551707604412505,11.21250774934253,0.2146840853820428,0.5626344423615329,0.011951078897190222
878,-105.25,33.0,Hot-Dry,0.2602846026420593,Semi-Arid,0.6566214830018096,0.023559657290345717,0.8026814397105018,0.019903968207944076,0.7226907704097913,0.03258320609153676,1.01512906168354,0.03746120866020172,0.6331984881488147,0.026688600616259495,22.057685971731946,0.798582378958676,15.674394634413522,0.5628931874560182,0.6053241172847178,0.0219153166946793
879,-105.0,33.0,Hot-Dry,0.21649208664894104,Semi-Arid,0.6713324468029128,0.027626309705979405,0.8126524628678199,0.011666026777751795,0.732130847619568,0.031215857215974623,1.0019421620661944,0.03331207958336573,0.6507851490699674,0.018918118318692962,21.213520934510527,0.5826060597063263,15.11512676994216,0.33289085780082533,0.5907658227406284,0.016224734651952986
880,-104.75,33.0,Hot-Dry,0.20339608192443848,Semi-Arid,0.6541318472802103,0.020025773470466007,0.7646262828895023,0.02891545997269645,0.7487890155652316,0.022109296662722464,1.0069652499663182,0.02029175862876374,0.5825046011452473,0.04303696343326031,23.35709005291189,1.1883008438602187,16.920259773825425,0.5139222073125425,0.6454709141949395,0.03283857836260948
881,-104.5,33.0,Hot-Dry,0.18002989888191223,Arid,0.7007955664424245,0.01875538438402547,0.8281881578831639,0.01374136964122727,0.7569797758625912,0.029024280508450986,0.9869372044630339,0.016990522272946996,0.6783598702860875,0.017499794854211662,19.042677843605727,0.5258869975355205,13.008557623418517,0.46027919074998597,0.5669603237367855,0.015657307486920537
882,-104.25,33.0,Hot-Dry,0.1868521124124527,Arid,0.6847439185715318,0.012874616465249903,0.8087098364813702,0.020884902826930455,0.7529927093296276,0.0294160648399105,0.9810936955519406,0.025392853235339623,0.6463644748526172,0.02685734934302313,19.779962752993363,0.7565411973490181,13.167458014847332,0.7122170920773152,0.5943249469805567,0.022731655899352946
883,-104.0,33.0,Hot-Dry,0.20098339021205902,Semi-Arid,0.7026171418396351,0.024327271605678453,0.8053077390249059,0.016542779683301947,0.7780446515783055,0.034679595161254524,1.000147719184925,0.026449762308533,0.6444238493361709,0.025392718629790555,18.01939313945361,0.6407537168254119,12.81042223418812,0.365202495393322,0.5960006940375859,0.021193258673010324
884,-103.75,33.0,Hot-Dry,0.21051137149333954,Semi-Arid,0.6735983346006325,0.02733719349728668,0.7898592276336168,0.021588213947796957,0.7540797672187957,0.033208620667138436,0.9745782256725718,0.027355127668658354,0.6166804110733753,0.03213640248840844,18.58863349393237,0.7803812870338729,13.210094063570684,0.5521909051993805,0.6186920737889363,0.02597370683426863
885,-103.5,33.0,Hot-Dry,0.20591816306114197,Semi-Arid,0.668901846032577,0.02965133183545408,0.8012677564801441,0.019271500232136855,0.7383718745456752,0.03407774375388036,0.9745707028342288,0.02531729335755689,0.6323358738860648,0.030392399087146433,17.789285338199115,0.7326873213570027,12.73237447053654,0.5087924348566526,0.6059421152872793,0.02495693879247073
886,-103.25,33.0,Hot-Dry,0.2136605978012085,Semi-Arid,0.6571332920769664,0.02125892055495908,0.7882919869266696,0.024943987060548886,0.7333179075042804,0.03014835899936277,0.9887168541107443,0.028002260920599296,0.6142543030005537,0.035560098155023076,18.733175804581464,0.8709931216241786,13.624188940364991,0.5645680114834318,0.6205479339366903,0.02885218116432596
887,-102.75,33.0,Mixed-Dry,0.2306143343448639,Semi-Arid,0.6898341684493433,0.038479250344202104,0.8183154408719606,0.027412695125566676,0.7519085683259437,0.03397782351133125,0.9808888102786343,0.03425513617074888,0.6601018354887106,0.04609079751376371,16.99941229284017,1.1459746321899489,12.338975981703216,0.6876428505854156,0.5819509585524024,0.03923082893639582
888,-102.0,33.0,Hot-Dry,0.25600025057792664,Semi-Arid,0.7038186672370268,0.044210848123277156,0.8442982679401381,0.01377489818877775,0.7512675531832091,0.04788737906440373,0.9873234914636952,0.035866918969287835,0.6986322099333939,0.026957913828752015,15.780110031680314,0.6979305042809636,11.993317782377868,0.29568240206830937,0.5485407078269879,0.024261129489194084
889,-101.5,33.0,Hot-Dry,0.2760496735572815,Semi-Arid,0.7165554927847315,0.019918325593398508,0.8412759882171947,0.019829648092946284,0.7666835813755767,0.024375822626560448,1.0087116188547447,0.014252564202066536,0.7006596067362235,0.028617373621720035,14.818677048622868,0.7110053929592335,11.33713475334638,0.4909869221281144,0.5466169719438906,0.026226876640871928
890,-101.25,33.0,Hot-Dry,0.2784664034843445,Semi-Arid,0.7058639603127276,0.026973645084088504,0.8362509229478823,0.016272377560914274,0.7572898174980298,0.027537740515026003,1.0156464030721752,0.01977293201030505,0.6908722649585123,0.024968120003994648,15.061389720019132,0.6058796964180612,11.287966675440758,0.48771262748022565,0.5556330249139705,0.022351640500163483
891,-101.0,33.0,Hot-Dry,0.27781981229782104,Semi-Arid,0.7285202104944858,0.027249645687531444,0.8507516330572795,0.014764952332667116,0.7775014148908136,0.02998601576613355,1.0336611418263224,0.024693390188324595,0.7125525346990067,0.02383155710231382,14.262725633870616,0.5957979788111161,11.028061279557402,0.5345920083927517,0.5357674404863337,0.022380656148675824
892,-100.75,33.0,Hot-Dry,0.3046307861804962,Semi-Arid,0.7253592420197225,0.025966844940094814,0.8314543274846837,0.014161360410844636,0.7881152723050345,0.03218419467270577,1.0365169433323775,0.020664149396133983,0.6835518657359427,0.022155217344956422,14.742502974671613,0.518697330994588,10.518352376149082,0.49181909365602755,0.5622588899971971,0.019782406425189955
893,-100.5,33.0,Hot-Dry,0.33908966183662415,Semi-Arid,0.7634605941868895,0.022589366312341777,0.8494906351765021,0.014156536138218306,0.8236492518680695,0.03325731718658646,1.0350519802708456,0.020391547331439015,0.7148427382770594,0.025641709206875963,13.376856714254075,0.6074948338393119,9.803638101990801,0.4972705559302318,0.5335611919764879,0.024231078689619975
894,-100.25,33.0,Hot-Dry,0.3495365381240845,Semi-Arid,0.7658578042743486,0.018615495824428167,0.8649218592639946,0.010126407757423779,0.8232295448589906,0.030191241251462206,1.0649084291603441,0.0269618000521738,0.7318019839426546,0.019074331467211793,12.474262214214729,0.44528386242248946,9.782981019478104,0.4022557022980239,0.5176146249839428,0.018476879474008084
895,-100.0,33.0,Hot-Dry,0.3697519302368164,Semi-Arid,0.7679566256031034,0.018137980343343914,0.8728396089462752,0.005550718257549976,0.8137119796430662,0.025470427795348582,1.045804710342909,0.027216976848219318,0.750258431000348,0.008456828339784393,11.905173153908873,0.20093750481052375,9.2267824283331,0.2570604064599528,0.49968456685888823,0.008433759741158056
896,-99.75,33.0,Hot-Dry,0.38095203042030334,Semi-Arid,0.7880221957029734,0.014815648635298604,0.8606753788200606,0.004624840238770531,0.8505598708573586,0.024418990421872393,1.0515067617262663,0.01656058985893968,0.7313533821361794,0.00886138501101556,11.873776166153945,0.197547950762472,9.306407988807802,0.2209306159194215,0.5182539355905134,0.008622362550704397
897,-99.5,33.0,Hot-Dry,0.4047521948814392,Semi-Arid,0.7689562499118047,0.020755144555559477,0.8581503866845324,0.009440473126368455,0.836477105761832,0.026604764189940292,1.0757599538940155,0.02468972749633002,0.7184748360895262,0.015278759244882117,11.594626472785468,0.3113142237174702,9.222599068998878,0.3670345027544165,0.5304365115629761,0.014242151846480299
898,-99.25,33.0,Hot-Dry,0.430986225605011,Semi-Arid,0.7515798092470884,0.01520853358164694,0.8557807478671154,0.00874592904079547,0.8038912139558345,0.020350933559919283,1.0433989172775744,0.02132471222221311,0.7233219514753081,0.013216468993695033,11.811517143565354,0.2805480244084259,9.31439986560957,0.323131334219232,0.5258832875138291,0.01249081854499846
899,-99.0,33.0,Hot-Dry,0.42822617292404175,Semi-Arid,0.786825100035359,0.015660401316721525,0.8718212618724255,0.0062402660969836585,0.840225974755883,0.020051538248875813,1.0515520790428388,0.028978171104413253,0.7503596239577621,0.010381502017987444,10.46502805408208,0.2163717681588578,8.112128501226124,0.35498479208577693,0.4995548331381693,0.01032864527259878
900,-98.75,33.0,Mixed-Humid,0.4372541606426239,Semi-Arid,0.7627092360195724,0.008161741462971175,0.8669418469314472,0.008253816344588723,0.8064788990932197,0.014351481222764896,1.009052380224446,0.033617170267533324,0.7451609784913156,0.011540678158550435,10.61097006327712,0.2420322227616314,8.135559262979966,0.3277377323306433,0.5047108040746558,0.011512262972521475
901,-98.5,33.0,Mixed-Humid,0.4690138101577759,Semi-Arid,0.7813264424821373,0.013472326176053054,0.8599874063272065,0.010948373041292163,0.8395091604317088,0.024506047879336947,1.029523504156018,0.03798887570217885,0.7334004050078903,0.01694403469819773,10.73820473612678,0.3404881309200584,8.266028121572253,0.4259357619562277,0.516125309487744,0.016365355873388342
902,-98.25,33.0,Mixed-Humid,0.4997585415840149,Semi-Arid,0.7919273370575739,0.01779854712861857,0.8595424061550995,0.011065807626468721,0.8690309572356402,0.03576071329393003,1.0631027157434678,0.04420775598492549,0.7246937326210563,0.027385299362356546,10.237841029743835,0.5102190248814199,8.047439580027065,0.534011049024906,0.5241758606242233,0.026123134330477325
903,-98.0,33.0,Hot-Humid,0.5285003185272217,Sub-Humid,0.7999685582596787,0.012817714073679596,0.8628680192043928,0.0095876876621637,0.8760836214763721,0.03746756870782226,1.05607169935233,0.04531741195044737,0.7320879822229002,0.02536160378382187,10.0141645410183,0.473865246015931,7.822004722640164,0.42218685597677397,0.5171392104454375,0.024470768198231848
904,-97.75,33.0,Hot-Humid,0.5447924137115479,Sub-Humid,0.813859727595356,0.013905384036077708,0.8688795586432583,0.010622137378169623,0.879275482494306,0.03871761735120746,1.0066004523618912,0.04613616502279667,0.749226493129831,0.022378967394889156,9.470657365974679,0.42526917945680714,7.357778618834646,0.2419892174284188,0.5003695025468808,0.022468527743155577
905,-97.5,33.0,Mixed-Humid,0.5387839674949646,Sub-Humid,0.7918803415504814,0.021992300002221576,0.876520515188447,0.010049212981531821,0.8455525164415144,0.04626957314595027,0.9890734334272014,0.05795078701130979,0.7591344133391241,0.020492521562751484,9.261647830531436,0.39022822437884164,7.120416586155751,0.30124224065596483,0.4904324555497787,0.020663772776594966
906,-97.25,33.0,Hot-Humid,0.5794605612754822,Sub-Humid,0.7957212095089727,0.03217693892389201,0.8761573152821679,0.008897433631601335,0.845908546366295,0.04882177471068974,1.0053649817602217,0.042981898574084756,0.7611660633968721,0.015452616068516375,8.99577420181671,0.2900100183622182,6.866948384463646,0.2589322403784067,0.4885033488502738,0.015748601731406537
907,-96.25,33.0,Hot-Humid,0.7307204604148865,Humid,0.7281945398189434,0.06147904972948777,0.8606995443009875,0.014728629966735265,0.7814761832808677,0.07362632697872495,0.9348746829204412,0.03523403575603249,0.7209419379768398,0.03147443914622238,7.877464119518227,0.45176468693179556,5.694484953196271,0.26506391179394234,0.5275658744112076,0.0302553751401732
908,-95.75,33.0,Hot-Humid,0.7959932088851929,Humid,0.8118375005823261,0.03534526230377017,0.8918731691137047,0.010775457445117547,0.8742582947459347,0.052269004207682206,0.9218816482827966,0.02552361507080683,0.7837023105071549,0.01897323277770084,6.5343645064625,0.28611523807864125,4.74540479689657,0.1958961036927125,0.4647218983651955,0.02034842354747956
909,-95.5,33.0,Hot-Humid,0.7789746522903442,Humid,0.768960376779087,0.04551761210611195,0.8839678866731638,0.011901854176900269,0.8449774358824825,0.06132737446617445,0.8842686251019145,0.03580208216121291,0.756873388196113,0.021275293273095953,7.012231876312109,0.3106392896593366,4.967363204384408,0.25252041181068,0.49269210429257565,0.021826078771756435
910,-95.25,33.0,Hot-Humid,0.7722756862640381,Humid,0.7763208280557095,0.061039996028386216,0.8826398943640795,0.015028077033928429,0.8763880917418827,0.08209370424079016,0.8722966797732553,0.05098363828877051,0.7502710909834442,0.028574882373042083,6.426703875774528,0.3627000457451829,4.353043222336754,0.18941559891253526,0.49909338157576855,0.02816703489498074
911,-95.0,33.0,Hot-Humid,0.7823511958122253,Humid,0.6692251776080783,0.044997199222795096,0.8854845371012713,0.011570229498547588,0.7683839693161593,0.053780123049781484,0.7961860558334755,0.019714945239649565,0.7173111974511632,0.033033305425411795,7.00916948418871,0.4073868007822918,4.611662125732837,0.2528204126543082,0.530967876849145,0.030860903728421707
912,-94.75,33.0,Hot-Humid,0.8084748983383179,Humid,0.5971415112085887,0.04340983584606757,0.88385206378794,0.015067073043941379,0.7083276941041593,0.05446101418979635,0.7502881019233715,0.02027834160321515,0.6746874207885701,0.041384055179628024,7.718146700122351,0.4955885465984093,5.109556677342868,0.361092808739519,0.5694234699272414,0.0365631492668818
913,-94.5,33.0,Hot-Humid,0.9009405374526978,Humid,0.6536240863702545,0.04260299229878574,0.8726534004849309,0.011172537521763245,0.7129153939129209,0.04764523416657345,0.8558341984800194,0.010831930240946346,0.7113918189499934,0.027645677611803855,5.730540633168426,0.27437201514788223,3.9665414567337747,0.25792491440485804,0.536730722067017,0.025698079680814157
914,-94.25,33.0,Hot-Humid,0.9323643445968628,Humid,0.6014810254201539,0.042927502783884346,0.8696916929843594,0.015984042372087184,0.6694939429908382,0.04465705182411613,0.82102337975113,0.01748773831527215,0.679441363477528,0.031210818130171247,6.0261301212288485,0.2973123835905968,4.156314321597232,0.2478178971093489,0.5656285151312475,0.02790652685511343
915,-114.5,33.25,Hot-Dry,0.06201866641640663,Arid,0.697408987075745,0.012935871423985735,0.8295246804041628,0.007175093242496005,0.7515319034559155,0.01930635845082146,1.0226944021296311,0.007293069211944957,0.6760860983085537,0.00880160064637219,14.706784056439963,0.19938511679950213,11.0877305500599,0.16214064602111286,0.5690925055702999,0.007715390071507088
916,-114.25,33.25,Hot-Dry,0.07455325871706009,Arid,0.712740258609502,0.013824340130516276,0.8358249217238942,0.00803822902009095,0.7659854080636608,0.017804629021993566,1.0245596882496124,0.007606799790647446,0.6870531917846221,0.011424202773903715,14.4339292151645,0.26452182897294274,10.66639071831784,0.15204924939955777,0.5593413506973002,0.010250708237587785
917,-114.0,33.25,Hot-Dry,0.0643073320388794,Arid,0.7188490269323603,0.021198517608745783,0.8764034103547298,0.005089961208826341,0.7503626945513687,0.02407340976158192,1.034555593877817,0.012846772647199068,0.7398338715003214,0.005570914732069249,13.121182478486304,0.1400314445922203,10.330585094356639,0.19762644683970046,0.5100415917683597,0.005443248808904459
918,-113.75,33.25,Hot-Dry,0.06759291887283325,Arid,0.70430590950146,0.0216146248996563,0.8881477681183385,0.007050523868318575,0.7307827300106295,0.0219244644146251,1.0469526263105216,0.015452580171214614,0.742381878178477,0.01790001709037069,13.032908364574613,0.4518125162592561,10.404324687026003,0.47153008964852317,0.5073171339805532,0.01758718963053718
919,-113.5,33.25,Hot-Dry,0.06459209322929382,Arid,0.7512121812840313,0.013221361398136889,0.8768556097213176,0.01283598277954018,0.7865564636356502,0.010674002608659755,1.0297699962195708,0.01594239956058945,0.7513578940060806,0.01778702224261889,12.95605314402361,0.46121553289855455,10.198944769069342,0.3325549471722024,0.49838768830800373,0.017741833928729016
920,-113.25,33.25,Hot-Dry,0.0791950672864914,Arid,0.7024437489686963,0.017504204549870433,0.8846115339781072,0.005300099230848048,0.7313478395085872,0.01719333983152372,1.0539897449191629,0.012374605861515675,0.7356797973541188,0.01475166473155901,13.374696936101449,0.3724559123490653,10.460751290518962,0.3047847292105028,0.513961399376045,0.014312695295554546
921,-113.0,33.25,Hot-Dry,0.0837680771946907,Arid,0.7056963055077217,0.02148591422301309,0.8899584463093889,0.006222753354681613,0.7301328965880506,0.02259688845336158,1.0390812003864194,0.009985571584221337,0.7542940228235498,0.012390309160845167,13.14048899254903,0.3288253484337544,10.353637069813008,0.3128204923010535,0.495563266909593,0.012400890408638206
922,-112.75,33.25,Hot-Dry,0.08838604390621185,Arid,0.7014309555890594,0.03574458311543076,0.8912239881163314,0.011760975849111031,0.7264552183327011,0.03480834769655106,1.047221081138178,0.01568687021542689,0.7515640386694733,0.028388037408428723,13.491159829139217,0.7568882091615619,10.558840744632002,0.6055804639194544,0.4978071634510629,0.02792824169486628
923,-112.5,33.25,Hot-Dry,0.09906607866287231,Arid,0.7011611641814539,0.03405263653510585,0.8965753864393499,0.008488024822929792,0.725692433499453,0.03438793367568302,1.0548399237282686,0.01870645727185986,0.7539615092692314,0.023408921478092617,13.421421555096458,0.6400079686743625,10.419661502540624,0.5087737490935693,0.49557212136403433,0.02363163286570058
924,-112.25,33.25,Hot-Dry,0.13874344527721405,Arid,0.7417035344557593,0.02548447892758613,0.8936607186250848,0.00598175939788354,0.769481505673203,0.028965813308136978,1.0416088092040314,0.021174253922345055,0.7697613306963884,0.011322675163821508,12.95374808262543,0.3223679332873157,10.202263429630978,0.2700867620046604,0.4797130947502078,0.011938175571972638
925,-112.0,33.25,Hot-Dry,0.10689578205347061,Arid,0.7560163032702581,0.02900634116079749,0.8735153375381387,0.007542308010615452,0.7943547652899308,0.02943510693077387,1.0287535887530133,0.02083829781284954,0.7507723325163044,0.017965558859203538,13.150642817757523,0.478054490337134,10.169289450401916,0.37921622292171014,0.4989633915281173,0.018138405334206846
926,-111.5,33.25,Hot-Dry,0.1219453290104866,Arid,0.8034712853745674,0.024091851173593696,0.8929713046182144,0.002706695105998858,0.8390255603404013,0.02899495551107128,0.9728747172524639,0.019549608977224443,0.7894798224748101,0.005824201839776343,12.800495275384318,0.17732465587583085,9.650487196642072,0.23893345822054388,0.4587895625497326,0.006355590119626191
927,-111.25,33.25,Hot-Dry,0.19080638885498047,Arid,0.8414611819968755,0.015089443339360934,0.8944641567178703,0.005247236319910534,0.8954110887109922,0.03141882039468722,0.954330382194709,0.020694222336717392,0.7890050551906119,0.013207413205833088,12.803112802597823,0.39993905837499516,9.544916617612321,0.29628732781994055,0.45916267687013007,0.014343159469087942
928,-111.0,33.25,Hot-Dry,0.263022243976593,Semi-Arid,0.8208152495694261,0.013960539117096186,0.9004370143996651,0.006481657145893048,0.8690778464118083,0.024558539783152315,0.9331309303208245,0.016662616193441733,0.7903599817208651,0.017201666316981477,12.814525421955304,0.5317409782061572,9.799519626641176,0.41488801104257006,0.4575496045821311,0.018986101030436707
929,-110.75,33.25,Mixed-Dry,0.2678753137588501,Semi-Arid,0.8014836624451714,0.04582320417687974,0.9054263003528481,0.012742780638047355,0.8290512656262272,0.04880845607501218,1.0039350930199358,0.032971476853843,0.8099385299938138,0.02633310794599467,13.279081928382496,0.9506033737429628,10.330726217172165,0.7355253121427403,0.43506948354412467,0.03114511387912122
930,-110.5,33.25,Mixed-Dry,0.18916580080986023,Arid,0.8138326675531061,0.02673772580238348,0.9148231902561804,0.007630619196379989,0.8376462640857456,0.0269523496387148,0.9993189231894053,0.03514590491601826,0.8279645000084521,0.01621190658636203,12.587314964420484,0.5961240936937074,9.71210335772313,0.5404794047526842,0.41440000977103175,0.019625617611833016
931,-110.25,33.25,Hot-Dry,0.16303794085979462,Arid,0.8207483450679541,0.032853528800040256,0.8923243321686908,0.012732350533569749,0.8603980241012487,0.02917579107209634,1.021526117245385,0.028236342059467873,0.7921991201736549,0.026861151656849547,12.252221395084703,0.7916789336425362,9.767471846390857,0.600843184755693,0.4550924260226248,0.029405858327611115
932,-110.0,33.25,Hot-Dry,0.25284114480018616,Semi-Arid,0.8315812896485525,0.016911728427930334,0.8921566631197104,0.010186169022069888,0.8721066447852432,0.016229648797941774,1.0010633910670612,0.01974567020561656,0.7946649396551088,0.01807696123494234,12.193260355025238,0.5366744069278322,9.282486804427194,0.29279697828731227,0.4527883911061976,0.01992903736862945
933,-109.75,33.25,Hot-Dry,0.263036847114563,Semi-Arid,0.8296128693678424,0.014759931145803698,0.8879364761535851,0.015384771917831774,0.8740058278178005,0.014735140126756249,0.9943261411015142,0.021738468616550696,0.7869970682917647,0.0270022410952491,12.228558059774935,0.7738098153893145,9.579374675122406,0.5271723025279302,0.4607849628019996,0.029157969832344238
934,-109.5,33.25,Hot-Dry,0.24931153655052185,Semi-Arid,0.840442248649176,0.018342860831586115,0.896985062243252,0.011402509766754828,0.8823171159192233,0.01886651016010647,0.9793991751818864,0.02380498670069456,0.8021749109362976,0.018987905343535873,11.611200951231986,0.5597201029840545,9.225293850671529,0.4048246152525297,0.4443624828854329,0.021420576194273427
935,-109.25,33.25,Hot-Dry,0.2289217859506607,Semi-Arid,0.8483326442944321,0.043926400157177366,0.8967873760022019,0.01149235326161611,0.9015527780066719,0.05315272112357136,1.0252116317185824,0.03873714770156358,0.7982205246748777,0.023920591884213176,11.721893727659559,0.6976997790386653,9.190359530563114,0.5195417764065868,0.44856349242965193,0.026698983698725906
936,-109.0,33.25,Cold,0.25651147961616516,Semi-Arid,0.8264763487451677,0.03205966977915766,0.8850752290356823,0.014184973659946696,0.8759752722788097,0.03204683786308997,1.00055663329151,0.04123104021766849,0.7795069129816837,0.026485833641522523,11.497150412403494,0.6964476035121809,8.551109945840231,0.4461270379020181,0.4688792142391879,0.028402673130314474
937,-108.75,33.25,Cold,0.3637412190437317,Semi-Arid,0.8372764955078027,0.028725611866239047,0.8909938908592109,0.007225201847027627,0.8843760080118882,0.03274683115103624,0.9755046038752097,0.022027169517755848,0.7907971112528223,0.014332985974817851,11.206527321024733,0.38431746443437687,8.420060584752344,0.3533407047908209,0.4571720045283999,0.015678290032015915
938,-108.5,33.25,Cold,0.3616564869880676,Semi-Arid,0.8367238589033518,0.02705229932055649,0.8692136973118474,0.01658443072151886,0.9702575332794957,0.03438016823158563,1.0824237639741383,0.040242703641820414,0.7231208680700181,0.052575386543700336,12.69174285683036,1.2054928850622295,9.644211937773303,0.6821313707614711,0.5243044175030096,0.0497997203407273
939,-108.25,33.25,Cold,0.2467336803674698,Semi-Arid,0.7932324894070046,0.02724842802534893,0.8310639852066899,0.016282314095664135,0.918589498380641,0.02937601885120314,1.0793685491910625,0.03496283818510688,0.6640142920607852,0.046211096125248645,17.44042897216838,1.169655151067833,12.597406654400869,0.7721250549950003,0.5786026978017491,0.03880441398463022
940,-108.0,33.25,Cold,0.3416866064071655,Semi-Arid,0.7898918125252636,0.014741994904160024,0.8242983687433773,0.021230721814262277,0.9001947112768572,0.03871735107930341,1.0102335565883611,0.04773108987396229,0.6658600925483424,0.054420887481829223,16.720191969302796,1.3050583030222254,12.335771177049972,0.8159923808521717,0.5766448443553336,0.04500876206460608
941,-107.75,33.25,Mixed-Dry,0.26553478837013245,Semi-Arid,0.7480865727259248,0.022840256009286308,0.8008880128817705,0.02067825921492216,0.8504213821127753,0.031235359041948893,1.0079270631723574,0.029003050614426117,0.635905397012843,0.037742866564052215,19.566654452885466,1.0186456724590345,14.151661220371437,0.6015415032360064,0.6027494289978955,0.031379309064014
942,-107.5,33.25,Mixed-Dry,0.17087553441524506,Arid,0.7816643736382618,0.018664195127798527,0.8454680107106182,0.013729210285300468,0.8523930230800867,0.035197330519017196,0.9679350735602064,0.011786538574268314,0.7099806077702032,0.02263722275490057,17.076671279774466,0.6749379423652315,11.77613560000291,0.36559051203196624,0.5381982932127382,0.02127173631524533
943,-107.25,33.25,Mixed-Dry,0.13874179124832153,Arid,0.799049980774349,0.01733005605734793,0.8589149815232153,0.013201074615332814,0.8611172239175691,0.0294245474434106,1.022512040203141,0.01054259962519615,0.7351222555488354,0.02289278034906326,16.22243775959608,0.7083696975638861,11.50972250482017,0.41067945852143856,0.5142706689394743,0.022456166182985765
944,-107.0,33.25,Mixed-Dry,0.15307803452014923,Arid,0.8067869216725192,0.023619231538634024,0.8739943776901301,0.010643271227106553,0.8579735833396069,0.038813023125715745,0.9870285456640377,0.018187413767001667,0.7606332993451279,0.015285611547464497,15.330233407050173,0.4952415285185644,11.009582376171048,0.32289832807487023,0.4890470567725946,0.015798612159563213
945,-106.75,33.25,Mixed-Dry,0.2508827745914459,Semi-Arid,0.7528437848461539,0.0321922604988932,0.8516745970524392,0.006521528895133701,0.8072873839269368,0.03957049045096261,0.9657121658439209,0.019822702599368122,0.7178821596986472,0.011440924018911535,16.889154061608334,0.3407371336021627,11.837712085842352,0.08668828278282456,0.5310612079217023,0.0107141111446118
946,-106.5,33.25,Mixed-Dry,0.15650513768196106,Arid,0.8054764396269224,0.027136518662345403,0.8943413037482445,0.005233746274931461,0.8440201656549112,0.03750445346018122,0.9594765109243595,0.013496535202061314,0.7906640914460048,0.005539691966946111,13.38251740301923,0.1769176012255283,10.032180686415726,0.16064297541388714,0.4575004307818413,0.006048180348736798
947,-106.25,33.25,Hot-Dry,0.14444033801555634,Arid,0.8086819350358209,0.031928614919704286,0.9040699391657474,0.007234080869325459,0.8401756562412949,0.04296118227002598,0.9667047273112657,0.007481848264237151,0.8080418674076405,0.008399140420388617,13.053154947781314,0.285409218194647,9.66395026913026,0.16908594466373367,0.43804650761943026,0.009577953511829532
948,-106.0,33.25,Hot-Dry,0.2040974646806717,Semi-Arid,0.7732295267816356,0.021651790629389808,0.8767018623322033,0.01881325044427518,0.814741833161585,0.028284632348144996,0.9702840376279456,0.02425548767275964,0.7599730389787195,0.025135895891689054,14.465581169850037,0.7513349789747263,10.550149688872569,0.48528540120056535,0.4893976479946522,0.025419066627805218
949,-105.75,33.25,Hot-Dry,0.4552251994609833,Semi-Arid,0.6613963788813267,0.04873889935724114,0.8147949874708471,0.003950650402949289,0.7230131849235747,0.05760300828250238,0.9684954880220241,0.048356727228561484,0.6448911948923877,0.013694264600922408,17.15911847894238,0.332142113523354,11.79504534915887,0.2278648340175473,0.5958207749806755,0.011533061661999917
950,-105.5,33.25,Hot-Dry,0.4094984829425812,Semi-Arid,0.6840778391611064,0.028062561714972366,0.8132205256382454,0.01317979728111359,0.759713403782504,0.03964022190609238,0.9359663570266126,0.05380806641115824,0.6377627905629646,0.009523564372759568,17.002735335953723,0.2249531494617731,12.101666754999375,0.13809260792582426,0.6018193172844754,0.007962315954174869
951,-105.25,33.25,Mixed-Dry,0.25037097930908203,Semi-Arid,0.6612609373588515,0.0238259107900902,0.7892781635916715,0.015323985073076283,0.7383639721756994,0.033066569777020875,1.0159465196098005,0.03578265732293953,0.6158708797103978,0.021076453115736384,21.02032100492791,0.5733497694079158,15.055291789465178,0.43291545578351237,0.6195971506770039,0.016900116957451815
952,-105.0,33.25,Mixed-Dry,0.20978741347789764,Semi-Arid,0.685860540180719,0.02043394261350447,0.8121681901755984,0.014026548710557564,0.7512385400351743,0.026864127893724807,1.0206342380412363,0.02945488393024019,0.6520409891779451,0.02121106101813815,20.057447952008662,0.6070314665208274,14.529593099196523,0.5841423116334485,0.5896645041775049,0.017845984672755978
953,-104.75,33.25,Hot-Dry,0.20242087543010712,Semi-Arid,0.6848326800668948,0.012612984760390251,0.7982351622900611,0.021120048129035528,0.7653240602369358,0.015941410658872685,1.0512247965465469,0.02479251991590513,0.6264890934093345,0.03683150941981195,21.05236407587153,1.030126125941518,15.582255006939528,0.7096877608180658,0.6105709097288197,0.02987621929702445
954,-104.5,33.25,Hot-Dry,0.18349125981330872,Arid,0.6927256765435091,0.012861174186148263,0.8169944897029688,0.013886521863142369,0.7604015376058573,0.022658463976571036,1.0513586278541052,0.023682690874460607,0.6532295001788828,0.027948421643297267,19.227267753650118,0.764288255416734,13.568035911973485,0.7219642152716411,0.5885003933371167,0.023393024151874168
955,-104.25,33.25,Hot-Dry,0.1958710253238678,Arid,0.6647367236726278,0.015573150569780897,0.7747882965528088,0.02297482141090558,0.7552483190930249,0.02817605796163816,1.0204692286957229,0.024885004019225426,0.5955721200476438,0.03864025426334535,20.816834955847806,0.988142797770509,14.151282012250245,0.8914510576716406,0.6353740386205116,0.030160217991104743
956,-104.0,33.25,Hot-Dry,0.20487158000469208,Semi-Arid,0.6868420446164766,0.026624230222435083,0.7820971208182487,0.02572074109508141,0.7786943045010055,0.033162557190594924,0.9980285745276664,0.030906577294229534,0.6075296716488374,0.04011620657586294,18.944702375826076,0.9643365107971528,13.443317205858426,0.6331666780278737,0.6258262315240808,0.031856245218365255
957,-103.75,33.25,Hot-Dry,0.21516209840774536,Semi-Arid,0.6920394930951178,0.03122081988177158,0.7910592885561971,0.029722405817450028,0.7780556217702383,0.035388841024894334,0.9788839011178203,0.026206267108604894,0.6205086270145387,0.046849854265257895,18.763401959589324,1.1616045929371581,12.945109405607585,0.6469171499219607,0.6150864807180524,0.038078770715162996
958,-103.5,33.25,Hot-Dry,0.2155703604221344,Semi-Arid,0.6631234690335506,0.030700071972837077,0.7907604302757203,0.029886342973278312,0.7416788998036892,0.03822428748119814,0.9633352192964271,0.025026646859257335,0.6138640110982957,0.041885963587465345,18.910417806583474,1.0188526651765912,13.55106525708726,0.63091401465441,0.6206781444406444,0.03344080433061901
959,-103.25,33.25,Hot-Dry,0.21790187060832977,Semi-Arid,0.6616850024537031,0.020939151237795967,0.7909881191938432,0.02514719933251355,0.7381077906183174,0.03403825246028417,0.9805860705969269,0.030095935953406525,0.6166655026573088,0.034960086978387823,18.66924916679211,0.8317709986395565,13.621768864069287,0.4567673700974602,0.6186491223753592,0.027562672377898126
960,-103.0,33.25,Mixed-Dry,0.22817885875701904,Semi-Arid,0.6799765973599625,0.030718118702719024,0.8113847572537128,0.018835649022487074,0.7449986964936548,0.030051368768151066,0.9679348712909996,0.025836511813809665,0.6479547694984292,0.03331057616936118,18.605425952757763,0.8745047334171425,13.161280476806388,0.5262203646865345,0.5928103602130935,0.027863670917366468
961,-102.5,33.25,Hot-Dry,0.24833150207996368,Semi-Arid,0.667344024687486,0.03994514843888884,0.8062873883343638,0.027112821217109596,0.7325710560554783,0.03513362829110978,0.9800402317299659,0.03390611969408305,0.6398279523962822,0.043811976141239016,18.272161180661293,1.099769280050238,13.287164731856404,0.6145395430942797,0.5992756039091697,0.03606934576301755
962,-101.75,33.25,Hot-Dry,0.28022632002830505,Semi-Arid,0.7059555740848866,0.04264419473887174,0.8367727147210335,0.01105407805371799,0.7605085296449055,0.058744831925517556,1.0073924288594416,0.03543425100100722,0.6875498785317928,0.016354513383273272,16.580766845318767,0.4338958059263887,12.718530145202845,0.19420975008637584,0.5588193297778153,0.01462353133140198
963,-101.25,33.25,Hot-Dry,0.29444295167922974,Semi-Arid,0.7440699202463353,0.028621894943471997,0.8481206926114362,0.01858054670941271,0.7974611797538621,0.03221221733222288,1.0206619400688415,0.025813552707892717,0.7128672300724107,0.028727611594859922,14.49733074796722,0.7330737113212575,11.02619507627006,0.4571767491634096,0.5353005003858152,0.027068067309216848
964,-101.0,33.25,Hot-Dry,0.30095961689949036,Semi-Arid,0.730848298835595,0.022492653393693454,0.841713174811545,0.018256439895826697,0.7844758577323457,0.026998355537935132,0.9905847671259151,0.022460666368794416,0.7028464318002237,0.028421406691017333,14.879889902702459,0.7198008627063017,11.099912176035835,0.5633486082898046,0.5446084135208824,0.02634492650501703
965,-100.75,33.25,Hot-Dry,0.3199951648712158,Semi-Arid,0.7429619669847353,0.02307496517942388,0.8422779215930085,0.018829659747262417,0.8018522836774663,0.032676558515221124,1.027524773640614,0.023986405417472177,0.7028202540443689,0.029573817539806955,14.496593893485272,0.7285232357381917,11.155685453022269,0.546740146835678,0.5445920714809903,0.0273683584563263
966,-100.5,33.25,Hot-Dry,0.33530187606811523,Semi-Arid,0.7452341674740802,0.020412101561068832,0.833138473216886,0.014409976490156282,0.8116184948747829,0.029846146286212606,1.024262598452923,0.023483141850770935,0.6894904543232754,0.026135977408201304,14.586623076343585,0.614866626085875,10.951877747636976,0.4865455477797664,0.5568382058729888,0.023472275051523488
967,-100.25,33.25,Hot-Dry,0.34548938274383545,Semi-Arid,0.762558570878465,0.022751147292965256,0.863752017981416,0.010889279656597344,0.8106328800966489,0.028590316641418218,1.031784597524093,0.027614728581907062,0.7379427972195127,0.020372259104214988,13.032889245081591,0.5110781534264209,10.08996308030878,0.48982409917777175,0.5116006358205405,0.02006215991942224
968,-100.0,33.25,Hot-Dry,0.3607434332370758,Semi-Arid,0.7613258437142545,0.021550007803485288,0.8767540679453767,0.007686528524200461,0.7983939892665088,0.026085636345963403,1.0221167845033723,0.02295498703062531,0.7594388758904902,0.012719633656247153,12.286943411057544,0.3273494732065159,9.678172069108472,0.29223465054034414,0.49033111418236375,0.01306343055018155
969,-99.5,33.25,Hot-Dry,0.38477790355682373,Semi-Arid,0.7416960215605974,0.020205945851054567,0.8462596030666196,0.014050608550146644,0.8175836116535411,0.020204688018856953,1.095405811965063,0.02619477327742561,0.6915166931569885,0.031249446058616463,12.88260696134376,0.652989839269815,10.235631659397686,0.6564615088532182,0.5548428176713205,0.028123711560739558
970,-99.25,33.25,Hot-Dry,0.41227906942367554,Semi-Arid,0.7777392162766017,0.01976430910531368,0.8623876460434323,0.006632922811601093,0.8460755139060318,0.020884228196529908,1.0790173624970596,0.02383773359099995,0.7264174820615527,0.018408133858636783,11.859271504953403,0.39711960849176875,9.425282483187825,0.45920388331474665,0.5228167180842955,0.017507042512001483
971,-98.75,33.25,Mixed-Humid,0.4482173025608063,Semi-Arid,0.7845383455870336,0.012389163611323147,0.8566891063761565,0.009463476780536478,0.8551215617877806,0.02003399857555495,1.0660186025526452,0.018287730036885448,0.7224830483274486,0.013516530099577746,11.047529762033431,0.26905681343689686,8.489269490779751,0.2781110833384257,0.5266738353853185,0.012826865998257355
972,-98.5,33.25,Mixed-Humid,0.4742763638496399,Semi-Arid,0.8061994928239014,0.01630463178697069,0.8524467084403445,0.009631082667182758,0.9006970915226166,0.03263679967650227,1.0653770048791418,0.03423777865135672,0.7109653811114984,0.02153065667926812,10.998207753915946,0.4105444132969609,8.502560179439447,0.45479565986403925,0.5373200019473005,0.02005724295157393
973,-98.25,33.25,Mixed-Humid,0.5041994452476501,Sub-Humid,0.7923608168037773,0.011366038849235616,0.8392945067831382,0.00982201348618114,0.9098546643041961,0.043302125622529344,1.0775558612457128,0.04572737599707844,0.6805244721469456,0.026703929550613455,10.81042261257802,0.45591400121276016,8.570231031795714,0.38615638850101475,0.5648199678452727,0.023820468517631022
974,-98.0,33.25,Mixed-Humid,0.5208048224449158,Sub-Humid,0.7978089054179583,0.025879170604735942,0.860373931856115,0.009616772074755552,0.8798635422003311,0.05211935863722064,1.058691868048611,0.047394003475029076,0.7255592788527622,0.028194056432468487,10.064068724294941,0.5184442884703078,7.932232041038885,0.56157552581428,0.5233156999662706,0.026958285276749355
975,-97.75,33.25,Mixed-Humid,0.5416638255119324,Sub-Humid,0.7810725639395923,0.022321972588356564,0.8750025935935357,0.007411150444358938,0.8268345120383829,0.03731133992725476,0.9962700875292322,0.043955084480409634,0.7587472640473908,0.01355892878969429,9.854689900782727,0.2749227286837833,7.611085438140831,0.41007754500124716,0.4910220156463033,0.013698362276683222
976,-97.5,33.25,Mixed-Humid,0.5751672387123108,Sub-Humid,0.7869067071273633,0.02599094915563147,0.8709120194235617,0.008686839530606191,0.8418868730514694,0.04450028432193465,1.0324922931740097,0.04451641650349452,0.7503844311482106,0.024326778663370303,9.740021632969817,0.46714287965712137,7.423413546015477,0.47709507613368135,0.49915635344052606,0.02394012509746937
977,-97.25,33.25,Hot-Humid,0.6029806733131409,Sub-Humid,0.7497662102060559,0.0375818165497022,0.8646602464469607,0.00709623475392716,0.7957318113759071,0.04582249039288332,0.9704559768603932,0.03727645176834446,0.737027156915476,0.010576616246254429,9.86043302892977,0.19978288210083742,7.278131821809813,0.22134368169886934,0.5127245936042061,0.010388346711923964
978,-97.0,33.25,Hot-Humid,0.6294519305229187,Sub-Humid,0.6919703275820631,0.041247765232567284,0.8762196231629439,0.008863911029953337,0.7327352759571893,0.04224706064652284,0.9220585328969074,0.0490635870051062,0.7324763630012733,0.01387912708507324,8.32707255178166,0.21437568532963713,6.037169822926214,0.11767162117007997,0.5170898042979111,0.01331217909823719
979,-96.5,33.25,Hot-Humid,0.6843754649162292,Humid,0.7721738191480674,0.03990856426817364,0.8576260990780806,0.00847104018614357,0.8312574746563632,0.0526764332153784,0.9720174757039954,0.04144698697708065,0.7284335243242331,0.010886094784540345,7.548238596803894,0.15173035603217128,5.558797499675518,0.2091215117263008,0.521036197529041,0.010473570322777646
980,-96.25,33.25,Hot-Humid,0.7247632741928101,Humid,0.7609882131113862,0.03748093121006884,0.83812105062122,0.008982582551205856,0.8372124254360612,0.05411120038763978,0.9546654900831777,0.0368055179975925,0.6942344502539493,0.014193115030694751,7.864547671896108,0.18320581396886773,5.623636191243449,0.14742652539180376,0.5528407229805994,0.012878507305732818
981,-96.0,33.25,Hot-Humid,0.7526144981384277,Humid,0.79603005363041,0.04261354975662457,0.8460345807374683,0.006877327744058748,0.8784652917683939,0.06454517711556415,0.9775352309860612,0.02968727040332912,0.7093599850998416,0.01459313270125269,7.325336754135909,0.18562034622967444,5.350109403484601,0.10083318376358062,0.538971982472055,0.013657278750778433
982,-95.75,33.25,Hot-Humid,0.7876008152961731,Humid,0.8441174885899094,0.03372362781072113,0.8930402096001187,0.004502491134311913,0.902390915542742,0.0589281187289018,0.9870095645964719,0.03997289387935668,0.7928692758870092,0.006447975028763237,6.081218484881347,0.09461882086943185,4.411319977658225,0.07250048812596557,0.4550721005909069,0.007080552306340488
983,-95.5,33.25,Hot-Humid,0.7890187501907349,Humid,0.8025797004850727,0.06640752010252991,0.8987847781833258,0.008601757141796692,0.8450864983422892,0.07142808534879912,0.9446407768623043,0.036307964859986754,0.7960789271226805,0.026612643752936215,6.156194888602044,0.3880002458651675,4.392847446031398,0.18416614272637014,0.4508604010476495,0.028415920811935225
984,-95.0,33.25,Hot-Humid,0.8511807918548584,Humid,0.7624818610684743,0.06417434829315664,0.8970613906863733,0.013395685563995697,0.8372062319676224,0.06381199156726143,0.865814243746461,0.03880120484649444,0.7759082810685902,0.037150457349214086,6.554571720757541,0.5207038313788297,4.4278682710457415,0.2564488995931545,0.4721927802813634,0.03751161789309268
985,-94.75,33.25,Hot-Humid,0.8774800896644592,Humid,0.709050612933958,0.07456833286286424,0.8887141593213738,0.00836880516165194,0.778205143171333,0.07011228838410974,0.8515494063566461,0.04324643535554748,0.746819792964617,0.037651090067416224,6.878760175801824,0.5139703318862028,4.708209276882524,0.3599871687901212,0.5020502581793251,0.03751241956765897
986,-94.5,33.25,Hot-Humid,0.9100075364112854,Humid,0.7004755769936416,0.0602338655589382,0.8872057770632475,0.005249715460767091,0.7550013900470377,0.05340005135145809,0.8731433060121795,0.04293306435188767,0.749741147594497,0.028868769336632495,6.020371183269795,0.353561568230354,4.1567640901166225,0.2861966075042183,0.49957006858696323,0.02933851942242226
987,-114.5,33.5,Hot-Dry,0.04856972023844719,Arid,0.611944042078091,0.027108367884279238,0.8492350211364933,0.008469723151653437,0.6439419755224767,0.027488968120205414,1.0226512331606552,0.024822864788784357,0.6691395306617659,0.01987821473549483,15.146606204956317,0.45531712977578653,11.411197360494736,0.595539981625196,0.5749969200728533,0.017284792628451597
988,-114.25,33.5,Hot-Dry,0.06031591445207596,Arid,0.7086172551456607,0.016035057329786984,0.8420561843986214,0.007603049245063265,0.7566746108214554,0.018004846460804247,1.0242984751337265,0.008668042393462317,0.6956246553879586,0.009750171908581998,14.656337653325243,0.23699411336378376,10.659971034380394,0.10067567147137085,0.5516445318943655,0.008920134744481912
989,-114.0,33.5,Hot-Dry,0.07299704849720001,Arid,0.7502588964824789,0.026653152354218643,0.8554031935265052,0.00608986577347522,0.8016044960299687,0.032036940418390614,1.0413146866217855,0.011845559756834212,0.711637246423027,0.007384132050004959,13.826988478815474,0.17660644774275425,10.71474971916626,0.24274400148208883,0.5369591454750544,0.006858358738826235
990,-113.75,33.5,Hot-Dry,0.0739549919962883,Arid,0.7327624421214045,0.023429058120510642,0.8670458346176263,0.005846051725291855,0.771425814414169,0.026712133456177314,1.0304660838175628,0.022520178864589842,0.7300650702330026,0.014413762501876162,13.314672629551172,0.3561365879198989,10.377103300862633,0.345825917226068,0.5194040052866229,0.013892851543653969
991,-113.5,33.5,Hot-Dry,0.08360890299081802,Arid,0.7683828900118559,0.01509982547467882,0.8650060327993238,0.01125178271755508,0.8138289484973559,0.014850048713087087,1.023905835543731,0.010992474849184537,0.7396184153158168,0.01541473990995274,13.122317570128725,0.3892655313033549,10.187314945187875,0.21404928685672567,0.5100964712739986,0.01513170008615268
992,-113.25,33.5,Hot-Dry,0.08109442889690399,Arid,0.6982594381797859,0.01563286271180364,0.8748894523833701,0.0072324289040906825,0.7298110041895397,0.018833797123926094,1.0458738576100655,0.014058201220216858,0.7269873246506307,0.004373172370427763,13.684580509372504,0.10925240452398521,10.591102119748196,0.15650224454072464,0.522492827715819,0.00417138090096317
993,-113.0,33.5,Hot-Dry,0.08566322922706604,Arid,0.6935306567371207,0.031007411984121568,0.8785929813839175,0.008591647152836826,0.7240083206658786,0.0340441766478638,1.0514545001240183,0.013589119400840993,0.7261464113080172,0.01584870364349889,13.658935059786065,0.3949616379206367,10.59274614512089,0.37138555578108745,0.523135286893188,0.015126975043151877
994,-112.75,33.5,Hot-Dry,0.0974617451429367,Arid,0.7284325111029174,0.02884053328504819,0.8943373944436231,0.009485728226616377,0.7541198066014527,0.030610321389361053,1.0437167561104774,0.008655560212081782,0.7675597979516602,0.017375652308677506,13.06447826724667,0.48513301611644966,10.287793057708393,0.3845511772776634,0.4818548249760656,0.01789307462487501
995,-111.75,33.5,Hot-Dry,0.12474248558282852,Arid,0.7855267167604278,0.024546723185791867,0.8780572938798734,0.0035952195959400067,0.8245268365579393,0.02788142562172863,1.0031347172096763,0.014912318889384473,0.7667532272633514,0.008396349735213462,12.77037409994935,0.23030163320150035,9.624580018563298,0.19770560901811157,0.4828934685571943,0.008708527534169907
996,-111.5,33.5,Hot-Dry,0.15405282378196716,Arid,0.8198730484562958,0.0211295661529099,0.8943874726403955,0.005890604845893397,0.8579528802807429,0.026171066918504095,0.9746753977651602,0.01783468235000505,0.7944252194870852,0.008002242202986584,12.62472923356049,0.24566690153736254,9.742734116924018,0.1584159124490966,0.45333489282723793,0.008821526103196357
997,-111.25,33.5,Hot-Dry,0.24992726743221283,Semi-Arid,0.8446158747998703,0.02230902126978327,0.9002902223624727,0.0029284212371449916,0.8984776634416226,0.030174875752768438,0.9412653396106083,0.011646693643347625,0.7952171949627043,0.010264801043317694,12.592678993096765,0.3127890453138063,9.73343222073468,0.18612381773028738,0.45241770343631904,0.011237585077685741
998,-111.0,33.5,Mixed-Dry,0.2245580554008484,Semi-Arid,0.8173833849520513,0.01610414662169136,0.8860984558339062,0.014608843371607304,0.8811660867654283,0.01907753353634379,0.9260257438936399,0.02566990420122809,0.7597000918195704,0.032826097671545595,13.563902322853844,0.9260870328011106,10.439989513684973,0.6834258523839539,0.48929244174214537,0.03340685996990099
999,-110.75,33.5,Mixed-Dry,0.29557010531425476,Semi-Arid,0.8397395804926904,0.018311787039427884,0.9179667178498256,0.007753447326678702,0.8702958727502758,0.024049530936689534,1.0364209973820726,0.02649890405977112,0.8346775293134276,0.017148023064575035,12.36057698037514,0.6392434438333237,9.58255883499912,0.4503897329736238,0.4061643655251059,0.021005322663567562
1000,-110.5,33.5,Mixed-Dry,0.20237532258033752,Semi-Arid,0.8415251583196891,0.02251448787405636,0.9200854425029416,0.006462933375939611,0.8672723689559193,0.019666730956939778,1.0277281332637338,0.022504094313179655,0.8404489694964127,0.01630366843850691,12.076322227128458,0.6212808873909149,9.391591835643906,0.5103106558923363,0.39901618496485086,0.020527866416267894
1001,-110.25,33.5,Mixed-Dry,0.2548539340496063,Semi-Arid,0.8419750652652063,0.023443446059983476,0.9062638765708056,0.010247744944185025,0.8742304328083957,0.026238883977706073,0.9901949543181571,0.009758079567773931,0.8194583892780273,0.01839547272838844,11.577122165483873,0.589567223167684,9.251230983652409,0.29580976632756456,0.42446179622977737,0.021615800452555525
1002,-110.0,33.5,Mixed-Dry,0.3082067370414734,Semi-Arid,0.8318083949350742,0.02512577255720647,0.9034953058870036,0.011646111361881947,0.8651357011049532,0.028602039193562738,0.988704542226435,0.02239894691376308,0.813021011560328,0.02002053930569557,11.585478181343689,0.6156940147820322,9.140786932269046,0.4872172593242438,0.4319230042860084,0.022953943240237192
1003,-109.75,33.5,Cold,0.29767540097236633,Semi-Arid,0.8183770673403974,0.03183370823510329,0.894054338398783,0.010408383154548288,0.8548832349083376,0.038811569563750856,1.0021899226034896,0.016496411373390724,0.796212139336732,0.019107116930191254,11.885484521796801,0.5600930184077334,9.641760370466972,0.5121568569302161,0.4510282298666647,0.021254309169293092
1004,-109.5,33.5,Hot-Dry,0.2880302369594574,Semi-Arid,0.8495041269105622,0.036919414338175596,0.8899286147958809,0.011759815198694514,0.9201656592313843,0.05153643895480014,1.052897544410785,0.016455321885633062,0.7825409731907361,0.024464695367281308,12.450423113830402,0.7264595425561727,9.937572217687068,0.5900718687383496,0.4656912736582607,0.027172238769811646
1005,-109.25,33.5,Hot-Dry,0.2976536750793457,Semi-Arid,0.8256143596960411,0.03534697255471995,0.8943408268076922,0.013856077060972177,0.876790108706297,0.03531471335194283,1.056457633234666,0.030136769401786903,0.7902534067617634,0.031183195394254924,12.11727527861761,0.8925958549580394,9.633655302694049,0.6873279516969758,0.4569901735814296,0.03366330510087039
1006,-109.0,33.5,Cold,0.2885095775127411,Semi-Arid,0.8125048440393124,0.033778394607014414,0.8862103712231797,0.01806185924283828,0.8844599084829843,0.022727715609988392,1.0897926695951172,0.03592836156217979,0.7636320384422499,0.04439271281280644,11.8840138088618,1.1448153126308322,9.010067570796412,0.8375217258532375,0.48438219516769515,0.046661688812596844
1007,-108.75,33.5,Cold,0.36036011576652527,Semi-Arid,0.8439400175405488,0.016065684679068912,0.8919558522781109,0.007067155331328929,0.9266899044392976,0.019276722650854262,1.0800486517674261,0.030989496411093536,0.7762289367231459,0.024849144824930638,11.455618425949444,0.6458034133392981,8.638323590161828,0.44145798288075,0.47244425896078057,0.026633753299454874
1008,-108.5,33.5,Cold,0.3485370874404907,Semi-Arid,0.8531784107140702,0.022028183718831855,0.8834567237897412,0.011582369056683535,0.9723251191788085,0.022064692534723852,1.0815262924306437,0.02380125058002171,0.7531815091469861,0.03350275975470168,11.656416615021032,0.7668034648577776,8.865621800467318,0.4981840540405293,0.4959505534179695,0.032625515655382686
1009,-108.25,33.5,Cold,0.30517980456352234,Semi-Arid,0.835504273983856,0.01375524785458084,0.8602741127618447,0.007498639328913295,0.9207779107640558,0.023885272355154294,1.008723738567332,0.03227332661444798,0.7335932084248024,0.014193496644574985,15.087592473115711,0.4035754822749282,11.115843942297026,0.43793158877427374,0.5159984375523216,0.0138023557210572
1010,-108.0,33.5,Cold,0.3044239282608032,Semi-Arid,0.816571988538804,0.014419529632563552,0.8463128610384795,0.013800470519686178,0.9049946498450243,0.0184280866730802,0.9755415794329755,0.013424240555390956,0.7104485398688697,0.023483079172766187,15.427808350504886,0.6337707545838563,11.129455737695412,0.3308273881581668,0.5377370005502647,0.02209011007031648
1011,-107.75,33.5,Cold,0.2714798152446747,Semi-Arid,0.806831132905636,0.021491859372108176,0.8330250657728271,0.016095475029143786,0.9089870017225026,0.035618358467772775,1.0122889836791877,0.013533854465683955,0.6862142201883815,0.03138142606814266,18.005728183516528,0.9176038451616719,12.610506844969994,0.5664456816524743,0.5595848322688559,0.028517435593308497
1012,-107.5,33.5,Mixed-Dry,0.20266051590442657,Semi-Arid,0.7776021817813052,0.028450067977480294,0.8441462877121374,0.010656963578733957,0.8485572035848055,0.04161311071663954,0.9641431503462435,0.012304636866500466,0.7072209960027307,0.016169973185045306,17.384946882866835,0.480811501076395,12.026352506379396,0.20670725625417644,0.5409250936436184,0.014960241638758974
1013,-107.25,33.5,Mixed-Dry,0.1473274827003479,Arid,0.7546740082920034,0.025883678005001777,0.845079920654341,0.0076787120104738855,0.8173660999181527,0.03764742654899835,0.9557128733375176,0.016698013746156506,0.7058193807035179,0.009925738518313035,16.875777512472006,0.2847243891855484,11.519786098005834,0.28572114791569675,0.5423224521517381,0.009149944576858407
1014,-107.0,33.5,Mixed-Dry,0.14273278415203094,Arid,0.7787132396921421,0.02251060645439155,0.874736999283688,0.014750856595172949,0.819572997248053,0.0321404324052324,0.9952058628411837,0.01145805698570888,0.760552347828186,0.02184159206267913,15.29337442586463,0.7026883044900294,10.75068718399164,0.4855529533388935,0.48892118625371206,0.022464577785844108
1015,-106.75,33.5,Mixed-Dry,0.15311706066131592,Arid,0.8029180876010681,0.024036692972676573,0.8661349309388285,0.011952802896773468,0.8613928778453038,0.04080049667641252,0.9750629022677659,0.011390807209077711,0.7461835610883759,0.018896976844769934,15.738070546482367,0.5905176743042957,11.201585898105211,0.37477042606516386,0.5035185080098076,0.018892822817189465
1016,-106.5,33.5,Mixed-Dry,0.19165337085723877,Arid,0.7877356554284619,0.02984975147154428,0.8840281649509356,0.013372810007956724,0.8278626644402587,0.04252650334658045,0.9725562457912267,0.020772614660671585,0.7732551773056915,0.016724675658563653,14.031550781484592,0.5165978648099023,10.327507006772967,0.3039635087297449,0.4759193315550979,0.017521863002309342
1017,-106.25,33.5,Mixed-Dry,0.14931657910346985,Arid,0.776574353217951,0.0378947298902593,0.8891496006118811,0.00800346131685038,0.8126280869137622,0.04751520333625091,0.9608491138072403,0.018761375950755613,0.777404091259336,0.006565523716528639,13.77144862125813,0.20318885929947636,10.162941279159977,0.21132639945790452,0.4717596313640251,0.006960509674518205
1018,-106.0,33.5,Mixed-Dry,0.19420401751995087,Arid,0.735421001208328,0.03551660990514924,0.8835116619281853,0.009841588113580189,0.7663488946728897,0.04000630176884255,0.9681843112953021,0.024461486555541027,0.7612453779652684,0.012754300478768929,14.38321924266648,0.3828618053965626,10.324479196525688,0.3112286391016996,0.48848680903849784,0.013002856903279274
1019,-105.75,33.5,Mixed-Dry,0.422867089509964,Semi-Arid,0.6604730097324467,0.04288718264504113,0.8139321329809404,0.007820562374057292,0.726906441864098,0.05065358902400892,0.9342043421147302,0.03738409451112693,0.6377910345663348,0.011433093229329009,17.413128409565815,0.27470783949518757,11.594666896831761,0.20662293036583912,0.6017780843336166,0.009493593196730076
1020,-105.5,33.5,Mixed-Dry,0.23667392134666443,Semi-Arid,0.6806253321199733,0.031841146174978165,0.8489519609919025,0.009538285883916026,0.7281048958981089,0.0349535222909459,0.9335328779738623,0.027403175626680525,0.6906056721953153,0.013787758973519618,15.800651674072801,0.3515214516284099,10.730187098361572,0.227280240966296,0.5561221724359674,0.012372203208441892
1021,-105.25,33.5,Mixed-Dry,0.23836739361286163,Semi-Arid,0.6488084413130656,0.03233127610361752,0.7932739913294297,0.02063160928482993,0.7205435936007721,0.03530218835194591,0.9680399048146061,0.03502249917124926,0.6173554414915113,0.030246105850092145,20.791497576130155,0.8145136397916601,14.143688978955003,0.40663395077710435,0.6182033137207548,0.02421831469071496
1022,-105.0,33.5,Mixed-Dry,0.20322619378566742,Semi-Arid,0.7039184903196104,0.0245441942822582,0.8083699169941235,0.02190633735662466,0.7793563135046653,0.028881794663193513,1.0343854950329703,0.025171174926849706,0.6469550414409535,0.03699420912425371,19.69745222242809,1.0498062684422407,14.395499553601956,0.9183363313287677,0.5935019054985153,0.0316316046201812
1023,-104.75,33.5,Hot-Dry,0.19745966792106628,Arid,0.7084587447145824,0.02136601005981072,0.8060812693531014,0.020753498725736702,0.7987055566674772,0.04133020998098621,1.0694849859481892,0.029544525391303693,0.63108994802836,0.04483124071123025,20.195119398518983,1.2241361500511543,14.692586648698068,0.8448323696735355,0.6064889620280308,0.03676259834739874
1024,-104.5,33.5,Hot-Dry,0.18185237050056458,Arid,0.7201094814883161,0.011918357649958251,0.8284644705693035,0.01562641886785046,0.7818165188863836,0.023281580060633515,1.022359076093213,0.019201856385753627,0.6806731962649899,0.025310064832518537,18.366229754803914,0.7245185281343413,12.669712957876225,0.5467278734795608,0.5647386606556875,0.022278041201776677
1025,-104.25,33.5,Hot-Dry,0.20577988028526306,Semi-Arid,0.6954034902490841,0.02044052655712204,0.8113767727866067,0.022743191464912597,0.7634126800411666,0.028597484867025322,0.9994262266613054,0.02481480678594938,0.6531802872347955,0.0349566896322463,18.912363442430852,0.9543088603377542,12.75076075980433,0.6847704994531584,0.5883151375310282,0.029686101905015166
1026,-104.0,33.5,Hot-Dry,0.2186698466539383,Semi-Arid,0.6899115469937145,0.02545827993528482,0.7833505272025361,0.02020256466888284,0.7816677648743213,0.028105698045646135,0.9749449050972929,0.02452478484099919,0.6084936107362825,0.030715086520787253,18.574702107015913,0.7311000584966844,12.943479835931786,0.42821820356150075,0.6253173352842352,0.024612483030487804
1027,-103.75,33.5,Hot-Dry,0.2181745171546936,Semi-Arid,0.6776414460517814,0.03298843310309596,0.7897246414690553,0.0214586071222127,0.7598504674954583,0.03756191255239621,0.9746323237593654,0.030771091095621282,0.6160533584163596,0.03272287515327295,18.536599604215034,0.7879113789389178,13.140473181417349,0.49594931284083527,0.6191869592363993,0.02631898305458421
1028,-103.5,33.5,Hot-Dry,0.22078058123588562,Semi-Arid,0.6684985933363906,0.038507916609175505,0.7861481061034642,0.028217388122539603,0.7547083626297221,0.04318916487012778,0.9554448208123439,0.03647715878008664,0.6028046568979597,0.04464782500305911,18.594418909660163,1.0569498528672778,13.149009844905796,0.772132785313247,0.6294214041382322,0.03577777093909617
1029,-103.25,33.5,Hot-Dry,0.22026489675045013,Semi-Arid,0.6788248384948898,0.03134342551525073,0.8023949099950487,0.021421595783925357,0.7511935891442553,0.03694215135308296,0.9685852151399448,0.02601048802051696,0.6341858002893723,0.032904051904883165,18.42317285360771,0.8258578725244213,13.532857388644265,0.3237905363599634,0.6043401931923447,0.02709083338666564
1030,-103.0,33.5,Mixed-Dry,0.2362600713968277,Semi-Arid,0.6960447031462953,0.026999608987387767,0.8054204176853321,0.024177876680895816,0.7708113740678147,0.035117502518686596,0.9799646028128363,0.030160018645609066,0.6419315622937531,0.03613350664756393,18.087900698347653,0.9129068272048894,13.018825986340158,0.6332983922441745,0.5977794253434258,0.030170273911802294
1031,-102.75,33.5,Mixed-Dry,0.246161550283432,Semi-Arid,0.683417177169592,0.03619709211774521,0.8052458589964028,0.02930860696135335,0.754132601833424,0.034456245267404276,0.9779899836497922,0.03105422134253215,0.6406342361161833,0.04650618728741415,17.737275495991298,1.140551865444049,13.092349534957808,0.8806099869368706,0.598482208448825,0.038483926093139394
1032,-101.25,33.5,Hot-Dry,0.3031816780567169,Semi-Arid,0.7151612350129304,0.020568924423091488,0.8434262738357111,0.01720020351280411,0.7647415523011941,0.029305634833784042,1.0155020192095563,0.023602733834983253,0.7018314394965433,0.02389414145036492,14.946649961513703,0.5982136737844785,11.353860122859619,0.41091365960947307,0.5456985887471054,0.021840637092189665
1033,-101.0,33.5,Hot-Dry,0.31852787733078003,Semi-Arid,0.7065511254204273,0.028577255883498714,0.8251542467446423,0.01432339560851146,0.7676606216512123,0.043176605989598424,1.0130643905838024,0.0219876100790547,0.6735449303074841,0.018500786952931038,15.363456090070581,0.4414075116812933,11.622483792478992,0.25543966766214665,0.5711739040990826,0.016410399474413237
1034,-100.75,33.5,Hot-Dry,0.32599180936813354,Semi-Arid,0.7524710592637016,0.020012176769157692,0.8401327409654744,0.01247182363885604,0.815609441082932,0.02617132564012849,1.0337023166934598,0.016782195226137487,0.700360638592752,0.01925993371034213,14.445509754143156,0.4660655134351152,11.023077094378936,0.32306273213019854,0.5471654615543262,0.01765357928612642
1035,-100.5,33.5,Hot-Dry,0.3503408432006836,Semi-Arid,0.7359344563488144,0.020194539956016735,0.8394871820778572,0.013773135909917142,0.7956679273623599,0.03127701649595123,1.0333804570077647,0.02480651467688046,0.6966202302634513,0.022800927245179046,14.309014950749233,0.5411216601256476,11.00992138090153,0.4275922722462034,0.5504843980547023,0.020817577755974787
1036,-100.25,33.5,Hot-Dry,0.340664803981781,Semi-Arid,0.7574903704530358,0.022006214482195908,0.8622400245607788,0.010435947146539051,0.8101154639931293,0.028406724548123864,1.0534678427157105,0.026760520303351375,0.7300911164384303,0.017638192400197025,12.85076318406334,0.4179383123905713,9.980408620601414,0.3987778813200355,0.5193078936774809,0.016889165381541355
1037,-99.75,33.5,Hot-Dry,0.356292724609375,Semi-Arid,0.7517275739944316,0.01590296173284967,0.8448662746208221,0.010339884632554237,0.8141338460162911,0.022004037568077978,1.0507302343414184,0.015099318624066601,0.7044377167234158,0.020082970547169798,13.225968430591218,0.45090071586480246,10.227981876317177,0.40830710088683764,0.5434038278477479,0.018525764390416782
1038,-99.5,33.5,Hot-Dry,0.3705195188522339,Semi-Arid,0.7486728189456533,0.022602181656649983,0.850810355728223,0.012480272552529143,0.8247480823428806,0.023719456648539763,1.098568076185821,0.019776650515053628,0.6974743716534547,0.028424802450154354,12.471002101143753,0.5869146470930771,9.65953274230776,0.5051771657688432,0.5495366537556132,0.025862485515426668
1039,-99.25,33.5,Hot-Dry,0.4010428488254547,Semi-Arid,0.7680837832748597,0.02526957827362423,0.8702445631006442,0.008342582396755853,0.8330580931485994,0.026005573312853487,1.0939413614393552,0.014500386731832146,0.7331902374558921,0.020418884275143736,11.619293875016279,0.43779265684009,9.028533564412225,0.42428065855399466,0.5162432447712378,0.019451053061848186
1040,-98.75,33.5,Mixed-Humid,0.430347740650177,Semi-Arid,0.7843394030500288,0.02151828608957177,0.8723232462837005,0.004054172830133019,0.8444446064860281,0.02591369448768211,1.074403790490241,0.019196345752484748,0.7461994076815633,0.00661789039627584,10.644015851814459,0.13907139911320743,8.163903653347978,0.22030751277165675,0.5037518591136718,0.006581865043058461
1041,-98.5,33.5,Mixed-Humid,0.4592364430427551,Semi-Arid,0.7876986778901787,0.01782724452791839,0.8580256857067206,0.008260245263774016,0.8548841290576181,0.024335604104613627,1.056493551148662,0.022104694766663182,0.7271186248220541,0.013219732165859525,10.582682600400167,0.25750359398809364,7.985655385184856,0.26550446241983383,0.5222568179324693,0.012707837197849162
1042,-98.25,33.5,Mixed-Humid,0.4904397428035736,Semi-Arid,0.8026947372720599,0.01783947300793054,0.8668548626092868,0.0050701781625910715,0.9110094725885993,0.029263881551810988,1.1094448777706016,0.032656854408105854,0.7192550976085549,0.019496858745398638,9.765193354952988,0.33526444994443677,7.795924714267235,0.2663149777108894,0.5296040166670412,0.01818268137478111
1043,-98.0,33.5,Mixed-Humid,0.5201614499092102,Sub-Humid,0.7959090474905446,0.02221696949192715,0.866706305796256,0.0069866142734967655,0.8773127589840696,0.04641598203791438,1.0789963766112598,0.03914063439397558,0.7325492841848604,0.02507407862077599,9.527138673469707,0.4395477889704748,7.582822797428349,0.33448888482381045,0.5167166154820457,0.023839439483746318
1044,-97.75,33.5,Mixed-Humid,0.5594582557678223,Sub-Humid,0.8009899555257352,0.02558239558805361,0.8733532819276004,0.008868049199925652,0.8552747025612522,0.04896156682482585,1.0049684310600189,0.037722256202115015,0.7576642631470477,0.020342008901690203,9.572459527235358,0.3969323255689416,7.338841495174283,0.3842142700344926,0.4919378520118761,0.020398731911991604
1045,-97.5,33.5,Mixed-Humid,0.5812230110168457,Sub-Humid,0.7730707374213827,0.03783549343192872,0.8797234593153158,0.009115311162150105,0.8138773317400749,0.050344014080894825,0.9841144433166422,0.03852885531598722,0.7643899952022402,0.015271090084051578,9.442393817577928,0.30681779042798674,7.105805959214287,0.3453196358845685,0.48519187973077704,0.01576565258223726
1046,-97.0,33.5,Mixed-Humid,0.6588210463523865,Humid,0.732817774899178,0.03608275406281361,0.8696298431068084,0.010064755715198109,0.7885123050862252,0.043914783705855345,0.9116702180909966,0.03997646516408094,0.7316820746415994,0.01031115263331038,7.896500628450423,0.15158451668859138,5.66539437549835,0.14180497991219954,0.5179178004546607,0.00994216592391311
1047,-96.75,33.5,Mixed-Humid,0.6860699653625488,Humid,0.7384194811788095,0.046457435704101456,0.8805146479604,0.004530927114052393,0.7730758191084005,0.052917026942581144,0.9618543320482725,0.028896030240459846,0.7577154773028287,0.011708263566756413,7.530336105450386,0.18186347854719143,5.395323965941749,0.1388724324222231,0.4921092597260195,0.0118848216793777
1048,-96.5,33.5,Mixed-Humid,0.7058761715888977,Humid,0.7828464899986937,0.046852811017505186,0.8608775886647372,0.015134060204877913,0.8392316741640199,0.05760081214244323,0.9910851150676059,0.031490194003019105,0.7365143862843266,0.025874619563491803,7.129990860993755,0.34565699563362523,5.365797978590335,0.2641970886324773,0.5128266171550088,0.024861477556234825
1049,-96.25,33.5,Mixed-Humid,0.7295970320701599,Humid,0.7868808654188305,0.04416756258558184,0.8527143322346278,0.012648972066457063,0.8534720769479256,0.05769740138046379,0.97680557573377,0.02469092991420417,0.722791043572486,0.02299568914316137,7.359280825908127,0.30548863459190606,5.469225041578988,0.20816315197022967,0.5261438469295174,0.021840580513191227
1050,-96.0,33.5,Mixed-Humid,0.7546610236167908,Humid,0.8022936757147558,0.03391075880088294,0.8530221529182613,0.006752482307643534,0.8754455018744766,0.05610555358205986,0.988240463272553,0.015748084969439656,0.7236599252572036,0.014012853401477782,7.119303882016628,0.1795443994131869,5.22744141380154,0.0889381634526267,0.5255468967464044,0.013253964643670825
1051,-95.5,33.5,Hot-Humid,0.8081067204475403,Humid,0.8265111542092075,0.05984368509093422,0.9074409697169019,0.007539713197439308,0.8703453657507657,0.08039675225457733,0.9677898469606774,0.04080460549095662,0.8135922916380978,0.018718395622261977,5.691217123275132,0.28669607258727337,4.175008381205961,0.18035719217030927,0.43131200282822546,0.021727418686047793
1052,-95.0,33.5,Hot-Humid,0.8868869543075562,Humid,0.811283225435481,0.07329100441366211,0.9134067120010407,0.010134628034289413,0.857282780062139,0.07549248285682726,0.9201065971415698,0.03571168100599028,0.8184486539559496,0.033053421149045685,5.5928071893951286,0.4867767958409141,4.079621012313508,0.2581137134975285,0.42480316428509085,0.03697326157888557
1053,-94.75,33.5,Hot-Humid,0.9239873290061951,Humid,0.7270864142070487,0.07365254126078495,0.8995079905831955,0.008101607345901636,0.7795414739663773,0.07517375182219296,0.8788388477035823,0.0329311609777536,0.7725793778292394,0.03053034915392465,6.404027464900965,0.42459789087918887,4.444497428143255,0.30474738613558333,0.47605004728945544,0.031562926164803176
1054,-94.5,33.5,Hot-Humid,0.9296038150787354,Humid,0.6631874378097702,0.06337991550197333,0.888935406865032,0.009789344075320006,0.7206371581518328,0.06748039147203501,0.8519794933231937,0.028455090873237922,0.7341131725038926,0.0293954423835683,6.114110397918143,0.34030304164803055,4.176636725253337,0.25262882724344043,0.5150043760613412,0.028664440814708852
1055,-114.25,33.75,Hot-Dry,0.05077948421239853,Arid,0.6943888051511984,0.014020267664898398,0.8484447333140643,0.007052619571424198,0.7358075915762796,0.014507258005914318,1.0156595553184191,0.020477046825388832,0.7030654316618189,0.010262342856409501,16.438994757808445,0.2848547201017443,12.036504240245964,0.22463373052546817,0.5448515941040893,0.009441182421558284
1056,-114.0,33.75,Hot-Dry,0.07662185281515121,Arid,0.7131813301998767,0.029508860797448726,0.8795182360005228,0.007640062370715743,0.7439604309839271,0.030176003637277182,1.0432077335560372,0.017584568594182216,0.7414154319599341,0.02229409049726198,15.278128218680497,0.6550419870652522,12.277127270291206,0.41962694562624026,0.5081386206003696,0.021786185256364422
1057,-113.75,33.75,Hot-Dry,0.0765615850687027,Arid,0.7395330281303101,0.02897363623957156,0.8775239580099908,0.010306209843808839,0.7734531768946258,0.029827153694405792,1.0335119947627962,0.01840588736582848,0.75018648948694,0.02014704334941106,15.08188067071696,0.6076686583944738,12.010682267925741,0.46620612780804027,0.4994892347734356,0.02012507324544605
1058,-113.5,33.75,Hot-Dry,0.0898032933473587,Arid,0.753978155481102,0.01730838644960029,0.8847775383646654,0.009691654626187271,0.7864024620431836,0.019353450168570516,1.0362849261014069,0.014786187080806711,0.7640599850388349,0.010938214514158086,14.787143964295685,0.3413749322109252,11.829458878476139,0.3560179655484864,0.4856330513398414,0.011211289372769648
1059,-113.25,33.75,Hot-Dry,0.10157930850982666,Arid,0.7739820130879529,0.017711982521456195,0.8765196759053719,0.005989366532313075,0.8177333622336278,0.022726877317980468,1.0479645889152946,0.01245369550540726,0.7509612447046247,0.004238555608167415,14.680560257595683,0.12507660864006986,11.217433044394266,0.23582661333664579,0.4990233404210116,0.004251618872638416
1060,-113.0,33.75,Hot-Dry,0.12555375695228577,Arid,0.7660731949428957,0.01620604808831387,0.8884896074491101,0.007389702891053192,0.7982810930538293,0.020423977439798513,1.0359861236794563,0.012960300219755914,0.7730942320502175,0.007780399570747304,14.092995352128886,0.24068192870037208,10.818799855536607,0.22761432090604292,0.47629070577470606,0.008134151954474395
1061,-112.75,33.75,Hot-Dry,0.12147671729326248,Arid,0.7834715249568969,0.02887829041650462,0.9058885829997433,0.005461814229619336,0.8055857866741187,0.03191087236137314,1.0028332329610454,0.008012842569312924,0.809458943080833,0.011183145663507886,13.091699580302421,0.3916869547399944,10.175970183192609,0.3936643111685267,0.43635387855944285,0.01305515153579358
1062,-112.5,33.75,Hot-Dry,0.11836832761764526,Arid,0.7656507042141409,0.03172088257095521,0.9135767898864854,0.006925388343749336,0.7833174457022928,0.03403241177152092,0.9863508457235254,0.013830722534781915,0.8150837893537872,0.015209992110838504,12.869306369519744,0.5309866400500759,10.267002225074261,0.44088021385559306,0.42972632546873746,0.01773047677551137
1063,-112.25,33.75,Hot-Dry,0.11141907423734665,Arid,0.7485538176583766,0.03891769012423986,0.904946327114257,0.009851784570577001,0.7684377022297275,0.04276589873466142,0.9999591656355543,0.017312132655013922,0.7976758982156691,0.019361100486818633,13.426500439441705,0.6426726561601309,10.759000835328807,0.5618780561732961,0.4493928526169711,0.021510631124869395
1064,-112.0,33.75,Hot-Dry,0.14033877849578857,Arid,0.7697658919981459,0.03399094807659034,0.8963255344273222,0.011499357797899144,0.8004096853862969,0.03205594958269214,1.048603139347305,0.00845895736816166,0.7860392978500252,0.02637011688818104,13.526841284610573,0.8146502463218065,10.945146352036152,0.7962488118687004,0.46188923678525384,0.027817150552996297
1065,-111.75,33.75,Hot-Dry,0.1784481555223465,Arid,0.7792655386479123,0.033808692084757536,0.8668423074654704,0.0168351875712892,0.8280262573362858,0.03222962995722992,1.0325579444285036,0.016371755185922522,0.7456947967782102,0.02948698778321068,14.769621225117097,0.839072872174034,11.271785065516811,0.62341853613825,0.5036370584413238,0.028611985826758623
1066,-111.5,33.75,Hot-Dry,0.20362167060375214,Semi-Arid,0.8026191952016145,0.024836342692719074,0.8981988454627047,0.017158831758791394,0.8329343832882797,0.023726283965667127,0.9846182935894167,0.017880693027908002,0.8009154812908807,0.02920961971456259,10.68234363166118,0.7951487433925617,8.362329632937596,0.548242055686911,0.4452032803777147,0.03313906022432797
1067,-111.25,33.75,Mixed-Dry,0.21308432519435883,Semi-Arid,0.8008351458853105,0.016115192003677423,0.8966030636741296,0.016788064829217127,0.8318419945364269,0.0157697975136875,0.9936688029442313,0.02350140523696391,0.7981568971482528,0.02804181719401306,10.90093712846925,0.7818150524467287,8.398860997877673,0.6466334790602118,0.4483479913191169,0.032155511422233385
1068,-111.0,33.75,Mixed-Dry,0.24375464022159576,Semi-Arid,0.7887397427788169,0.018727513147057645,0.8835680386762977,0.01783650535311906,0.8289300685492089,0.022995007274343542,0.9741132648655153,0.030465081111545375,0.7726074570822525,0.025986850697237836,11.46868837475221,0.672324589390402,8.91168083627745,0.3917404102564231,0.4762027814314238,0.02791625589873672
1069,-110.75,33.75,Mixed-Dry,0.21159431338310242,Semi-Arid,0.8223148872089571,0.01153858072736239,0.8980619144260128,0.01336355448814675,0.8613264944631007,0.013702424804566854,0.9662334583866643,0.027918269008707794,0.8006790942844766,0.019871673835548366,11.803592049905209,0.5965254872968679,8.884664876311408,0.4836999921443117,0.44599829090097554,0.0225396935685702
1070,-110.5,33.75,Mixed-Dry,0.2860366404056549,Semi-Arid,0.8241053396919839,0.02411643718176505,0.904654679023382,0.016158394956355994,0.8560519567952586,0.023354583839965342,1.0229443682328072,0.022934033100725018,0.8134283125059181,0.03023636961267497,11.382390747349122,0.9414013512762363,8.657516151776328,0.674533525867231,0.4307624189171103,0.03562699016830279
1071,-110.25,33.75,Mixed-Dry,0.24286647140979767,Semi-Arid,0.8667137143435729,0.014535673042570278,0.9191933182797726,0.010864364839347364,0.8977152399904116,0.015527837946484248,0.9932572704631113,0.027604068869969505,0.8428702689507581,0.01891609008686896,10.950477693811717,0.6595946527215685,8.366235506144504,0.4045880184453766,0.3958218990578534,0.02384206564761995
1072,-110.0,33.75,Mixed-Dry,0.28353151679039,Semi-Arid,0.8667033668473565,0.02653635996103625,0.9223003910065527,0.002826717986755506,0.9050544316011326,0.05716679927879668,1.0163841271975276,0.022084459750730576,0.846344977608404,0.004748737897452363,10.541805066286896,0.16452971693085364,8.159443901810828,0.1709196455284942,0.39195036064966243,0.006117309273235233
1073,-109.75,33.75,Cold,0.43501541018486023,Semi-Arid,0.8452181629619812,0.02022321021126155,0.9032444548829174,0.011895425899834633,0.9387040140654097,0.03363266735999899,1.0986829680952686,0.02261946314306432,0.789653140727449,0.02489667170908334,12.153584469770292,0.7225742075246279,9.600921493856179,0.6791893693913958,0.45798877846113867,0.02722907628402606
1074,-109.5,33.75,Cold,0.484384685754776,Semi-Arid,0.8402189558148254,0.029550725725047865,0.893872194098627,0.012142222960169619,0.9610784051112923,0.010439592613051711,1.1083091950754578,0.043510917936189226,0.7667830981243142,0.02863689069780143,12.724729139243246,0.7735904637586066,9.731693214551939,0.5854704087568197,0.4822129922190294,0.02931578096469635
1075,-109.25,33.75,Hot-Dry,0.4467792809009552,Semi-Arid,0.8469585938383064,0.017133651177226962,0.8929888866983694,0.008117722497488931,0.9039945265838526,0.02914235218256256,1.0440912753988507,0.019745646749518803,0.7922236107845498,0.0123932987446457,12.302329536635483,0.36627593978488693,9.414538306623607,0.21347998846131708,0.4556634186041582,0.013566418163147086
1076,-109.0,33.75,Cold,0.33381187915802,Semi-Arid,0.7995045615367505,0.01759764404714409,0.8480284981543917,0.0071341789475758,0.9398462872902137,0.021907216115672208,1.1083645751900808,0.044226925078436875,0.6844898888545858,0.017538881456106614,18.615387360811717,0.5118745886130271,13.570756793351512,0.7888456322850855,0.5615330614611682,0.01544069426313112
1077,-108.75,33.75,Cold,0.24686992168426514,Semi-Arid,0.8282607373883926,0.032947106253867174,0.8697453509108334,0.01602449482352304,0.9573298268676899,0.022847590481105854,1.100178208091036,0.03385734133563681,0.7248565514419568,0.04237952638141171,16.767934609993745,1.278620908897884,12.936323135245313,0.8476790111840156,0.5233254072028563,0.039905618871406166
1078,-108.5,33.75,Cold,0.37574124336242676,Semi-Arid,0.8378736280236835,0.028529542667685034,0.8678111668606704,0.012514958777047764,0.9853369113466985,0.026849681837844454,1.0843988796728166,0.04216070418734677,0.7198234902343355,0.03855282752268718,16.478879116513873,1.1214148708841507,12.512220133534859,0.7591154967485437,0.5283392255639626,0.035954354676046886
1079,-108.25,33.75,Cold,0.2269987016916275,Semi-Arid,0.841737825843585,0.0062094547030032915,0.8530854518578762,0.007098733301017891,0.9671675448866545,0.0411513920404626,1.019066094760094,0.028664608662725147,0.7104396723357088,0.020698856836864534,16.609732833418768,0.5989297177978191,12.009415975621213,0.5691672305696758,0.5378284487578349,0.01939353536078923
1080,-108.0,33.75,Cold,0.26367998123168945,Semi-Arid,0.836110845341332,0.017713727809889435,0.8541909168814923,0.01940021009293295,0.9498353250180122,0.04081465858380822,1.0289092702365596,0.032870638303471346,0.7137165798561275,0.047624472341118315,16.321231418336776,1.3673924968389055,11.883248097863392,1.0462477250262066,0.5335586550148493,0.04470153524513359
1081,-107.75,33.75,Cold,0.25978294014930725,Semi-Arid,0.8142565127894402,0.023158944249908393,0.8281627833384233,0.023741585250751148,0.950237335834758,0.04026415216376057,0.9694851427792331,0.017546803782436966,0.6659580181362682,0.049627271294991004,17.984254458017972,1.3853162302947455,12.748566632095178,0.8676959759243736,0.5765967700118741,0.04441490002811092
1082,-107.5,33.75,Mixed-Dry,0.3001241981983185,Semi-Arid,0.7818089393693516,0.019912981146197734,0.8225200323368019,0.007762183531228528,0.8830625451374068,0.028461840715660405,0.957567256058284,0.017827404033516098,0.6665688573485917,0.014675489711868163,18.131670707065005,0.39982286998035693,12.371091682358525,0.2822210140361358,0.5773226899847879,0.012730587188777702
1083,-107.25,33.75,Mixed-Dry,0.15496373176574707,Arid,0.7403194431841966,0.022013483327790725,0.8434208637929317,0.005765706858552464,0.816538474715409,0.0319736598002381,0.9070524380050733,0.01426592415350603,0.6840015931962153,0.007545610646002372,16.979013209389944,0.20334882414277602,11.860962359903455,0.15298278250369657,0.5621051062776268,0.006732040961190363
1084,-107.0,33.75,Mixed-Dry,0.14115959405899048,Arid,0.7620380004969951,0.03589575122944327,0.8650148931335027,0.005400749925226182,0.8084244746459041,0.046318680635956934,0.9700586875176789,0.01109072632985052,0.7403424826792664,0.008794702849182823,15.686516552940592,0.26398745612129143,10.739278617999899,0.1949067787277663,0.5095082922670545,0.008574484812759109
1085,-106.75,33.75,Mixed-Dry,0.1615545153617859,Arid,0.7612275054807365,0.024570906740146895,0.8531232392352954,0.007667429147402098,0.817028752355102,0.03162977377511047,0.9603145501698511,0.005208984144960568,0.7210510225555474,0.012597143423628865,16.724417586529267,0.3740782250226447,11.116884269838227,0.11598033223731088,0.528050544492201,0.011811006833803707
1086,-106.5,33.75,Mixed-Dry,0.17386339604854584,Arid,0.8644653226618102,0.02395673378821355,0.8977044123819142,0.003376981988139177,0.9221064101023222,0.03866108182826308,0.9722425746274992,0.020051464261862106,0.8008893970397063,0.005695361178004511,13.03423912502999,0.1878599472437047,9.496891933986296,0.17227465959922944,0.44618103907402384,0.00643072032494987
1087,-106.25,33.75,Mixed-Dry,0.218021422624588,Semi-Arid,0.8271898825691697,0.035383258188424305,0.8903469077438931,0.0019932549071142976,0.8744364479043847,0.05821325431909819,0.9994351237158208,0.0212245871053351,0.7886883668595324,0.006626988354015014,12.818012993346859,0.2005944264429156,9.627550385581008,0.21170685010006154,0.45964142585051765,0.007193120200123461
1088,-106.0,33.75,Mixed-Dry,0.19450753927230835,Arid,0.8045460293033585,0.03901396762389573,0.8868627970096572,0.008327065142166854,0.8479099895910768,0.052355749625491894,0.9710716672100308,0.022452960997255418,0.7788375521140095,0.010025092775186034,13.170212233818342,0.2943781250793548,9.880194170719344,0.30270672923753766,0.47018516391423776,0.010509491004084869
1089,-105.75,33.75,Mixed-Dry,0.2468229979276657,Semi-Arid,0.7582899411135091,0.039407614943667714,0.8435001069996046,0.0046965109222428785,0.8227676157629027,0.05745624240849868,0.9788185758304377,0.028620617410352735,0.7046202487701111,0.010304211184120003,15.611936633366563,0.2729157286612411,11.418652917013217,0.24197199897797678,0.5434220791098932,0.009499681953224872
1090,-105.5,33.75,Mixed-Dry,0.2367967665195465,Semi-Arid,0.7334070968677322,0.03653955902074104,0.8472753104851665,0.007258693526353489,0.7877026411505462,0.04466964187840057,0.9611237560542911,0.027273461557193433,0.7059459374431143,0.010714150214043547,16.02934532881828,0.29241121745735976,11.712886947591837,0.12516765137122354,0.5421953515802584,0.009890859520648458
1091,-105.25,33.75,Mixed-Dry,0.2167174071073532,Semi-Arid,0.7190225790591602,0.02027891166648035,0.8183543027634673,0.012766546323539258,0.789061459770272,0.03375370057327696,0.9910142177557487,0.028820338261253138,0.6651836068715508,0.017809392181374478,18.57740693884213,0.49265536513240943,13.26199692988367,0.45180493231462204,0.5784705079120538,0.015340493979161604
1092,-105.0,33.75,Mixed-Dry,0.18946473300457,Arid,0.7161959572305541,0.016264810412419187,0.7998584704046942,0.016196349212443666,0.8023040715158023,0.03162045837252512,1.0074963564725627,0.02622314049035864,0.6365413021247281,0.026893033670971244,19.000889000852066,0.7003675722905885,13.659018834114937,0.5879866339135261,0.6025479892369472,0.022209754101059825
1093,-104.75,33.75,Hot-Dry,0.1795530617237091,Arid,0.7116413863646798,0.021810403756870184,0.8003212069538869,0.019010704970942767,0.7938955195455859,0.025746843456237886,1.0089960563775004,0.018714742185928,0.6387895644185593,0.030461047527952208,19.521744270475256,0.8142870562729225,14.001707426800852,0.5645926460493788,0.6005900147901423,0.025051689459431186
1094,-104.5,33.75,Hot-Dry,0.18474014103412628,Arid,0.6822806663483949,0.019111796728808236,0.8048838056684151,0.023448829389172962,0.7516856355530621,0.024076019185161734,0.9853933119509787,0.022092802529107756,0.6422048793625122,0.03289129661682874,19.939952960593853,0.8981515877892104,13.399993529272674,0.6006957099804067,0.597674936842703,0.026920960875280973
1095,-104.25,33.75,Hot-Dry,0.20690201222896576,Semi-Arid,0.670038105163887,0.01811009487428928,0.8105750171507186,0.020428944775794412,0.7309585550125888,0.02009609315808116,0.9957443781776227,0.0156940717934435,0.6495185398758531,0.029607910394251823,19.372707534985977,0.8184663157091611,13.212677849770674,0.3223619341316579,0.5915925169327012,0.024993850078032925
1096,-104.0,33.75,Hot-Dry,0.22725103795528412,Semi-Arid,0.7112320438844397,0.021722754727362688,0.7994063963653882,0.018950515421231523,0.7961055858283366,0.02385295195819743,0.9720831017564014,0.023234874084147743,0.633841932232835,0.0278654512658036,18.21019568515718,0.6872471495145007,12.902275218130256,0.6108196659448769,0.6047655182587667,0.022823663497848375
1097,-103.75,33.75,Hot-Dry,0.24017493426799774,Semi-Arid,0.7319428243514713,0.02696719498071319,0.8000195782048886,0.02497087876927944,0.8294660845609027,0.028875280260567324,0.9572969726148803,0.021593918682849152,0.6295100541948475,0.03953096673420235,17.76369712242664,0.9490196737058888,12.3376629526641,0.6504787122487414,0.6079851251922892,0.032481405258794484
1098,-103.5,33.75,Mixed-Dry,0.23330333828926086,Semi-Arid,0.6980769512947864,0.0341116226645873,0.8121086663370922,0.018022105447410626,0.7738497387637475,0.03281557703606272,0.9391815649136908,0.032037222611496954,0.6385500627172722,0.038700714643449784,17.386084259877457,0.9225102599428411,12.007101539189382,0.4158342417315311,0.600531155061767,0.031864342981374125
1099,-103.25,33.75,Mixed-Dry,0.23286134004592896,Semi-Arid,0.6949918620064964,0.032111530289381615,0.8163137584439987,0.013466283402599128,0.7626074618597872,0.0364215586167733,0.9587786386192999,0.03266371901631059,0.6525700018826754,0.026806020054403912,17.700489306370944,0.6807811192813703,12.76345593893858,0.33599556686182,0.589083468375008,0.022656825809111627
1100,-103.0,33.75,Mixed-Dry,0.247778058052063,Semi-Arid,0.6929922424624679,0.022626601611368594,0.8019603506698758,0.01730970602205862,0.7697183988927659,0.02763267699486375,0.9676545796026954,0.025427257132884806,0.6357416970226613,0.025873707683427078,18.125335208327662,0.63834515978639,13.183532426130109,0.26316819344058784,0.6032389405308244,0.021245105453586297
1101,-102.5,33.75,Mixed-Dry,0.2523398697376251,Semi-Arid,0.6656657827936128,0.03105738389516841,0.8189045663048331,0.014845454865844019,0.7227428424525719,0.03344297522713742,0.9691890514373306,0.03285497498310506,0.654497071245095,0.025601531728323166,17.797184862706743,0.6584097759581571,13.101661932962344,0.3678857598742919,0.5874734433146529,0.021733676487492515
1102,-102.0,33.75,Hot-Dry,0.26174381375312805,Semi-Arid,0.6615799661639571,0.03331112645362265,0.8134103271661619,0.015012310038638024,0.7207954449929974,0.04280367108412688,1.007825827000845,0.03423580246160711,0.6480137932350747,0.023547532005447697,17.419195438507185,0.5803756014996113,13.239344750395095,0.5020131938659234,0.5930209880008919,0.01975837023173143
1103,-100.5,33.75,Hot-Dry,0.32895809412002563,Semi-Arid,0.7146217921607882,0.020541617334155014,0.8077880297345759,0.010594332069336044,0.7923712197981566,0.03036537395192053,1.0242770250959745,0.019568005422184398,0.6485635837448168,0.018055102670473624,15.89943438679058,0.40888873954801225,11.841687181984568,0.3134021602749923,0.5926639603778823,0.015241650353032557
1104,-100.25,33.75,Hot-Dry,0.33898791670799255,Semi-Arid,0.7476997694348679,0.019496856950421117,0.8437963551244296,0.01181244093313198,0.8050074602008592,0.022141353482729626,1.0263804646032384,0.020557586485368803,0.7070961228424693,0.020666515686491194,13.648750502805038,0.4837905424166053,10.438592251389759,0.39666210764299636,0.5409341628415699,0.0191738307472916
1105,-100.0,33.75,Hot-Dry,0.351911723613739,Semi-Arid,0.7388447129680271,0.01580146247418183,0.8511562406920046,0.011627834029891771,0.7889713032552998,0.021599125543153998,1.027347738326819,0.02462152495152115,0.7167090245246339,0.016174016050400176,13.504952183138295,0.3874363407361453,10.521663265347055,0.3179662545820726,0.5320757211943403,0.015264435417362304
1106,-99.75,33.75,Hot-Dry,0.361132949590683,Semi-Arid,0.7592140355995635,0.009708973965728795,0.8416271371805639,0.009858781149101093,0.8248976650688989,0.014328973000230137,1.0431279581549642,0.016142638247377168,0.7021476039966729,0.01872535584133991,13.748211848507108,0.43290468289275685,10.605570416571034,0.28427267838657666,0.5455422321408487,0.01717807301865121
1107,-99.5,33.75,Hot-Dry,0.3782559931278229,Semi-Arid,0.7931076251429096,0.013453800956376591,0.8697907991867485,0.006554886300665157,0.8542205374631313,0.012544460998182154,1.066334419662968,0.01511008137136893,0.7448283720746673,0.012599159846806577,11.51803089814923,0.28041895992338634,8.96024713196521,0.32484754240901853,0.5050254316284934,0.012295392113844507
1108,-99.0,33.75,Hot-Dry,0.3991432785987854,Semi-Arid,0.8262575894904078,0.0146656265118785,0.8728615460805008,0.0033747686553464787,0.9205847105327871,0.02533918986220288,1.0840591694131727,0.019326153806376423,0.7403551723775759,0.0056865746446236555,9.830019058080895,0.10777423528146442,7.587108103271719,0.14945189677326565,0.5095290586569148,0.0055863680757862345
1109,-98.75,33.75,Mixed-Humid,0.4222632646560669,Semi-Arid,0.8233564728923337,0.022653141197703244,0.8768516516642606,0.003810771903440522,0.8880491769052139,0.030762580493473253,1.0519953795100307,0.023525487806538604,0.7599496392604878,0.00467665614902771,9.491139596865814,0.09253723815766927,7.34231721172834,0.16925963861413437,0.4899307163665414,0.004776753615144323
1110,-98.5,33.75,Mixed-Humid,0.4603022038936615,Semi-Arid,0.8289484604736657,0.018627945522858035,0.8762025445868555,0.004367158623950588,0.8891204512707779,0.02339365297589389,1.0265640580457038,0.03076987011728337,0.7636851408874216,0.006530910987343512,9.448286779001895,0.13091913702681415,7.170135140090958,0.28766443837123645,0.48608493786185303,0.006735381987773367
1111,-98.25,33.75,Mixed-Humid,0.49537229537963867,Semi-Arid,0.8078751247567336,0.019086067149212287,0.8643466533356488,0.007585025481167798,0.9087373626215338,0.034414398016423424,1.0905634534904451,0.03996005477482687,0.7235159441740604,0.01230000454005235,9.488981557898393,0.21164921684354643,7.580489342027368,0.2525751522777079,0.5257129051933384,0.011725886913132474
1112,-98.0,33.75,Mixed-Humid,0.5135533213615417,Sub-Humid,0.8178194957212588,0.02308361782268543,0.8725096493140463,0.005592546114744288,0.9112916715391502,0.038892342341003014,1.083915717880247,0.03898880309025568,0.7402624865731424,0.02655770621935459,9.038601861839501,0.45491297620028814,7.110798425953282,0.42370698930847034,0.5091288862971587,0.025624464986429042
1113,-97.75,33.75,Mixed-Humid,0.5440676212310791,Sub-Humid,0.8040494092696877,0.02341499344753803,0.8815977777648962,0.009091138977524688,0.8672219276410701,0.048137295482334704,1.061203163334784,0.043595228966578616,0.7649807475532937,0.029324896017471257,9.165018495917327,0.5575280821679482,7.073286333338577,0.5331748307461446,0.4840718385628334,0.02944714665940635
1114,-97.5,33.75,Mixed-Humid,0.581542432308197,Sub-Humid,0.767761407950242,0.03769887878657746,0.8696564004915341,0.008072913693040154,0.8142854206378931,0.053785341399522846,1.0139380974887093,0.03591083779005269,0.748555318374486,0.015814354300167234,9.513220670708582,0.300194515722506,7.204417053553156,0.32686694344565576,0.5012429951643752,0.01581697759371543
1115,-97.25,33.75,Mixed-Humid,0.6199950575828552,Sub-Humid,0.7365793912496558,0.038460893648735874,0.8649317029516812,0.006817701932279677,0.7817008574244004,0.04534619830749675,0.9516984210753359,0.028735851622034576,0.7334498908515634,0.010460613563221432,9.614287836519383,0.18786570473685751,7.214325712925257,0.188134386313809,0.516206077344638,0.010086802076117913
1116,-97.0,33.75,Mixed-Humid,0.6666665077209473,Humid,0.7332602307588976,0.03110060836738917,0.848517281001752,0.009920754298711807,0.7912544947460423,0.0357185015381461,0.9406131135973856,0.03114510791512728,0.708073333777492,0.01731609184200754,8.112372215680685,0.24300861853387248,5.979660176021595,0.21084703341808544,0.5401085586357912,0.016179118906638045
1117,-96.75,33.75,Mixed-Humid,0.7056040167808533,Humid,0.7154323200872816,0.029751959452697846,0.8186455007306005,0.019305635601249753,0.7871037282212121,0.0402178172307965,0.9606803247445772,0.02044656475275434,0.6642619264343661,0.031218462059421616,8.639362369591376,0.40995864673824833,6.508217626150106,0.25707620202299053,0.5789079091815519,0.027470580915725913
1118,-96.5,33.75,Mixed-Humid,0.7222790122032166,Humid,0.7433210592455208,0.03166459965149971,0.8290218935433458,0.014583783597349853,0.8133854692159262,0.044682762246140734,1.0154616822222517,0.027866820112383554,0.6838171471328172,0.023351059233754034,6.77418781156976,0.25014206207796325,5.172068582706697,0.22659010841654512,0.5619949584868772,0.020752093343681742
1119,-96.25,33.75,Mixed-Humid,0.7538270950317383,Humid,0.7847517867678635,0.03454673791061893,0.8493487450835788,0.014503859562436803,0.8541162146698292,0.057593444772355375,0.9952384270166421,0.024086550034434055,0.7175620211241742,0.024037467178701474,6.38961059060268,0.2659244770173495,4.7950145681825065,0.16911691754136066,0.5310811203353425,0.022102672326646935
1120,-96.0,33.75,Mixed-Humid,0.7711243629455566,Humid,0.7832108609172873,0.034709785893674246,0.8535994521670401,0.0029290942781624984,0.8435158944704989,0.048352187847414595,1.005068526794488,0.01313628706525871,0.7264300841589173,0.003599652923711629,6.068837670438269,0.04002515482369669,4.660991006675191,0.06966378208248308,0.5230300150949276,0.0034494838169074073
1121,-95.75,33.75,Hot-Humid,0.7924845814704895,Humid,0.8297158647776575,0.05341433805551019,0.9026881823326219,0.006410540221341973,0.8711982202626899,0.0737697479599487,0.9753301104471038,0.016756026996464123,0.8080990743484314,0.014481597943795844,4.39469490237571,0.16815654386874396,3.177221000477444,0.11714134446755776,0.4378086559604947,0.016752105003316323
1122,-95.5,33.75,Hot-Humid,0.8350301384925842,Humid,0.856132992401902,0.04810776661289442,0.9128741071454529,0.010609331322905508,0.9176503240208387,0.08566237725004366,0.9796186761301307,0.04744644757452871,0.8239618481681494,0.027015737583688526,4.177519458743251,0.31775812481998755,3.0301104130051995,0.20736345489600316,0.4186013638649181,0.03184042246659481
1123,-95.25,33.75,Hot-Humid,0.8749273419380188,Humid,0.8083501361242369,0.06632104380683307,0.9160069311999977,0.009553949034376516,0.8418204089512396,0.07540444045296922,0.9483317410902015,0.03319528071869406,0.8252015322972897,0.02422983494434099,4.106102111767891,0.2816632361663372,3.029742930009948,0.16688738560283414,0.41730436315258707,0.028625517386678744
1124,-94.5,33.75,Mixed-Humid,0.9760834574699402,Humid,0.6828241498485721,0.03519888978773898,0.9014946690835581,0.005774786891167979,0.7389405542741355,0.043840798978112265,0.852590478850358,0.023518529688056455,0.7597864169282389,0.01946092306914335,4.492270906395769,0.1811120524154892,3.1924669332028897,0.14153790093120128,0.48979754218845206,0.01974685854486565
1125,-114.25,34.0,Hot-Dry,0.06067151948809624,Arid,0.6551631331580443,0.041942686145415756,0.8450341681844877,0.012352080967264131,0.6940191040231315,0.04753756976114342,1.0010988380703527,0.03061811428001699,0.6842782161202768,0.024233748099087345,16.74577233178556,0.6489843646416474,12.125877783617405,0.4986376592468864,0.56155398511492,0.021763090350275422
1126,-114.0,34.0,Hot-Dry,0.06750895828008652,Arid,0.7354751907443087,0.025490889033984984,0.8890746948316602,0.0074267016230494635,0.7649806049266266,0.02513679910431204,1.0467704149214794,0.016491675874381884,0.7596587194581403,0.023305295272359364,14.69318313461859,0.6996247302706742,11.60244504969366,0.5214255718924726,0.48980214339704614,0.023322222919332832
1127,-113.75,34.0,Hot-Dry,0.08574796468019485,Arid,0.7604846110976704,0.019279866299985526,0.8930267848817917,0.004755134742265228,0.7900136844432415,0.02085121705020112,1.039797036405189,0.014906327896742075,0.7756554825105193,0.007871761709713545,14.173261554198257,0.24792075510269,11.42107023356732,0.23640604853467517,0.4735922463985813,0.008284144541390792
1128,-113.5,34.0,Hot-Dry,0.14556604623794556,Arid,0.8268151296096665,0.015280891191236263,0.8949184780420996,0.005516124360029124,0.864494059686155,0.019137278388777074,1.0190864242104987,0.010851019102848965,0.7969133494426514,0.007640177836110221,13.543591486458535,0.25371066234029077,10.890016678818764,0.2065059880752908,0.4505881185865757,0.008440819418066965
1129,-113.25,34.0,Hot-Dry,0.10759886354207993,Arid,0.8020664379878601,0.008693675484869462,0.883716862475065,0.0042628245287986925,0.8442964107330319,0.010021548153363797,1.0333346448401608,0.01825863341684082,0.7717170962255437,0.011190890008612857,14.045366088891722,0.3432144470650719,10.555928102319832,0.23432096476290007,0.4776755228868952,0.011672543059864185
1130,-113.0,34.0,Hot-Dry,0.12760253250598907,Arid,0.7820992094727741,0.01575876183604782,0.8919363707818798,0.006352524136927616,0.8138653465810572,0.01937906047558586,1.0289610075260893,0.015170127459310992,0.7834529865181122,0.007017872781975768,13.620603948248823,0.22206779245800778,10.343173678025648,0.30675074893643295,0.46529665185717606,0.007586110036575131
1131,-112.75,34.0,Hot-Dry,0.14518395066261292,Arid,0.8128645608549009,0.022385477142001623,0.9151013076513849,0.003032597854111684,0.8345159436547247,0.026808540402984905,0.99005516732046,0.01353625219953196,0.8290163213146405,0.004057055926699701,12.316394178516193,0.14641656425346122,9.589844590278172,0.18859547203595572,0.4134783545858487,0.004915406180912591
1132,-112.5,34.0,Mixed-Dry,0.26968351006507874,Semi-Arid,0.8116982028627687,0.025909227551295773,0.9156881080315594,0.007648519023002216,0.8338883055083397,0.0332007676906421,0.9922762628427113,0.01951660569543037,0.8287456052868969,0.00818284190355825,12.305683913048327,0.2952400793939669,9.628327624570762,0.22929324096330925,0.4137336926820481,0.00992636972788528
1133,-112.25,34.0,Mixed-Dry,0.19125927984714508,Arid,0.7968542504503083,0.024836869814932258,0.9160348007029352,0.009060696799873908,0.818669062035602,0.031221229587677028,0.9762204815720089,0.02290396435077598,0.8237871266848359,0.01355098415665829,12.540335505204594,0.4843972953515645,9.78310314536388,0.3797562745886541,0.4195268626793183,0.016205122863327513
1134,-112.0,34.0,Hot-Dry,0.25255677103996277,Semi-Arid,0.7898672194534486,0.02616702858558139,0.9057661032183069,0.008857854778380293,0.8147796831977449,0.03019582502055015,1.01140495704619,0.027264686685591837,0.8090700618949983,0.01627062428835857,12.71683608143601,0.5422783254229879,10.205573848562013,0.4928876745582265,0.43663782924576944,0.018619350705115573
1135,-111.75,34.0,Hot-Dry,0.1947356015443802,Arid,0.8109813475116635,0.0272691643288341,0.9063135436655557,0.01124410492036674,0.8391094806926276,0.029575562334388034,1.0067753787639417,0.03188269044246255,0.8135659617901945,0.02173142065168748,12.452013338646156,0.7316892976316244,9.764448130001503,0.5143639743082938,0.431184969456189,0.025336740241961093
1136,-111.5,34.0,Hot-Dry,0.4297712445259094,Semi-Arid,0.8063432193679511,0.019667449935903587,0.9000393374292608,0.015489988344000718,0.8389755973256985,0.024648105088324334,0.9686393682378822,0.016953574584905713,0.8019042501311382,0.022310656444980207,10.626718375352814,0.6013477003516907,8.244448653861772,0.4799448875669104,0.44451048081896766,0.025154082942734992
1137,-111.25,34.0,Mixed-Dry,0.2748832106590271,Semi-Arid,0.8151126319696826,0.027130564759250755,0.9058768380228741,0.013110163485403883,0.8485244309989686,0.03424029744550592,0.9601245794536636,0.019452076347412247,0.810102180862031,0.015544870913596251,10.3224967409196,0.43252430413989484,8.001073820543336,0.2563835491870952,0.4354669558259818,0.018246558635171013
1138,-111.0,34.0,Mixed-Dry,0.36357632279396057,Semi-Arid,0.8431408903247085,0.01894837251648063,0.8977477283206146,0.010898314726746329,0.8828628731361121,0.02095477054153409,0.9998102341470274,0.018338581000112673,0.8046773717666327,0.019453209051370046,10.505322789000333,0.5162570171823303,8.349301105780162,0.4834297416711932,0.44152689163800474,0.021697701313993872
1139,-110.75,34.0,Mixed-Dry,0.3051846921443939,Semi-Arid,0.8574444737935947,0.01655133803904178,0.9115489990902764,0.010159927809680735,0.8942894727111058,0.014661114404108297,1.0265142227358253,0.027050841226376417,0.8273290072849628,0.018736869540205273,11.01036438200242,0.6060329324121129,8.180680578045415,0.4705460036665516,0.4150343380016205,0.022844337224841024
1140,-110.5,34.0,Mixed-Dry,0.2705703377723694,Semi-Arid,0.8527275385413734,0.014985932866166132,0.9089752678804215,0.008825795156625318,0.8885504626575813,0.02304002716690878,0.9876107231162978,0.02554053221347239,0.8235431859501572,0.013146467491917262,11.03508022142579,0.40736877262897503,8.225040229675221,0.25020329399115543,0.4198388341546636,0.015498684843223302
1141,-110.25,34.0,Mixed-Dry,0.2774159014225006,Semi-Arid,0.9040599957609411,0.021960658354529393,0.9306917848584065,0.005654190455773847,0.9393310455760961,0.028134011749425824,1.0118659991966736,0.019568922501058343,0.8646120548438073,0.010173167076896656,10.096139092713454,0.3823994735880519,7.796992868880051,0.21169158427943843,0.367740049095297,0.013928453233452045
1142,-110.0,34.0,Mixed-Dry,0.3417450487613678,Semi-Arid,0.8833501368516323,0.04224889772440063,0.9261269638049996,0.008386822027884818,0.9264491615647262,0.03908662250035787,1.0420582930048032,0.03743047662377844,0.8502152857263837,0.025422755393132965,10.527389018974969,0.860260745341001,7.958338486169251,0.6338617235707187,0.3859906824720667,0.03154178415935777
1143,-109.75,34.0,Cold,0.6434509754180908,Sub-Humid,0.8860941348558032,0.03147824243943916,0.913088122584524,0.0056198492132677165,0.9801334747164102,0.008905145432086084,1.0638138392650187,0.04552448669622432,0.8160197088493366,0.0274411118377892,11.439651758631566,0.8275323796582861,8.540720093531869,0.7783862273358373,0.4280342255189654,0.03096354580476078
1144,-109.5,34.0,Cold,0.5531842112541199,Sub-Humid,0.8718923869875516,0.018521773935744494,0.9026850271722064,0.004846740681547296,0.930971773411067,0.03331116296197652,0.9966264272630949,0.04377534730786607,0.8101219570469553,0.008214928410704134,11.730020644857564,0.25119826220256725,8.68611678935213,0.22738780171618272,0.4356700652779568,0.009329869622989973
1145,-109.25,34.0,Cold,0.3462847173213959,Semi-Arid,0.8779284407019187,0.009785951283760332,0.9064952236021104,0.009742816088588811,0.9394578928354662,0.022011626196929927,1.028376223021112,0.04032415775417457,0.8155524167760845,0.023593871453712886,11.52974281175968,0.7232194409678459,8.41463508287121,0.6295167834416899,0.4287992800055546,0.02689704190597656
1146,-109.0,34.0,Cold,0.37547698616981506,Semi-Arid,0.8499911149965031,0.029881541774371377,0.8642368165455029,0.022171337290889666,0.9755985072733637,0.02350649074323015,1.042159040553549,0.04440203596398251,0.7260192919176067,0.05624971916007124,16.3309606120216,1.6750754553944953,12.02467640488427,1.1441193856377947,0.5212427227368911,0.05346414775606283
1147,-108.75,34.0,Cold,0.27991095185279846,Semi-Arid,0.823194858329129,0.031988209951295705,0.8392060334715274,0.022218756322421936,1.0093922783231701,0.021386544617889518,1.0663049979781616,0.034973942486824255,0.6625803120663517,0.0571581189039287,18.17022845261538,1.5221796773843235,13.49784806141479,1.0352503375190771,0.5792545773233189,0.04852605722227383
1148,-108.5,34.0,Cold,0.2616448998451233,Semi-Arid,0.8410461915264863,0.03153507903569103,0.8499738104658856,0.025274071610330587,0.9647228713695679,0.020305072207835232,1.0280827763252869,0.029155762657031736,0.7058695631631625,0.051780124105254774,16.793133067230524,1.4609852319645156,12.551435502759572,1.0349522225350916,0.5407034117806774,0.04704063835627525
1149,-108.25,34.0,Cold,0.28909140825271606,Semi-Arid,0.8130784575427652,0.023605608604737018,0.8268878498313427,0.016985043986766733,0.9353681202615579,0.022364506034293873,1.0188718304116793,0.017792911633996523,0.6704613825307211,0.028838598323023965,17.804708377964037,0.7800763884595519,12.898874376391081,0.46833188908444445,0.5736142735125905,0.025131720292838517
1150,-108.0,34.0,Cold,0.2101900279521942,Semi-Arid,0.8379739608219298,0.017904683124407905,0.8506285647308655,0.009283581357836742,0.9602420238716775,0.04416437723904807,0.9720807254496628,0.016107048246455407,0.7071289594399459,0.019849309680224192,16.30939014655857,0.5532471823930419,11.688306642463983,0.4776345852004655,0.5409266887654413,0.018349316789372763
1151,-107.75,34.0,Cold,0.21842002868652344,Semi-Arid,0.8143592341399433,0.012332792794169628,0.8471622059387691,0.015148270711653238,0.9138106364999729,0.034974309510229125,0.9515557628283393,0.018947045857724044,0.7039300142856354,0.026731868273497317,16.64541486784828,0.7569070624739177,11.57085239786817,0.6226551538404619,0.5436736502679761,0.02472214894226906
1152,-107.5,34.0,Mixed-Dry,0.24146199226379395,Semi-Arid,0.7622367673838416,0.02539202597540392,0.8266984661291685,0.009792655221171627,0.8718685200345112,0.03570014904552482,0.9042855322280406,0.02056952354432162,0.6523127243657372,0.0173525849697215,17.915860366623207,0.4492735638272642,12.577549743217517,0.21471351539949257,0.5895018654275681,0.0147828571189843
1153,-107.25,34.0,Mixed-Dry,0.2528833746910095,Semi-Arid,0.7098102968332526,0.03677805088829169,0.8114520981242024,0.011117982731037491,0.798778663680128,0.044019451730490246,0.9145086993633242,0.019170502488162572,0.6354778816455846,0.02195330925466677,18.571775726422413,0.5638395609731588,12.334348865995398,0.3438142843795808,0.6035341939959006,0.01832331275090685
1154,-107.0,34.0,Mixed-Dry,0.1741095781326294,Arid,0.7409352827036819,0.03767703266676677,0.8471594035752379,0.007686277634871627,0.7982922545946939,0.04947460896381456,0.9574221117542205,0.021954017401099188,0.7069992780988839,0.00937062265762976,16.707031563078523,0.2663394989007494,10.919912327588913,0.39999432562280707,0.5412403934571914,0.008628324824429311
1155,-106.75,34.0,Mixed-Dry,0.17573538422584534,Arid,0.7901157153962923,0.03665647728169939,0.8528125698743427,0.01313817524620344,0.8555213026242342,0.04578702041066238,0.9802295455204018,0.021852231657797535,0.723748300431913,0.02438532500152875,16.240627306570786,0.7164998150723331,11.012820916828424,0.34990722515349754,0.5251877918875352,0.02317009981587474
1156,-106.5,34.0,Mixed-Dry,0.18406814336776733,Arid,0.8436839007643794,0.030880529749455404,0.8912361502016427,0.004606751225590179,0.8946209747551002,0.04565221871222585,0.986442432975218,0.02222636896815755,0.7907187287776647,0.0067657431929835175,12.795803974728148,0.20710240286434017,9.623621352272476,0.11508440133488852,0.45742477167342993,0.007403502705288363
1157,-106.25,34.0,Mixed-Dry,0.21895618736743927,Semi-Arid,0.785070226005571,0.03464883885565929,0.868444788240236,0.011564425331381181,0.834860302557904,0.04516479101149789,0.9757722668115765,0.017730252549456316,0.7487940129981434,0.018498956461929974,14.467666209434256,0.5298026557943112,10.590420412225471,0.37114126920425483,0.5009359045423066,0.018344159228402452
1158,-106.0,34.0,Mixed-Dry,0.22102659940719604,Semi-Arid,0.745149838733701,0.031151494499301536,0.8572019081592833,0.016146088408629015,0.7935557971310195,0.04008987464819537,0.9695044086373878,0.01904392241670536,0.7255600180532793,0.02326915247800836,15.168539580984136,0.6454029020384888,10.833839385449114,0.40864468344506916,0.523491241667722,0.022273915346974954
1159,-105.75,34.0,Mixed-Dry,0.22263500094413757,Semi-Arid,0.665572211670653,0.034604406214011875,0.8070634580271354,0.006833001847765068,0.7412932050013428,0.04583778935750836,0.918615556691001,0.01951091530433287,0.6228965712134823,0.006403637115250219,18.34102304419495,0.15503135711373436,12.416161253044194,0.20243287801605758,0.6140699270402015,0.005190555288130717
1160,-105.5,34.0,Mixed-Dry,0.23363512754440308,Semi-Arid,0.732418520033866,0.03695854807921126,0.834497162365458,0.00495758348820543,0.7979467336629179,0.048102531133543694,0.9535115262376879,0.023557404304430152,0.6847685037225768,0.006685548742237705,16.667293944641276,0.1775220280638108,12.023908804724934,0.18190730289826734,0.561429328100667,0.0059797393188098765
1161,-105.25,34.0,Mixed-Dry,0.21167130768299103,Semi-Arid,0.7168886267668292,0.022776730801595858,0.8187568959246043,0.011415001224492627,0.7858825188575655,0.03711863594882167,1.0141990517033874,0.02407346416992252,0.6657041527890428,0.0156493899686779,18.52667081519214,0.4348182285841815,13.137028892684006,0.37713993863343265,0.5780558786931314,0.013566886123431859
1162,-105.0,34.0,Mixed-Dry,0.18996486067771912,Arid,0.7117440382423574,0.016888900571967513,0.8200316099685795,0.009017614336277863,0.7765095251997014,0.02562085112882043,0.9991910868135212,0.02214224120976767,0.6685361004529595,0.012784488928453472,18.36569565142067,0.35191756667339796,13.006528092814168,0.2857952259939776,0.575644478191073,0.011030314771567571
1163,-104.75,34.0,Hot-Dry,0.17237649857997894,Arid,0.6854826172339447,0.026613555207465334,0.7939607398099247,0.02206967602449384,0.7658541320171468,0.03987364568220072,0.9902661911515371,0.02384888034493686,0.6259726306542761,0.03223940061263966,19.857916503427262,0.84864083253215,14.055498523975405,0.5324248353311678,0.6111314810634114,0.026117096865965216
1164,-104.5,34.0,Hot-Dry,0.1806870847940445,Arid,0.6699046581312097,0.03175951428773182,0.8124448246182672,0.030509968318995814,0.7306547038230792,0.02716669415318486,0.9864051352199606,0.02564433265322231,0.6506240885573847,0.0451114329329165,18.928758749858996,1.2045278450043553,12.512809987246218,0.7060213260597964,0.5901252063266359,0.03755250159045259
1165,-104.25,34.0,Hot-Dry,0.19403967261314392,Arid,0.6759932758376377,0.02203982470363798,0.8082831968011683,0.024512022942308344,0.7409108161490989,0.025548374170399988,0.9855972445145248,0.01857876020953855,0.6462500318925527,0.03467125373630651,19.084259681151998,0.9187086809140121,12.848787847546973,0.31063038272373183,0.5942182692749168,0.0286054314634862
1166,-104.0,34.0,Hot-Dry,0.21604615449905396,Semi-Arid,0.6969823897267295,0.01802663716716281,0.7980151288812988,0.02312395066633663,0.7778908828008091,0.02582178809672139,0.976061367057828,0.022777404780881107,0.6316522472074191,0.031624853370496225,18.092674677340973,0.7746273389449825,12.172312965019934,0.4958067766845685,0.6064720741277283,0.025965748973222014
1167,-103.75,34.0,Mixed-Dry,0.22576682269573212,Semi-Arid,0.7219374144954844,0.024426261572665097,0.831919163842802,0.017933384352090673,0.781159685884518,0.0294407267370981,0.9924221179045045,0.028411051246993866,0.6860071082898535,0.02767253795284889,16.518462171674777,0.7303514772234261,11.388456654123509,0.47910280758237556,0.5599130277715002,0.024756136660879974
1168,-103.5,34.0,Mixed-Dry,0.23219405114650726,Semi-Arid,0.6941782383538703,0.025112959567723005,0.8178414741760667,0.015202795099300346,0.7597731373980954,0.022090264217611476,0.9533307984279988,0.022008698963224167,0.6549801223685652,0.02984412495388572,17.152742714845232,0.7332228685250941,11.54508460546874,0.35317285468038245,0.5869550713499573,0.02509038281895841
1169,-103.0,34.0,Mixed-Dry,0.25114455819129944,Semi-Arid,0.6993753345813756,0.03433397431283545,0.8091464451877206,0.018476677059766595,0.7770358853227749,0.0394607841887413,0.9429043617597153,0.022400510603398604,0.6390411615914823,0.033041986170767125,17.891244639354717,0.823742125456037,12.493642811732196,0.44683334565192884,0.6002897109540756,0.027638318761960316
1170,-102.75,34.0,Mixed-Dry,0.2457728087902069,Semi-Arid,0.676562644945629,0.02766483416484663,0.8009195190650237,0.020693377657186082,0.755767559221578,0.024148063865624958,0.9325026029920345,0.026844449367310518,0.6204939119118376,0.03822817387302762,18.116356217453568,0.9026625456767227,13.14515535272651,0.575272870077229,0.6154298079417158,0.030664303044935986
1171,-101.75,34.0,Mixed-Dry,0.28268903493881226,Semi-Arid,0.6546259632288415,0.028366460079308247,0.795215346851841,0.01862091650820687,0.7256954227513661,0.04371663141836317,0.9987632153718881,0.03426658914727964,0.6220633408646826,0.0275651824365137,17.686087215381658,0.6351734129942562,13.041052592052239,0.5922551883784513,0.6144486081743882,0.022067143218895083
1172,-101.25,34.0,Mixed-Dry,0.3017311692237854,Semi-Arid,0.6938112508793944,0.02242080080815478,0.7955293984197945,0.012191365429725985,0.775747856676656,0.0343386587045635,1.0269981705096676,0.018211731468163267,0.6279815485808591,0.018269326438204246,16.736134338195697,0.41249334838892016,12.559012635935746,0.21728779360685885,0.6097850012214316,0.015029292420120893
1173,-101.0,34.0,Hot-Dry,0.32347172498703003,Semi-Arid,0.6950513176492661,0.02112464491497678,0.7875118006292726,0.014136425136128358,0.7841469387059175,0.03392307149036393,1.0206933524264776,0.011080103407274142,0.6171979232808743,0.02233720446093666,16.90798144607643,0.49658450312793856,12.532910670680801,0.2619518423480696,0.6184966441885207,0.018165139920467956
1174,-100.5,34.0,Hot-Dry,0.33104634284973145,Semi-Arid,0.7014202756761553,0.02109414598173718,0.8162953786432968,0.010329002749254752,0.7658549582033595,0.025088014234081326,0.993126074348093,0.01931338294522472,0.6622121654616417,0.016834985837001916,15.645804592185579,0.39038970277512036,11.746009910741424,0.2868752397535513,0.5810504935975105,0.0144982080120165
1175,-100.0,34.0,Hot-Dry,0.3543927073478699,Semi-Arid,0.7391137999672754,0.018311545019009796,0.8522737158972102,0.009997045730465254,0.7856592402157792,0.019957409944454288,1.004786786621757,0.013385559309452493,0.7212040691861816,0.01591446436823962,13.341384165430128,0.3749155215050982,10.397302248301216,0.3092756962459739,0.5278445876537994,0.014833328116482398
1176,-99.75,34.0,Hot-Dry,0.37809279561042786,Semi-Arid,0.7628780309757023,0.018590144985870843,0.8505478330317716,0.004968691881835926,0.8173829093934344,0.02513135969672973,1.0065093765937063,0.01771159571839955,0.7209400843180548,0.00791571516226912,12.974673101953993,0.18366371192612227,10.149011791448975,0.12877795944719933,0.5282188831188777,0.0074772319904132115
1177,-99.5,34.0,Hot-Dry,0.3892407715320587,Semi-Arid,0.8052194256198906,0.0119662928575093,0.8783298509742525,0.004246053556026161,0.8624326156082986,0.013816239940649927,1.0629035446832495,0.015875514798297446,0.7601776774407769,0.005502066801837098,10.871761135242654,0.12505255063829768,8.362975561235302,0.1462168917374039,0.48969065843962917,0.0056326721218250995
1178,-99.25,34.0,Hot-Dry,0.41232892870903015,Semi-Arid,0.7944116931980922,0.022258389532673437,0.8898845638113861,0.005790110153799031,0.8322903239047379,0.028550593815889147,0.9612241089876573,0.016898843314412586,0.7832786960981949,0.009742612072476125,10.262405697335264,0.23049090992582374,7.763154793018626,0.174900543904363,0.4654394492524522,0.010453646575425123
1179,-99.0,34.0,Hot-Dry,0.4346483647823334,Semi-Arid,0.8393243432161416,0.017015288175161673,0.8885940771668835,0.005257691789027442,0.916060677921789,0.0467956512268755,1.067357016825709,0.018716454058122212,0.7739917950180929,0.012247655789931564,8.97717152220457,0.23978339806685198,6.996839939172721,0.14701461855841025,0.4752675913826179,0.012694563958246188
1180,-98.25,34.0,Mixed-Humid,0.4963266849517822,Semi-Arid,0.8172018701500663,0.022199031742388572,0.873625894919843,0.00786010127583049,0.8875605328632268,0.02715904376585334,1.0589928195873897,0.03668577784573017,0.7523623937320916,0.01167397089392662,8.948823111203193,0.212899064894174,6.987085373664035,0.2824962390106699,0.4975193733998526,0.011836350774545881
1181,-97.75,34.0,Mixed-Humid,0.5398727059364319,Sub-Humid,0.7848401205108985,0.023105929932126814,0.8778841505560318,0.007203369474440405,0.8288267882162987,0.03560638028091986,1.0234772266904735,0.03356689907010101,0.7642423381075385,0.01606907221385414,9.043963484980106,0.30451911852692126,6.812584798306527,0.2937052000373589,0.4853287816523963,0.016341495963576105
1182,-97.5,34.0,Mixed-Humid,0.5689585208892822,Sub-Humid,0.7592062415651994,0.029531205687742517,0.8704461631592624,0.008019232865034271,0.8004818679966293,0.03511832563039453,0.9851510081299721,0.03219180171578062,0.749798481589955,0.014640564903742345,9.302860995526284,0.268450581722828,7.002566314577949,0.2328572072751137,0.5000349511927408,0.014429396891342391
1183,-97.25,34.0,Mixed-Humid,0.6223468780517578,Sub-Humid,0.7273371897659412,0.03649418550999128,0.8656870079714146,0.008973260644356731,0.7688166371249705,0.043195141774387456,0.9574222422466174,0.026334489001582397,0.7338357534394879,0.012996898966043769,9.589531922990371,0.2331986494342453,7.157120445261491,0.27369093964839813,0.5157890900914841,0.012542981260001295
1184,-97.0,34.0,Mixed-Humid,0.6645920276641846,Humid,0.7213374177608354,0.02810565795207126,0.8568994661435632,0.00675694938080851,0.7675757385474707,0.03142658151005221,0.9509246464381075,0.026243037316696312,0.7201834079334377,0.011360213049743391,7.878853896460835,0.15936880788546823,5.867012748651254,0.13622294731299,0.5288903788979264,0.010698082525038143
1185,-96.75,34.0,Mixed-Humid,0.7175427675247192,Humid,0.7281135025766299,0.018260847340479558,0.8297350382980213,0.018374017713196623,0.7935293900824211,0.03378225406393969,0.9776560853949465,0.03328734146373229,0.6830755673237993,0.029340569803224147,8.1079023939428,0.36989406164837707,5.99625717063517,0.3238301424152649,0.562492323806091,0.025661701410479125
1186,-96.5,34.0,Mixed-Humid,0.7675466537475586,Humid,0.7413070284407022,0.03841533806872939,0.8654627130399598,0.010582546277857178,0.7913359915736509,0.03709400786356808,0.9303332224633127,0.022854694314767436,0.7331448459656179,0.024291047117292925,5.948005650145255,0.2714561254513755,4.531606318234196,0.19837974743596976,0.5161504042361627,0.02355616270819927
1187,-96.25,34.0,Mixed-Humid,0.7805567383766174,Humid,0.7604648654077752,0.036613149496711524,0.8450935598603317,0.015203348784174425,0.8246735027862974,0.04401432966830219,0.9603239080635395,0.022505509306774692,0.7087495225314259,0.026624716785277704,6.2160522012524595,0.2797870397021485,4.725904244877915,0.19740325816547735,0.5392394618916158,0.024271387666730964
1188,-96.0,34.0,Mixed-Humid,0.7902408242225647,Humid,0.7784013654974233,0.037274641659190776,0.8531244230040477,0.010342400552153028,0.8441315212482701,0.06642962354618252,0.9754808712893235,0.012892845696610944,0.7220711741395305,0.01859073736723238,6.031967662203199,0.2010296209743571,4.5268226806272365,0.08569276880607363,0.5269554873423417,0.01756204075074496
1189,-95.75,34.0,Mixed-Humid,0.8010988235473633,Humid,0.7621454185670139,0.058852248225146224,0.9093112454479912,0.007046645083420108,0.8067613616495859,0.06761025249603493,0.901705361532723,0.022955743857683873,0.7992055180459652,0.01571682803027328,4.602492818976998,0.18040049725444296,3.231157034756573,0.1366870896102915,0.4478258511544757,0.017553097725336256
1190,-95.5,34.0,Mixed-Humid,0.8278510570526123,Humid,0.7658625573290371,0.051605447738693855,0.9149259515558728,0.007256428439576104,0.8072498371950528,0.05979353711529713,0.9039073514620737,0.023034905549537334,0.8097356997874087,0.015001019986624424,4.359014169067436,0.1724811608803423,3.1258147417238433,0.12245876906740591,0.43592004068232615,0.017248853009344412
1191,-95.25,34.0,Mixed-Humid,0.9051895141601562,Humid,0.7518897828698407,0.04744252283884431,0.9175677489431762,0.004754040635517423,0.7847211543667614,0.046476150537028436,0.9117432334033196,0.029238100241093447,0.812378850877167,0.016767321384812548,4.164786871818246,0.18558708997191548,3.0158088402132543,0.1202632649410486,0.4328089381006441,0.01928640139534104
1192,-95.0,34.0,Mixed-Humid,0.9392796158790588,Humid,0.75104223719366,0.05600046755388745,0.9146997859413373,0.010994735250425117,0.7983453250739385,0.06057461232390272,0.8887285122492855,0.03765960769113293,0.804648442619363,0.02227151536188472,4.268912785496825,0.2451683737838473,3.083505691904333,0.15008567454514926,0.4414039494160302,0.025350316086980216
1193,-94.75,34.0,Mixed-Humid,0.9934123158454895,Humid,0.7087909479256516,0.0438122783244927,0.9005308342922307,0.00921093033248687,0.7475377300697175,0.048936453803877476,0.8977510096602555,0.018318764504872267,0.7730522141447177,0.019760807554922113,4.535144256565251,0.1961222487618506,3.245968534636796,0.11980784529936842,0.47603440611802456,0.0205861011103949
1194,-94.5,34.0,Mixed-Humid,1.0128703117370605,Humid,0.7173512019155014,0.031944454371542357,0.8980638994057083,0.010207892519789973,0.7554241965356006,0.033071774327253896,0.9055158370237251,0.027676651514771233,0.7740023630049834,0.01984058575062807,4.0797066078273065,0.18008707561889872,2.9264288154186024,0.14626356522064912,0.4750219938622159,0.02096849846142811
1195,-114.0,34.25,Hot-Dry,0.0781068205833435,Arid,0.7615091255376607,0.020641741722806722,0.9006992389564313,0.0072868200814261725,0.7860371857146388,0.020273739005805497,1.0327510720251045,0.012947241560220606,0.7920551038315153,0.014818661832150375,15.181835095226507,0.5425339048724304,11.824919057471972,0.5152942467098564,0.45577699532810384,0.01628752199423689
1196,-113.75,34.25,Hot-Dry,0.08875326812267303,Arid,0.7500172598076947,0.021332263921677527,0.8964157829836346,0.007624627473746602,0.7773359465579184,0.021527037139137173,1.0443295944860096,0.014322207674824377,0.7798077100542316,0.013109617586955951,16.063170408744934,0.4784380247236272,12.296625315876758,0.5291250989899081,0.46908008789283445,0.013971448037832821
1197,-113.5,34.25,Hot-Dry,0.09293355792760849,Arid,0.7559373356378332,0.016437727946520028,0.8944954889966148,0.005266522387608252,0.7852692103643656,0.0176691425984118,1.04532335835946,0.01643451765456184,0.7783031321904263,0.008810475497654398,16.119019809282072,0.32050171939094413,12.416144402722761,0.41926349436947136,0.47077252619039367,0.009360581838801028
1198,-113.25,34.25,Mixed-Dry,0.12273692339658737,Arid,0.7731543508945472,0.0208590044178867,0.8934688062803644,0.009416745710866281,0.8163975103332642,0.021776430626730747,1.0755090613643847,0.027302214894919723,0.7700102841242649,0.017885382606500147,16.469277813141204,0.6525866846615124,12.714229880078152,0.6224043581437547,0.47927152305028053,0.01899088823618563
1199,-113.0,34.25,Mixed-Dry,0.16879534721374512,Arid,0.764986553670169,0.02029265855958379,0.9069921396994827,0.0036049903624330196,0.7896401264740565,0.02253254084901797,1.043882139578218,0.019899868886584786,0.8007273377638983,0.008629040909980321,15.492647363331207,0.33541345752173535,12.131301545628869,0.3323448828430376,0.44631599616243484,0.009662673390115261
1200,-112.75,34.25,Mixed-Dry,0.29479432106018066,Semi-Arid,0.7900389890456936,0.01756754436341689,0.9260503634288083,0.009893190230893006,0.8052088832596074,0.01802246814430948,1.0185274892694962,0.01721110061650405,0.840894924807054,0.015265093001730344,12.722866240959544,0.6016584307361181,10.187371986122383,0.4481855232809946,0.3985234474459637,0.018845988589423605
1201,-112.5,34.25,Mixed-Dry,0.23404301702976227,Semi-Arid,0.8045059923350788,0.024830710109424965,0.9281878657225423,0.010254828246480477,0.8197488577345243,0.024842946515891966,1.0038403712486397,0.024266391381347906,0.8479739245053427,0.020024457924501273,12.298075539049393,0.8012716219394833,9.995277467638829,0.6167837507711977,0.38924482452780734,0.02536094618142621
1202,-112.25,34.25,Mixed-Dry,0.24278804659843445,Semi-Arid,0.8218739592517773,0.02206535703964002,0.9228675912632965,0.012217486489193774,0.842342560306918,0.02657612025413859,0.9930746720878366,0.026942246745850863,0.8425470083576609,0.018959915448647478,12.570198148679514,0.7423110921736413,10.058205890692376,0.4770115369655688,0.3962511157517371,0.02339991741017983
1203,-112.0,34.25,Mixed-Dry,0.23513063788414001,Semi-Arid,0.8579756066048743,0.011187623044121128,0.9135310658524745,0.007877065480370307,0.889794951514341,0.012580381613302135,0.9913778677516092,0.02231694614570646,0.8325857091718749,0.013538694067230031,13.016140605282095,0.5276558229844734,10.154635647986101,0.44252908408522307,0.4088942162433714,0.016575989821278593
1204,-111.75,34.25,Mixed-Dry,0.2651337683200836,Semi-Arid,0.8364194578151984,0.01625731464732059,0.9066847007025617,0.012494836116217862,0.8714826970311931,0.019653586330179662,0.9712030416063216,0.024556553068025445,0.8169252119693319,0.01892163437323884,13.586911993894574,0.7154562755673051,10.21735992964165,0.47403866092682756,0.4273986164611282,0.022505851399737146
1205,-111.5,34.25,Mixed-Dry,0.2570507824420929,Semi-Arid,0.8299037565850028,0.02212918068890053,0.8950833151492217,0.01936538205898569,0.8712926125513389,0.023642869942200107,0.9815523650644659,0.028806950083619574,0.797800521931566,0.03212700029989593,10.056105091097752,0.8107258435373993,7.619753223311068,0.4970671150501438,0.44850143779149826,0.036158304153278885
1206,-111.25,34.25,Mixed-Dry,0.27716749906539917,Semi-Arid,0.8395591748382831,0.01341634890801498,0.8984818148124587,0.014609210973939071,0.878932840340175,0.013381348932956654,0.9914798792503934,0.0258716531143454,0.8053181086109408,0.024175953551549646,10.00293735541226,0.626398154425023,7.574114311054908,0.3148197226208285,0.4405372337781164,0.027587067717144965
1207,-111.0,34.25,Mixed-Dry,0.4296446442604065,Semi-Arid,0.8929306928623946,0.01912858800920603,0.9164532883284643,0.006590080875545703,0.9548353556757248,0.029098977441801312,1.0393448664300988,0.024405390504879748,0.8329835493369122,0.011994470852461034,9.227665718613094,0.3341990020455779,7.143899674756801,0.27617511025410074,0.4084622102367022,0.014793303875224687
1208,-110.75,34.25,Mixed-Dry,0.45198488235473633,Semi-Arid,0.858654240365795,0.026429254131295994,0.8854093703904484,0.007288171951780139,0.9289014808786904,0.03872341844211998,1.026931578417694,0.021909186004416086,0.7786924161785637,0.012848050914145558,14.910287008073823,0.4386628092496068,11.298763743103686,0.4676717197580805,0.47027061201966147,0.013835429704630912
1209,-110.5,34.25,Cold,0.3257627487182617,Semi-Arid,0.8505689603668298,0.029323314356234705,0.9058138041266908,0.008338087598461202,0.8901244364492703,0.0415822405410338,0.998664266425067,0.02813300393419407,0.8173818600148237,0.014827343997676653,13.239959855410547,0.5425695567882083,9.906156778966485,0.38568331135840167,0.4270516683371032,0.01750044841115133
1210,-110.25,34.25,Cold,0.3131447434425354,Semi-Arid,0.8805713601181493,0.016280569980176067,0.904717496628126,0.006686792340283087,0.9413596736281955,0.03353161780306071,1.0135263765059324,0.03239547299614306,0.8137342071312462,0.013789522383952268,13.916148222815206,0.5137752475229459,10.400822773165554,0.40934456166455585,0.4313500945660641,0.015925168233073998
1211,-110.0,34.25,Cold,0.28771543502807617,Semi-Arid,0.8667885564527318,0.01628269306739598,0.9058380376441928,0.004750055789115576,0.9178843331165784,0.02540354858507739,0.9919034776854512,0.04674472352846222,0.8158505807000459,0.009092854505492246,13.777652317487204,0.3388322031115645,10.218317654371578,0.20238807040421958,0.42902256592320676,0.010550902130969798
1212,-109.75,34.25,Cold,0.413880318403244,Semi-Arid,0.8928849205850578,0.01942504937481628,0.9120858810870962,0.0046381940058757756,0.9906853631164679,0.02065062760016934,1.0437223490732688,0.045959747177802546,0.8173711916212906,0.014370771119712284,13.479100074400904,0.531558179173376,10.30492578176606,0.43794832340804357,0.4270853247581325,0.016842422441187582
1213,-109.5,34.25,Cold,0.2649287283420563,Semi-Arid,0.88089065141991,0.0199362978228729,0.8977639485540587,0.009393892545334542,1.0283270525756216,0.023701187678233475,1.04884523089163,0.020752101716864695,0.7819295574078257,0.027760166796318063,14.83454536988658,0.9398196179378896,10.94112287116437,0.7424973169931617,0.4662322117841651,0.029537418789982197
1214,-109.25,34.25,Cold,0.18727536499500275,Arid,0.8446981585812683,0.016788588093688234,0.861580260721699,0.009985807476213375,0.9881165402586843,0.04038611171332861,1.057934275694922,0.019426871415074997,0.7160226419091743,0.030747747979783323,16.604276621841485,0.8865552872113569,12.301770832792618,0.5876804870923362,0.5322886193357899,0.02842058708982416
1215,-109.0,34.25,Cold,0.22419579327106476,Semi-Arid,0.8130329703995995,0.00857018839627813,0.8253620128300432,0.009301100769434873,0.9772530668435013,0.04795825419027204,1.0369035414878625,0.030176647829219395,0.651301352306493,0.024248740193739036,18.931378085593742,0.6639987778391244,13.41173487329145,0.3519510082241697,0.5902167519415139,0.020701250599794982
1216,-108.75,34.25,Cold,0.19408467411994934,Arid,0.8121643959530219,0.017258627152027667,0.8311354445853197,0.008769895071530703,0.9504570793824954,0.060843575866310416,1.0237658043552051,0.03469272932221004,0.6703809053466383,0.014668261071682683,18.080561072018988,0.3989519533793062,12.796683877711596,0.3085249496550648,0.5740128552825918,0.012665732494011117
1217,-108.5,34.25,Cold,0.2204650491476059,Semi-Arid,0.8285077046731757,0.022156316794650337,0.8477067334999167,0.012946309655952589,0.9315609411018639,0.03658195502440932,1.0159910859490684,0.02410377376925768,0.7094900522155584,0.016394445563618795,17.28224812627746,0.4898240551372809,12.249251972151828,0.3226464118301263,0.538816641837696,0.015271471081305495
1218,-108.25,34.25,Cold,0.24802231788635254,Semi-Arid,0.7686135900048974,0.032557227430867766,0.8158571065330463,0.01577012086147042,0.8632137957535899,0.035110326221214114,0.9946060943407169,0.026323437668498935,0.6618175031578009,0.02378045744135637,19.53724071299986,0.6879860066937339,13.785565033345724,0.3727862047507297,0.581246370942936,0.020468057671223443
1219,-108.0,34.25,Cold,0.2733110785484314,Semi-Arid,0.8226017871554167,0.019710377592593493,0.8399340009976349,0.009324887026861026,0.9302326400403211,0.032128444261699626,1.011451342044729,0.01822878775246682,0.6957881117193623,0.01452203660361314,17.971164198403518,0.42938424958986465,12.795905849458542,0.39660981882577734,0.551428162616116,0.013175249260071457
1220,-107.75,34.25,Cold,0.24649646878242493,Semi-Arid,0.787492386064374,0.023171488444968077,0.8197770544332673,0.008388068800605258,0.901732659193415,0.03711513360034592,0.9599705866637054,0.029401779276988012,0.6575258672254478,0.012816120984862086,18.78703041300625,0.3535431997517729,13.19118963981453,0.29305360077047926,0.5851300151480626,0.0110112526183507
1221,-107.5,34.25,Mixed-Dry,0.2496941238641739,Semi-Arid,0.7215093346820316,0.03164187648400365,0.7972319441534178,0.005898740324038801,0.8175036092180029,0.03928581120081861,0.954738279978424,0.027996447281860348,0.6269339040372883,0.012214336646648567,20.41564540385975,0.33577397693674554,13.472519512240618,0.21177198567339134,0.6107252916163017,0.010044534763671436
1222,-107.25,34.25,Mixed-Dry,0.1993124634027481,Arid,0.67543411727263,0.04119962258251578,0.8079407912631087,0.0105331013905938,0.7581164527069314,0.044988229869888305,0.903749402303534,0.020446944799894777,0.6236657958022114,0.024591733825252423,20.775070558331187,0.6700523178131952,13.332402838637098,0.3354511889687278,0.6132057428899784,0.019777546755672594
1223,-107.0,34.25,Mixed-Dry,0.15484723448753357,Arid,0.7607525248068757,0.03501035320004037,0.8580239292491886,0.005958992115910335,0.8237404229774901,0.047493625215443445,0.9298645990942902,0.017442527573638043,0.7174154605008863,0.008030132011068718,15.340990017112142,0.2177328704005747,10.661045496533323,0.1964680531147622,0.5315439852389863,0.0075441413833885074
1224,-106.75,34.25,Mixed-Dry,0.15619418025016785,Arid,0.8214363380690365,0.023437570941279056,0.8576421243891037,0.008224845297645049,0.9014031475984361,0.05015445158762064,0.9953225799101645,0.01764090280701567,0.7302764372474013,0.019599582149523433,14.330689756253964,0.512634933561968,10.186508906439517,0.42356806751978177,0.5190835476443739,0.018568566097361548
1225,-106.5,34.25,Mixed-Dry,0.2359490990638733,Semi-Arid,0.8219988070179847,0.02861835925189577,0.86312423281054,0.006091741997084331,0.893220245825986,0.044304298148803115,0.9792166180237565,0.01461200091050433,0.7406174390768844,0.011534174424940325,13.809764079626987,0.3086235503238134,10.249165252002376,0.3438444939191556,0.509194427452788,0.011379585567100106
1226,-106.25,34.25,Mixed-Dry,0.24899405241012573,Semi-Arid,0.7444335269879001,0.03437235862991134,0.8298580071697319,0.012238428592274501,0.8161989639810049,0.045681522288429185,0.961896162703462,0.01894412458527108,0.6814787263149373,0.024068350427657578,15.883803353442511,0.6032242846729771,11.450007019636434,0.39357721710238036,0.5640515761517216,0.021421167271568144
1227,-106.0,34.25,Mixed-Dry,0.24285121262073517,Semi-Arid,0.6884736864782457,0.036241015792095856,0.8086948276630483,0.017926065195636165,0.7613225559585108,0.04143607752342622,0.9490608274204309,0.01966432587479518,0.6418116654297801,0.03097599697707099,17.079595971471782,0.7578371026792325,11.653716056521805,0.38202719338775865,0.5980176145777495,0.026534581798054947
1228,-105.75,34.25,Mixed-Dry,0.2744419276714325,Semi-Arid,0.6284969692645022,0.03358897611155145,0.768879346592683,0.007760081796576078,0.7182787457304631,0.03933978695827117,0.9327189080185262,0.020013753266910128,0.5722949968500999,0.018626374260151752,21.310638120177853,0.4582577436333944,15.216974960196481,0.3130048515501564,0.6538706613577192,0.014060643900576092
1229,-105.5,34.25,Mixed-Dry,0.251067578792572,Semi-Arid,0.6553591807404147,0.03980097671380213,0.7929728169843399,0.010995568775698657,0.7374049555625639,0.04305039724709263,0.9211551051449766,0.023245101471897796,0.6035213465920077,0.02390005335443216,20.312622567442748,0.6160089124420348,14.544336238194003,0.27268198667613613,0.6294339977784132,0.01908847324554685
1230,-105.25,34.25,Mixed-Dry,0.2191390097141266,Semi-Arid,0.6551830123667953,0.02720362109083429,0.7657917279858013,0.006369969471210764,0.753586447142124,0.037490188867848676,0.9510461009088764,0.021338755666910944,0.5755101875722216,0.008546702477723834,20.814610095399825,0.20932883783149556,14.341209067884673,0.1341255876811768,0.6515024704453303,0.006552044662744411
1231,-105.0,34.25,Mixed-Dry,0.19931139051914215,Arid,0.6605959065248421,0.025309215944326082,0.7783643198478376,0.01626551543581036,0.7460684235741455,0.03383751004016628,0.9778092690742207,0.02459420086439701,0.600473610024869,0.022526762217138153,20.449836228436137,0.5759951997520062,14.037212888940388,0.3546385331737727,0.6318805135041741,0.017797704516045888
1232,-104.75,34.25,Mixed-Dry,0.1813196986913681,Arid,0.6556490462204019,0.03015186832670417,0.7563311431735034,0.02333083755244005,0.7589016506186275,0.029859535323592302,0.9873364410546517,0.02482085938691302,0.5694687891936789,0.03510612821451686,21.34103493244007,0.8695720708823185,14.619353017896339,0.4303987047658606,0.6557134503141933,0.02671801553674273
1233,-104.5,34.25,Mixed-Dry,0.1860826015472412,Arid,0.6525747922834055,0.030835876515761862,0.8031348058607506,0.028631521651508673,0.7153897965937962,0.02735469918793452,0.9900545728585305,0.020998125930937087,0.6354628303975977,0.04235231211020207,19.845707116878284,1.1457535400425218,13.331045201052001,0.6530570343259616,0.6029657714155029,0.03481106332241651
1234,-104.25,34.25,Mixed-Dry,0.19798749685287476,Arid,0.6571593509938374,0.022191070242745057,0.7912713431008008,0.03003728230051079,0.7302367560424379,0.02262500089249533,0.9904021655057706,0.02151696617332933,0.6201378063973841,0.0424136913992395,20.20329101173259,1.1122413547013013,13.684899229085044,0.7417916124235167,0.6155837876003966,0.033889416603226336
1235,-104.0,34.25,Mixed-Dry,0.21542420983314514,Semi-Arid,0.7199910836161518,0.020285893491404274,0.8034702487294536,0.021688943742553778,0.8041956482323537,0.02773997666769367,0.9859326768712406,0.026951277327778994,0.6415953002850212,0.03227605826902899,17.615623337070932,0.7832509477825922,12.396379416810063,0.48695829377545274,0.598196241259036,0.026597853732494264
1236,-103.75,34.25,Mixed-Dry,0.2190474569797516,Semi-Arid,0.6764725031185577,0.028042812156913677,0.7586464736513534,0.02508887086300343,0.7890927510434393,0.03539288195427166,0.9763002229069645,0.0249600401724272,0.5690825545946927,0.03866143816439001,18.881767654676896,0.8583023540735032,13.426081154150513,0.5958350899369307,0.6559011312899454,0.029815083805789323
1237,-103.5,34.25,Mixed-Dry,0.23585419356822968,Semi-Arid,0.6918024996106645,0.026586114694807282,0.7937121398270842,0.02140464557399857,0.7731411336618818,0.029611734155451548,1.0005491262290618,0.024062873110391663,0.6271772563970461,0.03286403544974517,17.659550568529287,0.7877798428968782,12.165747323964698,0.49562585767303363,0.6101066765717315,0.027216419803827586
1238,-103.25,34.25,Mixed-Dry,0.24509942531585693,Semi-Arid,0.7040576933438389,0.025155020305155477,0.8013597327314507,0.013430420289886238,0.785292249634437,0.032958852367730135,0.966756071409461,0.022699299539531474,0.6352504350963412,0.02091644135455177,17.635302294453634,0.5114815850031438,12.471023388327158,0.21890769304246413,0.6037418910235296,0.017510494246000614
1239,-101.25,34.25,Mixed-Dry,0.3108136057853699,Semi-Arid,0.6688155048225056,0.022991028396763192,0.7822305974736402,0.016677786447030534,0.7541833389795538,0.031140758142909113,1.0293972351359069,0.022197480347147695,0.6062269701351495,0.024926825717523717,18.160389352365588,0.5776635647544148,13.085931694229227,0.3995767188908608,0.6272595542305524,0.019952490174770767
1240,-101.0,34.25,Hot-Dry,0.3177771270275116,Semi-Arid,0.6835024308002762,0.016191553184517888,0.7845457534555152,0.015824751299028147,0.769278135269967,0.021446232056981828,1.0031572565037519,0.013650734379307595,0.6142577242272104,0.024700593027710684,18.114779012002103,0.5836777288032485,12.754016874391297,0.4192515909932826,0.6208237754609589,0.020003612023532055
1241,-100.75,34.25,Hot-Dry,0.3215533494949341,Semi-Arid,0.7090626646630048,0.02369634668347349,0.8027180713398951,0.007730987393063656,0.7877245309315891,0.029672080488105504,1.0036375847284786,0.020836265918255503,0.6424320366219348,0.013110756812737046,16.39189020740785,0.30043222905265327,11.899335865782371,0.3238269234303086,0.5978895366269245,0.010958180169783513
1242,-100.5,34.25,Hot-Dry,0.32889705896377563,Semi-Arid,0.7124523364257547,0.018752052331969075,0.7944654773660925,0.009309209633367482,0.8006165213570506,0.022333982178801247,0.9911953784125611,0.022936405934606687,0.6292978414561585,0.014320244211053157,16.45619733511407,0.32001833591674694,11.904741886218442,0.21224107770688763,0.6087610703434038,0.01183837922789729
1243,-100.25,34.25,Hot-Dry,0.35010483860969543,Semi-Arid,0.708810132815095,0.020375818370626977,0.8170305808846811,0.014517849101289582,0.7759912482721711,0.023357940352871923,0.996079192972856,0.03250936335762564,0.6630189297675558,0.02124227426825931,14.893760952117256,0.4773905319254944,11.536150583278706,0.5029666069329205,0.5802622912691757,0.01859917886260411
1244,-100.0,34.25,Hot-Dry,0.3632519543170929,Semi-Arid,0.7228016019716238,0.017723006757561704,0.8476400740526786,0.009392030205852208,0.7702340413290931,0.020083092394004326,1.023131764322914,0.013963428116017279,0.7104291587314423,0.01590896932244824,14.040190224236088,0.38909976284743963,10.943682248637433,0.38518621432720906,0.5379526300331607,0.014908433392001829
1245,-98.75,34.25,Mixed-Humid,0.45947304368019104,Semi-Arid,0.8153478710204428,0.02279322810775423,0.8737526589538989,0.0025641039759489257,0.8778395897923552,0.034649542622503096,1.0487816167680797,0.01952877077556806,0.7557771328272855,0.004591698017665098,9.575744356347808,0.08981900609139429,7.553216881642621,0.1092699507299502,0.49417170973815566,0.004635254467475662
1246,-98.5,34.25,Mixed-Humid,0.4862439036369324,Semi-Arid,0.8036569364979206,0.030558233390399158,0.8750600120621133,0.00679262905176157,0.8645839744179481,0.041416695566091975,1.0594808535025317,0.022443946821695083,0.754861174478823,0.00758383291955462,9.482882149684954,0.14610281699318095,7.4100144436723046,0.14604509352431191,0.4950679572912809,0.007627514717739996
1247,-98.25,34.25,Mixed-Humid,0.5095945596694946,Sub-Humid,0.807746938481986,0.030981648804078724,0.8808720633504782,0.011510698090958641,0.885316952082046,0.0410657016366719,1.0927604200011776,0.020182201535724482,0.7541319705457182,0.018929116452048363,8.467652542331349,0.3277538128307792,6.68570186920113,0.28801944878648444,0.4955539273184966,0.019181194354626386
1248,-98.0,34.25,Mixed-Humid,0.5275967717170715,Sub-Humid,0.8118969198420946,0.022394303726652392,0.8745993443448411,0.006398952521093033,0.880184051500881,0.03549714616051563,1.059383966166854,0.037675191805959796,0.7541511387713331,0.013979896561759176,8.643444702046128,0.24743387176667686,6.7554243740565925,0.22479006640433155,0.4956690326569039,0.014189401574595329
1249,-97.75,34.25,Mixed-Humid,0.5596849918365479,Sub-Humid,0.7682692382798064,0.030903501244854574,0.8636730135159295,0.00852908005727085,0.8182498788026787,0.03758382352541163,0.975875899261983,0.03665395281133965,0.7395369150954488,0.01521768197240853,9.41147384246936,0.27410960380183347,7.055683845823575,0.2342432684857173,0.5101827620703547,0.01485909615416174
1250,-97.5,34.25,Mixed-Humid,0.603368878364563,Sub-Humid,0.7452366812865898,0.03850068671827783,0.8539059654445615,0.011567719087387669,0.8023598952844134,0.05119871730812037,0.9607577817555979,0.049257799174009534,0.7173234692842124,0.019954042133674025,9.603519962422379,0.3426137209841889,7.090963858645516,0.3094958776795668,0.5314028590336114,0.01895824776618864
1251,-97.25,34.25,Mixed-Humid,0.628356397151947,Sub-Humid,0.714811046339032,0.03554109254090927,0.8502876025606977,0.009773259970628547,0.7683487947084229,0.043881734755965664,0.9418548850064401,0.03983464000156659,0.7050991685790742,0.011809146385994654,9.77017808045568,0.1967059160607666,7.310434890911685,0.20058288636154872,0.5429596965197165,0.01093156988628863
1252,-97.0,34.25,Mixed-Humid,0.6543422341346741,Humid,0.6849443552295134,0.028134902510201166,0.8422542059549029,0.006259045092854648,0.7344485042869001,0.03282989631120843,0.9494873298398323,0.036174456496230405,0.6905915073055242,0.006320504098570931,8.426859690808044,0.08628354694195164,6.086931765011789,0.10432696072308169,0.5562216683253048,0.005695215084858575
1253,-96.75,34.25,Mixed-Humid,0.7418617010116577,Humid,0.6663413738164154,0.031566757063197705,0.8294926289769353,0.009523079533532675,0.7217680672875191,0.03747866466824396,0.9398085786728899,0.03201945332754829,0.6676369389926248,0.0077829849071225565,8.54228843037578,0.10035737194408975,6.103222858094226,0.14447605511249645,0.5764775504537185,0.006772631528406119
1254,-96.5,34.25,Mixed-Humid,0.7670125961303711,Humid,0.7330270502673853,0.025304206247111757,0.8096982685149496,0.010971549095396648,0.8192550569853795,0.04012578157130919,0.9715073966172232,0.029730533628463618,0.6511544931149058,0.015050743073752615,7.229532051835001,0.15539033602441515,5.2620962912219245,0.11695138977980199,0.5905223327492359,0.01269258688638557
1255,-96.25,34.25,Mixed-Humid,0.7807848453521729,Humid,0.7642442258835928,0.028964444590121766,0.834293804588804,0.008522461824505096,0.8451184859889466,0.04826240304187717,0.9529332548254189,0.028903236537580677,0.6888528115102552,0.014970708227125692,6.7188095559549454,0.1617867426908952,4.902432907776575,0.12804419499421596,0.5576763624689587,0.013428664915735359
1256,-96.0,34.25,Mixed-Humid,0.7900591492652893,Humid,0.760051404541664,0.034381266976222874,0.8526317559671466,0.009067107407491493,0.8245425982544953,0.05337500099277155,0.9421584899706502,0.020241161166083,0.7170645595123313,0.014916600832122403,6.245096397408981,0.16416460560892732,4.4916298329593065,0.0713917138952396,0.5317697990797092,0.013978611983776168
1257,-95.75,34.25,Mixed-Humid,0.828538179397583,Humid,0.7076668968238307,0.037991515216524545,0.8861286672122907,0.01131748439926416,0.7662874352239295,0.0412185264267398,0.8708495721438452,0.03323419014631684,0.7442928556555282,0.01460918621985539,4.888284573920187,0.14153155565885522,3.2561306476621494,0.0943585962942615,0.5055054640139348,0.01463600852897313
1258,-95.5,34.25,Mixed-Humid,0.8482619524002075,Humid,0.6901327354152889,0.020428866296381902,0.8861912765933442,0.01795953038696188,0.7358592137212414,0.022158168902618864,0.892196293964697,0.04117568525092254,0.7442741796702306,0.022710907558186652,4.811420582133433,0.21604425685980058,3.267436396178136,0.14864065228785886,0.5052860616766925,0.022688549012306904
1259,-95.25,34.25,Mixed-Humid,0.9463026523590088,Humid,0.6765547156787954,0.03202739045674998,0.8836726315242869,0.01128008175478728,0.7310976823508974,0.02008716442529181,0.8699644224340343,0.05318720334239194,0.734669257113853,0.01573344340453282,4.413125117548412,0.1314667345590951,2.9225641818972394,0.07335274170896029,0.5149199008753884,0.015339433196307402
1260,-95.0,34.25,Mixed-Humid,1.0075902938842773,Humid,0.6891347742553195,0.04087509902697346,0.896287377377716,0.010741489261176244,0.7282786061389965,0.03475185135097985,0.8954187976046203,0.0416728190063078,0.758848221637743,0.017869961495893313,4.019104594994835,0.14957951303755415,2.7606502738145453,0.12057287112145122,0.4908002199627523,0.01826617251817183
1261,-94.75,34.25,Mixed-Humid,1.0590004920959473,Humid,0.7527280846488179,0.04835350388932169,0.885786859361563,0.01197465953894635,0.8053109689655816,0.03164275388783753,0.9062020492269293,0.05421725103177971,0.7631001637569053,0.03170667110688127,3.7303215178654616,0.24966739546919717,2.71685791200722,0.16116177872423268,0.48585379524460237,0.032517800692674605
1262,-94.5,34.25,Mixed-Humid,1.1165497303009033,Humid,0.7421136475491472,0.057529705465421035,0.8916208791328444,0.014578368181065351,0.7966242584970189,0.05256999295362413,0.8887234072333966,0.0400311103582749,0.7663750991170625,0.03689613746746299,3.306613873263843,0.26307178003707765,2.3815614057313303,0.13836090228003908,0.4821284528324175,0.038357786894528595
1263,-114.25,34.5,Hot-Dry,0.08536341041326523,Arid,0.7681810735277071,0.01345358272498104,0.8569161196712578,0.0064444255698248186,0.8197834243833689,0.0168699611419989,0.9765944185730371,0.012504031077098002,0.7287774067252901,0.012586446885786046,17.466478086731684,0.4075763686109038,12.130412613934238,0.22117648483191404,0.5206769608826235,0.012149880696161049
1264,-114.0,34.5,Hot-Dry,0.11767566204071045,Arid,0.7650705850625287,0.019115471168476887,0.9028243026485052,0.005608742847563033,0.790326421147628,0.021626942279243735,1.039659226910201,0.011501347023661254,0.7946428537270005,0.008666109832894594,15.48139968325628,0.32779510164465514,11.90493591827116,0.324887632861781,0.45308224498845656,0.009593327708605532
1265,-113.75,34.5,Hot-Dry,0.17266741394996643,Arid,0.7738368508031617,0.026372614126272138,0.9027675709267937,0.002899760517720152,0.8017766027317748,0.03048290012516894,1.0440147655000849,0.018443466199880326,0.7946596853017738,0.00760577138363318,15.655835679375008,0.29094763718128863,12.169497640314495,0.29590946763689513,0.4530823287600209,0.008420070042954518
1266,-113.5,34.5,Hot-Dry,0.1534547656774521,Arid,0.7713730994557217,0.03873943286202888,0.9095798846553957,0.010421432313381893,0.7938738154885444,0.041009556177282365,1.0322876501170115,0.020379188819229056,0.80727715001658,0.020048396361749217,15.041095489739956,0.7874070784344409,11.72802765683775,0.6276836322720748,0.43852165185955017,0.022956775519210756
1267,-113.25,34.5,Mixed-Dry,0.17528007924556732,Arid,0.7920074934043291,0.031398521590488476,0.9163992454343383,0.007443801642785706,0.8280445891989991,0.03786673721607356,1.0761065739015838,0.02520358336249142,0.8093959327187011,0.013890442446292783,15.057259094791785,0.5537185099931055,11.873236586074354,0.47992060873116393,0.4363462853818662,0.016046281296059103
1268,-113.0,34.5,Mixed-Dry,0.18369029462337494,Arid,0.796570387372763,0.02080314768358186,0.9229398561283653,0.0036284305108384676,0.8258774703176689,0.025165217016463723,1.0667186894911975,0.025108675996141135,0.8252577599873993,0.007412545416942139,14.457042864994401,0.31020823154758953,11.478491489504801,0.3224310896460764,0.4179448537949038,0.008967942835257222
1269,-112.75,34.5,Mixed-Dry,0.3058650493621826,Semi-Arid,0.8169177272688192,0.02597382192964013,0.9198375274171372,0.0035890009140072195,0.8367130309814307,0.02835266572340458,1.0127300382743096,0.013906667808946347,0.8376284520388287,0.009819882294734761,12.928192427585358,0.3966132371509943,10.37066270575636,0.5173597895196286,0.40280192051087094,0.01235722430024914
1270,-112.5,34.5,Mixed-Dry,0.3576071858406067,Semi-Arid,0.8330602164147773,0.015942065029720284,0.9157297440108014,0.00880126611985756,0.857289394858293,0.01745419539573867,1.0043404676159637,0.018704591418547533,0.8339978417955317,0.01540307076328061,12.81889436442512,0.5948919747034757,10.451496988642582,0.5599453438575402,0.40708308944984123,0.018891680987970134
1271,-112.25,34.5,Mixed-Dry,0.224349245429039,Semi-Arid,0.7985491537985436,0.021814168471672075,0.9052272854842137,0.004631686355378848,0.8237462394496744,0.024934131921770544,1.0013130349804336,0.0223500403785882,0.8110595876070533,0.008856210009217758,13.712547425584955,0.3266490701520415,11.384929798423295,0.4076383404621282,0.4345741365133131,0.01035206903564416
1272,-112.0,34.5,Mixed-Dry,0.27591070532798767,Semi-Arid,0.8431783349018896,0.019910604935388078,0.9255169946772076,0.010529661924292843,0.8683426281771134,0.024564468304033735,0.97104226154792,0.027812286743777958,0.8485870017006272,0.014716697006502034,12.348206455622364,0.6008022840973835,9.593331263617744,0.47844935947401046,0.38875028870616724,0.018914654710185646
1273,-111.75,34.5,Mixed-Dry,0.21124021708965302,Semi-Arid,0.8387693136724161,0.009659847428453444,0.9112742891845345,0.007537965304790261,0.8671966066996897,0.008240628427852562,1.0055750136123547,0.023187481124367824,0.827242999938474,0.01381444209165878,13.254749258933142,0.5452438238557423,9.647364800259894,0.23265998590725365,0.4153594248594291,0.01708611431726964
1274,-111.5,34.5,Mixed-Dry,0.40933287143707275,Semi-Arid,0.8686111247496122,0.014659147336675829,0.90948459085318,0.009601545530649002,0.90931666518836,0.015053986180352918,1.0157890660616071,0.025350004097690084,0.8251603765050103,0.018371524240551964,9.335987611165947,0.4923494668502063,6.966065929271413,0.2877373284747238,0.4176738932712607,0.022026755736415698
1275,-111.25,34.5,Cold,0.46542274951934814,Semi-Arid,0.8698042267927555,0.021151303512440253,0.904954612890867,0.00995179805346425,0.9196401980351899,0.017540636087054688,1.02382598506296,0.033993947391693265,0.8150192312103031,0.019794973353325085,9.649545799396293,0.5197765840958292,7.151878657135102,0.3341068629586937,0.4295956105953483,0.02314033672256181
1276,-111.0,34.5,Cold,0.40086182951927185,Semi-Arid,0.8599110161090661,0.023172092998799416,0.9072842431176469,0.008277184164799101,0.9002253816567087,0.02863050211443651,1.0006394238590284,0.031470447979883326,0.8205419407331391,0.015485604642770124,9.54976937619197,0.41129859309677225,7.270166155741587,0.22455764583454121,0.42331093471271186,0.0182315598451912
1277,-110.75,34.5,Cold,0.3371007442474365,Semi-Arid,0.868673044265222,0.029839631072692496,0.9049044810852009,0.005468002647792802,0.9293353343667052,0.04501400717684031,1.0369355220599796,0.033787549037442126,0.811139716234311,0.014267123360827985,13.245596963169044,0.504448253135142,9.99267849749755,0.3049076383831656,0.43432867528903785,0.016541069620741033
1278,-110.5,34.5,Cold,0.25538456439971924,Semi-Arid,0.8786047528320016,0.022331603348801885,0.9141429421861101,0.004375166678774072,0.9253186624289673,0.029873171360233153,1.0328186315709276,0.021815377173271883,0.8312798798437191,0.011079796286212881,12.514126806051564,0.41410433389028284,9.571642567231985,0.2845794625684673,0.410575753325298,0.013586341378613387
1279,-110.25,34.5,Cold,0.1883363127708435,Arid,0.8471897076501842,0.01541758290238126,0.9037202939259311,0.006668317841381188,0.8859021041227969,0.026211959791220218,1.0245799546858243,0.008918693939001094,0.8140820469969192,0.011253074179006487,13.932685959753233,0.42216687918139145,10.250906652643792,0.18435579906674118,0.43102377834248295,0.013060221401777782
1280,-110.0,34.5,Cold,0.19559170305728912,Arid,0.8415083477432995,0.023713612339589272,0.9071299566112593,0.004606748666206172,0.8749226166386268,0.03333603044972031,1.0141652053747447,0.015556826669299336,0.8199161860829619,0.007796686197458119,13.754837050711036,0.2988938643779883,9.9627199002983,0.12018943670353253,0.4242827024465662,0.009219701844191276
1281,-109.75,34.5,Cold,0.19785554707050323,Arid,0.8253618945936682,0.02759655499167625,0.8914422802512633,0.005451572253402403,0.8660116601325767,0.03602399745133965,1.0130991578509665,0.013063481448080307,0.7922914582267679,0.00986592275968293,14.836519806365686,0.3543702772443107,10.752326146364839,0.17269440310088974,0.4556465603565762,0.010883118145381909
1282,-109.5,34.5,Cold,0.19733239710330963,Arid,0.8166409432033769,0.010786883302378932,0.8423983217254039,0.014368913658732914,0.9561525012614911,0.049244901676987786,1.0637969838862602,0.031174129501626287,0.6822621800616834,0.04158849904548339,18.26560875966623,1.2028783651231338,13.120909322323234,0.8867520073526318,0.5627070681804985,0.03705697232007055
1283,-109.25,34.5,Cold,0.19254085421562195,Arid,0.8050404541148313,0.015417548752475092,0.8286840889191673,0.010473517857479268,0.9257218679845145,0.04767128174986292,1.0332200897062749,0.020113179451915226,0.6717923356585404,0.026639551435921532,18.40889605388474,0.7450144147511041,13.161880128949878,0.5435690374487063,0.5725191554917741,0.023170048997723063
1284,-109.0,34.5,Cold,0.17312371730804443,Arid,0.7802303478626855,0.035426679450525855,0.8277963007510516,0.013203637788713184,0.8701576601484508,0.048969062815475035,1.0081861451998937,0.028825668608509394,0.6805944963822999,0.019536875188809602,17.914656614407807,0.5425476729732508,12.74349188653991,0.1472289103813972,0.564952485866664,0.01710965848493576
1285,-108.75,34.5,Cold,0.15208692848682404,Arid,0.7929649118397452,0.02909109972738266,0.831046476151311,0.013506325476655668,0.8931443388808809,0.047983760595150006,1.025113055599157,0.03461539783095477,0.6819414047817157,0.01555583875115438,17.7662687628167,0.4349710805330381,12.975999746021373,0.31530881039731606,0.5638316670776421,0.013804275548324156
1286,-108.5,34.5,Cold,0.19996501505374908,Arid,0.7997922215637028,0.02927332195284883,0.8391535425197147,0.008342831038531296,0.8886315770752329,0.03921963691792699,0.9764013897123591,0.028527778851005773,0.6978360284163916,0.013387623022809212,17.68306715884033,0.39089352740523386,12.616505475204448,0.21305188728872687,0.5495870220012851,0.012148911029771217
1287,-108.25,34.5,Cold,0.2484424114227295,Semi-Arid,0.7853251882627751,0.014763487498674163,0.803596468979007,0.009539934298591804,0.9196960981099522,0.026925880457284102,1.0094406352320584,0.02486572156577529,0.6304417020693763,0.014676623766025083,19.88365937162889,0.396922292207382,13.824427966082535,0.1868379853345757,0.6078161917854799,0.01213336999870817
1288,-108.0,34.5,Cold,0.24397845566272736,Semi-Arid,0.8236990032072677,0.009482652811332969,0.8392922089687991,0.004783241255962225,0.933253358861341,0.024894383878235726,1.01341260595447,0.014911574246223584,0.6941154122503287,0.009999034010650925,17.509700999549203,0.28623876185730374,12.413362851133163,0.21181382634560478,0.5530092280930639,0.009040284397152012
1289,-107.75,34.5,Cold,0.23077386617660522,Semi-Arid,0.7890830971954657,0.016980167179367397,0.8067686981604243,0.012606469210876572,0.9226335147920836,0.02693844071762277,0.9752284999329086,0.009446055233637923,0.6349062492917652,0.02057634937619461,18.727320155602605,0.5315930426596823,13.54149851614051,0.4046191955809489,0.6040352300109257,0.01714612251657839
1290,-107.5,34.5,Mixed-Dry,0.20267347991466522,Semi-Arid,0.7980363794483496,0.022285154645260503,0.8282642976743514,0.01548705882983641,0.9036411643644691,0.04114193834400938,0.9767344230281392,0.02003547867871152,0.6761966677122009,0.025421328089118136,17.664911949022233,0.6920647554145404,12.569357316440058,0.6051410383598689,0.5686881606577643,0.022279705324800357
1291,-107.25,34.5,Mixed-Dry,0.20388618111610413,Semi-Arid,0.7246619857386926,0.03569462049925974,0.7941955548339051,0.011949218608151017,0.8239972765970359,0.04381135165897266,0.9632920130599091,0.02501568396090054,0.6239923496155806,0.018153578154407452,20.2148060457802,0.4896491220721468,13.229512537889722,0.15853817269196163,0.6130507680892443,0.01484950039593457
1292,-107.0,34.5,Mixed-Dry,0.1478937864303589,Arid,0.7909641969508728,0.03406672802470815,0.86224425234299,0.009536326973549102,0.8489746996752595,0.05013863761058279,0.9841909774644926,0.0251328561826827,0.7388574391636962,0.0162440773361435,14.827194006257892,0.46497666473251664,10.461322668802062,0.38444723056124275,0.5108201929923012,0.0160191786467038
1293,-106.75,34.5,Mixed-Dry,0.12143099308013916,Arid,0.8173555998113589,0.025471679553031663,0.8814924101203919,0.009403224161873154,0.8651239105947122,0.03295052159087316,0.979544182588761,0.01886290245338055,0.7736454676835853,0.017413782280651834,13.362321215792232,0.5222459001006368,9.777911001648986,0.36886433577523187,0.4754768779571828,0.01858328699749545
1294,-106.5,34.5,Mixed-Dry,0.2130085825920105,Semi-Arid,0.838297119883622,0.015016920197144542,0.8672929219495311,0.005007764139801624,0.9150614676850217,0.035220584659421544,1.0196672392568,0.01136061105599437,0.7473758415866603,0.013489643052056534,13.70904559522236,0.36427124534091804,10.016025930501348,0.303302019866764,0.5024754190756503,0.013351574724040267
1295,-106.25,34.5,Cold,0.23377200961112976,Semi-Arid,0.7964433062200965,0.027490156207489944,0.8417041143729156,0.010691720699777425,0.8772035216468014,0.0415575753749417,0.9908870453694059,0.020832970224278276,0.7046729363273144,0.018691688221020155,14.556248424302101,0.46452458792490525,10.755624553717379,0.28774093144191243,0.543218787063289,0.017335406476874517
1296,-106.0,34.5,Cold,0.23021914064884186,Semi-Arid,0.7203739243203275,0.03261899345440591,0.8028382321239818,0.010984972723785007,0.8090122600745099,0.03387942050220885,0.9520239913794356,0.021690333755689854,0.6352236714347134,0.023216589065589512,16.901469911237463,0.5358213936222982,11.88315372557097,0.3172585917011668,0.603724496018022,0.019139666698765406
1297,-105.75,34.5,Cold,0.22973163425922394,Semi-Arid,0.6617308084428669,0.03686494117113635,0.7593655198746593,0.01842513379421456,0.7711566058032685,0.038419112836892574,0.9419849978164706,0.022936364863520797,0.5631176907027912,0.03368488978341509,21.072381780099487,0.8124257169316847,14.763058498113287,0.5129077833474647,0.6605780919801566,0.025467962547696853
1298,-105.5,34.5,Cold,0.22108955681324005,Semi-Arid,0.6568693686969932,0.040523308693214306,0.7937033596945039,0.009670996382412323,0.7381678551408006,0.04159316625925645,0.9229991658080378,0.026220719545698545,0.604279579709482,0.03030521613229169,19.76866646460411,0.7538283400019439,14.120757722908252,0.4700209474741526,0.6286975631031912,0.023973799204206295
1299,-105.25,34.5,Mixed-Dry,0.207636296749115,Semi-Arid,0.6148435022834018,0.03723319068514209,0.771588347576957,0.006901473229108054,0.6985918233141002,0.0396376372794128,0.9313033317944004,0.022955224580636337,0.5721226425303608,0.0230973242251639,21.83102689973441,0.5854495128538455,14.842234484375037,0.42867535516616634,0.6539352615787795,0.01753678753123184
1300,-105.0,34.5,Mixed-Dry,0.20824480056762695,Semi-Arid,0.6524815128317911,0.029425658968116625,0.7861554931949062,0.010069234947030683,0.7301299563888719,0.03629641455524284,0.9640549775816012,0.024376754311589557,0.6076321142350465,0.015626761442313557,19.613468108227483,0.3954253716054481,13.739533774530415,0.2188815991100707,0.6262909396075143,0.012626595468016255
1301,-104.75,34.5,Mixed-Dry,0.20873616635799408,Semi-Arid,0.6577117787436926,0.02862732678044579,0.7773391093220781,0.011297348821240345,0.7454042005811721,0.03209506289932292,0.9544882915860748,0.022979829128238802,0.5940459853815148,0.019221947973158283,20.46326042317157,0.4875603097298168,14.171468952053454,0.16349138415075745,0.6370005771359302,0.015177258768342944
1302,-104.5,34.5,Mixed-Dry,0.19409815967082977,Arid,0.6065092882842771,0.027888867438670882,0.7674455034497216,0.025488040094949063,0.6865800043927907,0.028924752672602097,0.9597034932381592,0.02033009391055111,0.5751545890051816,0.035355585302754546,21.785509996990605,0.8920309333445585,14.352912876724517,0.3917469079697974,0.6513649854691412,0.026670833779712577
1303,-104.25,34.5,Mixed-Dry,0.2116946280002594,Semi-Arid,0.65055066231187,0.026521296428119946,0.7658945628209923,0.03157092198729302,0.7435428875136593,0.02711283944947217,0.9813465717721895,0.021462844443561807,0.5826247634798418,0.046127963682297324,20.815853792411424,1.132791267842019,14.216308752670207,0.6880335318613545,0.6452818990741672,0.0351160085892903
1304,-104.0,34.5,Mixed-Dry,0.22564437985420227,Semi-Arid,0.6791515571162192,0.020925188198000808,0.7641063305787269,0.023156062395561658,0.7854431091818095,0.026857424372588937,0.9805999833016598,0.016998206069659096,0.580221041220845,0.03483201514230373,19.204553454194578,0.8021489565283866,13.410561495439032,0.46626310189513376,0.6474518441572908,0.027043212560598016
1305,-103.75,34.5,Mixed-Dry,0.23748193681240082,Semi-Arid,0.6641375120441955,0.02937421035155102,0.7578818071844506,0.02073219667777862,0.7723958129007169,0.03375006427813418,0.9623508825901472,0.022260734193287616,0.5660479200472504,0.02932682779992394,18.961177223160934,0.6365179133295481,13.047949909331308,0.4175941596673784,0.6584536514375261,0.022103983276169515
1306,-103.5,34.5,Mixed-Dry,0.2520892918109894,Semi-Arid,0.6582552808131321,0.03183059648010052,0.7601600025038184,0.01541994717143343,0.7608629558028228,0.036182802086255524,0.9637837135502835,0.02064754614140281,0.570529540953333,0.02492971323700901,18.637434838527664,0.5422425899631274,12.562187523829015,0.3010425406699653,0.6551181774992528,0.019060186145615582
1307,-101.5,34.5,Mixed-Dry,0.3009364604949951,Semi-Arid,0.6867221666122426,0.01892259801015101,0.8012587374145952,0.013730458271979117,0.7603783825629254,0.03165712904354667,1.0035454801075925,0.026165669186596227,0.6371623824307966,0.01890766423319839,17.474731550002485,0.45671237221622407,12.240320722431761,0.37943339137937593,0.6021955258695033,0.01573873374654611
1308,-101.25,34.5,Mixed-Dry,0.32696008682250977,Semi-Arid,0.6892715392410368,0.019806595254763353,0.7950412868584025,0.015533874866485315,0.7686532246211255,0.030266766288239048,0.99821088706166,0.02256958889198478,0.6289258075420021,0.02509166536956795,17.510269693808265,0.5879370011010153,12.178740628672243,0.5880063478900526,0.6088840747065454,0.020444315430944982
1309,-101.0,34.5,Mixed-Dry,0.3207012116909027,Semi-Arid,0.6913086773977751,0.01500453575542867,0.7982312009694347,0.020626607794216108,0.768666085562218,0.024322428979766813,0.9910149736597379,0.02091807216150005,0.6339184073510182,0.031840568288469914,17.46212395155927,0.741342585575457,12.276661121819066,0.5907929374632485,0.6046110330635889,0.025668349838897195
1310,-100.75,34.5,Hot-Dry,0.3318144679069519,Semi-Arid,0.7150673498582221,0.019309102307954414,0.8086898517933191,0.006774774706782092,0.7901122379319256,0.024077156698908152,1.0101937205920806,0.0168836167788038,0.6521883474930814,0.0117135223508797,16.096716888761815,0.2735661153886495,11.766493097492091,0.24563285727784442,0.5896874620486783,0.01002182677379859
1311,-100.5,34.5,Hot-Dry,0.35034456849098206,Semi-Arid,0.7223475020766864,0.020984613484493556,0.8056628607221302,0.008125218069747605,0.8033013007927641,0.023459083336974388,0.99571787915651,0.02435354353923171,0.6472923245751645,0.014802572861417963,15.95171826633804,0.3322892958421656,11.678289669020469,0.2219976142504321,0.5937889171252104,0.01236918166783255
1312,-100.25,34.5,Hot-Dry,0.34614071249961853,Semi-Arid,0.740025721202731,0.013889676402299293,0.8389487166775658,0.008101759695471424,0.8000668307234757,0.015228386067907388,1.0323029151676542,0.026188355179461918,0.6977053856514335,0.012164045915722892,13.884426633151397,0.2787025164346915,10.757761805049306,0.23962060138550592,0.5497246617429017,0.011034639789023967
1313,-100.0,34.5,Hot-Dry,0.36233213543891907,Semi-Arid,0.747982688084365,0.014847114460356583,0.8418895242745883,0.00677371273986333,0.8046904254956857,0.014497405760179938,1.0100025402062351,0.01729975965244875,0.7063682494780877,0.011986608234538568,13.651187993389016,0.27967019459546905,10.614299890214488,0.2183635093342402,0.5417870347099761,0.011099523755736132
1314,-99.5,34.5,Mixed-Humid,0.4180157780647278,Semi-Arid,0.7967138628256433,0.018631999066405742,0.8518279531400758,0.011126361186111293,0.8859203070786645,0.021729406188993574,1.0725629925709717,0.03338571129321356,0.7079063233175548,0.030208701219208482,11.872557663145617,0.6102683218983767,9.158184373320475,0.4269152896254474,0.539886637099966,0.027751030686597636
1315,-99.0,34.5,Mixed-Humid,0.43690225481987,Semi-Arid,0.8191561259519936,0.020365800242933222,0.8764405751939339,0.005006814044052104,0.9055313564644732,0.023806460276745524,1.0851366416548667,0.03747270713428864,0.7461671213611609,0.02236884365065563,9.658135337039434,0.41891946451246265,7.529109515130942,0.3475828751310918,0.5034395789764893,0.021836579368524272
1316,-98.75,34.5,Mixed-Humid,0.468853235244751,Semi-Arid,0.8196913481794981,0.02328204440945845,0.8763387000250994,0.008060847876485365,0.8836610373844509,0.03436747305049125,1.0490515480600315,0.029896628487022302,0.7595433809379287,0.009883187818720388,9.347409240475757,0.1904807755528522,7.24136945281724,0.17439194572912906,0.4902823309435903,0.009990935053277063
1317,-98.5,34.5,Mixed-Humid,0.4942723214626312,Semi-Arid,0.812553634421753,0.026393133693133845,0.8731022538209275,0.00826880867402321,0.8678804450984966,0.034111145561064767,1.0215312539085126,0.02927570552385729,0.7587068723207822,0.012522032328237544,9.132495984746821,0.23362320568451134,7.112670383884309,0.161950229053062,0.4910874353754465,0.012562767190417486
1318,-98.0,34.5,Mixed-Humid,0.5977290272712708,Sub-Humid,0.8191491194819834,0.023122621878704477,0.864226882052113,0.007721945239971593,0.8950146577481795,0.03914495874454394,1.0354130950263947,0.03792841229023101,0.7394415382104431,0.012364499266592213,8.719150673372146,0.2077629113995122,6.734689344880657,0.20245486291943768,0.5103333827512937,0.012160398799917026
1319,-97.75,34.5,Mixed-Humid,0.5985491275787354,Sub-Humid,0.7606358344677675,0.03200698770569415,0.8676237223699955,0.010147147139753065,0.8069761509335096,0.037435457046266274,0.9722636589558892,0.04123513848846841,0.743703325858611,0.018574157618110602,9.155731996816652,0.3288718255393876,6.951831160949029,0.27825053247900194,0.5059964442139103,0.018175277998845513
1320,-97.5,34.5,Mixed-Humid,0.6059008240699768,Sub-Humid,0.7422888805518321,0.03446581499976107,0.8683680382574479,0.010921820579084102,0.7873194682031678,0.04322983292050411,0.9546748355699488,0.038087052042685164,0.7390784562848767,0.014616506488588595,9.039319015645969,0.25650246009418864,6.861520879610008,0.25954239151724073,0.510640356461469,0.014490085749715097
1321,-97.25,34.5,Mixed-Humid,0.6403505206108093,Sub-Humid,0.7017819022955865,0.03469098446575966,0.8646708975019705,0.009876834746965376,0.7506965720510378,0.039918573601827524,0.9162929403236445,0.03658778493050544,0.7168215027855541,0.013518890517572777,9.408855383900127,0.22573430997375177,7.001906701806666,0.1007408454125349,0.532022705310129,0.012764122029025023
1322,-97.0,34.5,Mixed-Humid,0.706983208656311,Humid,0.7185044248410165,0.023468430226295977,0.8523682972097525,0.014930544730377627,0.7668106884002357,0.03466584395477496,0.9632860826549404,0.03571366414872406,0.7132161821281506,0.014917532392309878,7.693467022037058,0.19834421843297995,5.748571232774933,0.24205234484641866,0.5353796872834969,0.013802550311188818
1323,-96.75,34.5,Mixed-Humid,0.7343100905418396,Humid,0.7133205364995655,0.026174184871227052,0.8410327099733419,0.010400863480287946,0.7667049993808054,0.031264286499335936,0.9628590275227753,0.03138610062179937,0.6967285638627064,0.011153298231176547,7.774066288273678,0.14174088252188416,5.774858578377861,0.1415734116050991,0.5506276469214958,0.0100393340783993
1324,-96.5,34.5,Mixed-Humid,0.7383418679237366,Humid,0.7505642380677837,0.03385001316378128,0.8429307564814777,0.016620148711494993,0.8150626844116384,0.041166335561864505,0.9577445437812827,0.03354212436374728,0.703093613167549,0.02460438581432133,6.4634378171283995,0.26402618071465916,4.863021223881328,0.2734708418897286,0.5445278390512434,0.022243519579705835
1325,-96.25,34.5,Mixed-Humid,0.785316526889801,Humid,0.7561910212535883,0.02040559933658307,0.8379123372642046,0.0053756393362799125,0.8231337328671205,0.02931746916980829,0.9675785284406933,0.023978141833143053,0.6983568408846846,0.00637992783948495,6.565168928872401,0.06941665717673272,4.808779053986895,0.08719323686226932,0.5491959422195521,0.005806910203977809
1326,-96.0,34.5,Mixed-Humid,0.8049108982086182,Humid,0.7157720009746242,0.025505168072217383,0.8467739922629225,0.009476588781293744,0.768124320316881,0.030464296862811616,0.9495002114717834,0.0295147017839526,0.7043930967747467,0.014132360514790726,6.402189446408947,0.15441416861848695,4.692488404801824,0.08193783524384299,0.5435709685289274,0.013110367928524838
1327,-95.75,34.5,Mixed-Humid,0.909022867679596,Humid,0.7345475021373263,0.042262839752127725,0.8779877476800225,0.015643290601342567,0.7808092464626236,0.04205089767233168,0.9393251366007866,0.06773606029070213,0.7485913904591875,0.014710064010754153,4.671251349713609,0.13695089071760685,3.2659826031011923,0.13590567239068227,0.5012343292906755,0.014695096177774456
1328,-95.5,34.5,Mixed-Humid,0.8938762545585632,Humid,0.6792409799499415,0.044745027634692035,0.8751748436718578,0.016198848217430655,0.7137910838995524,0.0490263441486095,0.9668551291789903,0.06855480553085175,0.7300698125418538,0.018555607719651947,4.796295957762803,0.16709871422952122,3.4027774438644562,0.19662526781858247,0.5192960008251509,0.01809181393445332
1329,-95.25,34.5,Mixed-Humid,0.9295300245285034,Humid,0.7119301208645556,0.030142545556228226,0.8916927355188825,0.004163703624759954,0.7459090041196406,0.020532346628688185,0.9267482325877815,0.04611756176560047,0.7646169053018875,0.015338445121605471,3.9028191893120416,0.1259408473686787,2.7105558916462518,0.0847476600197341,0.48496100271396225,0.01564930289105363
1330,-95.0,34.5,Mixed-Humid,1.0842636823654175,Humid,0.7150449024773888,0.0380550486863564,0.8915144076637734,0.012448125411834873,0.758659593664325,0.03252666049870193,0.8993186708959277,0.03931538992543543,0.7615893380333796,0.023994028118438024,3.8045615147165237,0.1953894141527835,2.678070964583962,0.13085489984438275,0.4877588279403476,0.02504964403137369
1331,-94.75,34.5,Mixed-Humid,1.1492748260498047,Humid,0.7043149689323998,0.03843453040427981,0.9046780439366959,0.013290054998671703,0.7414998772883231,0.03279800221612799,0.8972404738437666,0.03777286600253184,0.7762848667793524,0.027983828005936802,3.7110750138858615,0.24214579702248806,2.66479457061726,0.18682850638938034,0.472181899684146,0.030809633869105797
1332,-94.5,34.5,Mixed-Humid,1.0842477083206177,Humid,0.7409413438400347,0.04962759530414521,0.899782838466779,0.007637253490527006,0.7876721204568232,0.0272358768445715,0.8984341456444964,0.06123090246361362,0.7797243898384223,0.03188344114096035,3.34681440349564,0.23636211373846344,2.3615920554775784,0.15165452227988027,0.46840173371883065,0.033079941255454215
1333,-114.25,34.75,Hot-Dry,0.07487784326076508,Arid,0.7293126125318181,0.018331368664938962,0.8801507394393588,0.0037241751961171426,0.7577607910684532,0.01892719149478131,0.9973394766053939,0.01549389248982693,0.7586030809056529,0.009960895046616463,18.637000049328854,0.3824915981451035,13.767285087606282,0.31214690583884286,0.49123884694413966,0.010081812048146054
1334,-114.0,34.75,Hot-Dry,0.10505852103233337,Arid,0.7367287224574638,0.01992618355054398,0.8849855031514007,0.006460660455257789,0.7638680781358618,0.020137935825964157,1.0151689178726975,0.008281867187982146,0.7673911614328024,0.013325360921320552,18.82766465412904,0.5449854945517639,14.728693954116306,0.4776025331815306,0.48213382593709503,0.013955843509823564
1335,-113.75,34.75,Hot-Dry,0.20107042789459229,Semi-Arid,0.7334623669454132,0.0454273054148569,0.8949551943298045,0.010631017293713147,0.757489428556022,0.04697209722997535,1.0226248225226446,0.024495756879637058,0.7776133953088142,0.02618146804831929,18.415161640910004,1.1022539244922533,14.692436996580046,0.8078357976193302,0.4709044787852016,0.02818635643408437
1336,-113.5,34.75,Hot-Dry,0.16545327007770538,Arid,0.7667353647180696,0.024108053456577072,0.8980639793028491,0.005127652609612735,0.7925401207122829,0.0264009453231772,1.0225976586162924,0.0211393730278269,0.7920062473566574,0.013699762664796122,17.62688889627188,0.5842872929855352,13.963142892636446,0.4568333566765908,0.45586301185782807,0.015110719012189236
1337,-113.25,34.75,Mixed-Dry,0.21433785557746887,Semi-Arid,0.7614582091415876,0.013008765409720607,0.9259015732550399,0.004053808423196647,0.7799861487570322,0.015029936344746688,1.0531854299512804,0.01216249072845632,0.8280208622587073,0.008914748717283013,16.500942954013915,0.4311171610876722,13.18604753654435,0.41715170603008417,0.41459048850533353,0.010831930933673854
1338,-113.0,34.75,Mixed-Dry,0.3044140934944153,Semi-Arid,0.7555371520858639,0.013868389964259938,0.9224252302156657,0.0059321262342722425,0.7730209230303581,0.01481644742617174,1.0437807082523656,0.017961044982662565,0.822679537862155,0.012267804664614738,16.633847210575617,0.5745368269102266,13.581238442767035,0.46179816864914197,0.42089355543686324,0.014537758147370298
1339,-112.75,34.75,Mixed-Dry,0.23170575499534607,Semi-Arid,0.772415646142574,0.04164905061785033,0.9223607079372582,0.01174624233304375,0.7901102652321742,0.044943745472459086,0.9972722877702109,0.041337338370479086,0.828605127854595,0.02291260625446823,15.380133746332234,1.0239358908002139,12.08128211819315,0.9269828091078295,0.41326660404402416,0.027513317850744293
1340,-112.5,34.75,Mixed-Dry,0.1974385529756546,Arid,0.787081542938499,0.02619274204786123,0.9157221499442137,0.008731658406018894,0.8065595752732776,0.02615166656902552,1.0206432781818813,0.0202143842776126,0.8244526727336436,0.019414180147732246,15.394967650502048,0.8437894179249819,12.169772221724584,0.5890031617942326,0.41848112627033685,0.022936712435165353
1341,-112.25,34.75,Mixed-Dry,0.284235417842865,Semi-Arid,0.8387312823485426,0.013556796769284627,0.9143696804179712,0.00550485021698241,0.8647665557314607,0.015643895548324002,1.013187528158649,0.01323129951110797,0.8326376378953986,0.009427594507263291,15.369295421292028,0.4337563663890428,11.996718896699836,0.3625012290495548,0.40896917634600005,0.01154203748671572
1342,-112.0,34.75,Mixed-Dry,0.17240004241466522,Arid,0.8210937020670166,0.015935531322556002,0.8953804435426841,0.011463203423572337,0.8573063958878994,0.012238504209129685,1.0144798528148111,0.02421995992824111,0.7985550242287692,0.0217230118094412,10.930588753712817,0.6022589987856739,8.449085095734649,0.4330009590971346,0.44828218417933563,0.024699674052378592
1343,-111.75,34.75,Mixed-Dry,0.2560212314128876,Semi-Arid,0.8646617168731418,0.012395800752977635,0.9017898737447491,0.012686262432104762,0.9108077485518535,0.006976992930353642,1.0174087224409927,0.02145138685508724,0.8113484669509626,0.02381407095027703,10.4053410773645,0.6464215586231224,7.754825373913024,0.4416814533577997,0.43367137504282355,0.02694140673535892
1344,-111.5,34.75,Cold,0.44837769865989685,Semi-Arid,0.8523809990500026,0.02351606278578638,0.8964734895931595,0.007050865328566099,0.9007912675016152,0.025947363916591346,1.0239319494741008,0.025557291649484965,0.8010891576700668,0.013463028063489712,15.649115906804061,0.5302110726332504,11.579343964451615,0.279968639734446,0.44578956949753207,0.015103892591736397
1345,-111.25,34.75,Cold,0.34426620602607727,Semi-Arid,0.8334225494511893,0.019913416867634627,0.8952636932379946,0.011059160906486216,0.8751335271550558,0.020889912768250373,0.9928731706657246,0.03546487489119261,0.7988686105066609,0.020778286298571064,15.805809038427359,0.8225117617334105,11.394344259901663,0.5971196050376512,0.4479917390618974,0.023312851220836883
1346,-111.0,34.75,Cold,0.2490171194076538,Semi-Arid,0.8587228115025182,0.02090608657930015,0.9029017534833594,0.008281841214328508,0.9272271879532594,0.03952176973990884,1.0645050173317105,0.012226983582539505,0.8038495430150968,0.02072344787983386,15.064365380402574,0.7758966602637999,11.467071606067062,0.4362795052139312,0.4424195505488339,0.022787010473924004
1347,-110.75,34.75,Cold,0.19808217883110046,Arid,0.8538639939256575,0.013758071111333632,0.8785200931615119,0.0038175448599313097,0.9354795900284026,0.036141176879684545,1.0352140849553715,0.019048306626968867,0.7637465620631559,0.013984343407884674,17.72891456232167,0.5188242506162534,12.988191241968698,0.44604988490145275,0.48589267020189764,0.014219308216036534
1348,-110.5,34.75,Cold,0.1938394010066986,Arid,0.8464409435737423,0.009880311043724919,0.8827098254407261,0.009457140055080231,0.9352631108710898,0.03258693441665261,1.0650524305061406,0.026403954164858176,0.7637699502236193,0.026030084501255688,17.774727772267664,0.9659545772696648,13.303279458160052,0.6601573507751594,0.4854618819717717,0.026382070824860417
1349,-110.25,34.75,Cold,0.16944260895252228,Arid,0.8386545143627947,0.016079924091489995,0.8858740417964516,0.008878925489974597,0.9098247008613219,0.03284602562499819,1.0602601839935653,0.025628374002215723,0.7733173803629374,0.012359772384344,16.441468766525073,0.44807765555520446,12.214633313334053,0.2582410428470278,0.4759705980147926,0.012971577703927463
1350,-110.0,34.75,Cold,0.14687828719615936,Arid,0.8232708707440825,0.02157455983307838,0.8997439690733227,0.011184627561827464,0.8797457581249144,0.04163398766931067,1.0686151393188632,0.03351072225650549,0.7948770456334497,0.024439866126884695,15.76347006709879,0.9387967645163535,11.519080236186397,0.6674060328563401,0.45226383154577776,0.026934667300769544
1351,-109.75,34.75,Cold,0.1658366322517395,Arid,0.8194634827502965,0.01861689947946606,0.8802461849008845,0.01061340552479839,0.8969267677629645,0.04443947497582471,1.068702677516039,0.043525435592462434,0.7581964258322855,0.031956274167651226,17.198442276805633,1.1431673989249682,12.435912101890583,0.8343435226043578,0.4908685392834089,0.0326276590772114
1352,-109.5,34.75,Cold,0.18807393312454224,Arid,0.8192424824010398,0.021402194853213798,0.8575818669107795,0.010230436301463502,0.9373796806162469,0.05172364915572992,1.0711639991625967,0.04397700177205421,0.7101143367760407,0.0413399846764382,17.883722651273125,1.2691432009261274,12.773104382171331,1.0032964597890774,0.537328954812748,0.03813229510203756
1353,-109.25,34.75,Cold,0.1809690296649933,Arid,0.8200036452639464,0.012869178624287495,0.8503293684702165,0.011090853611287378,0.9453363452515845,0.05065265878635634,1.0600165234441874,0.041665708996879755,0.6990260456918729,0.03685362929127996,18.17934951784104,1.1228920962725575,13.160190484179918,0.8828203669844386,0.547775615152299,0.03383470394150834
1354,-109.0,34.75,Cold,0.20826736092567444,Semi-Arid,0.8223982548285372,0.018584357528609395,0.8410851347403592,0.009172032328697122,0.9338168930816098,0.04263147904847208,0.9928367128162657,0.02765810216494935,0.6957720307957393,0.01724737567675268,17.794578305534877,0.5074628233209831,12.445823177561426,0.4886934795360506,0.5513893026580539,0.015724428388888052
1355,-108.75,34.75,Cold,0.2202163189649582,Semi-Arid,0.8378462992223902,0.007801927520488611,0.8465161600222937,0.010539688587535062,0.9810865613249531,0.04481685969092779,1.019795044636086,0.02061428166581956,0.6951345789594752,0.018001835131731092,16.831215660311877,0.5042384347340714,12.129012596288339,0.364328736205822,0.5519480785969758,0.01653555160976771
1356,-108.5,34.75,Cold,0.25462499260902405,Semi-Arid,0.8234233592373197,0.010039525607026709,0.8347354917504972,0.01091509312487324,0.9772244990350789,0.044423160507975096,1.0284450020279747,0.034382031882326636,0.6705387555143788,0.01710256358693996,17.66109796304615,0.4632773407945634,12.717229331837363,0.3869814071267119,0.5738292293524985,0.015052409538798951
1357,-108.25,34.75,Cold,0.26840171217918396,Semi-Arid,0.8176700993624013,0.008688525022323142,0.827658365272459,0.007117220836007822,0.9460105808143038,0.02443261691686233,0.9906487230754205,0.010158502227787844,0.67002998443232,0.014227287842337587,18.073549453010894,0.39425624803741116,13.196502515560386,0.2857475067610003,0.5743208600832846,0.012528230166119042
1358,-107.75,34.75,Cold,0.27477726340293884,Semi-Arid,0.7883258700863058,0.01858745408782235,0.8136684844144855,0.015170659693920112,0.935010025872475,0.036802685777912555,1.0665452263911295,0.023538934888337013,0.6329337651166982,0.021459660052263775,18.32069459652101,0.5436882673648207,13.048282384878139,0.48808406905802687,0.6056465998292062,0.017973278729239053
1359,-107.5,34.75,Cold,0.22932183742523193,Semi-Arid,0.7477143347516251,0.015082975379074055,0.8053940694747481,0.011313325998763607,0.8434127422720676,0.03362610991948978,0.9964805935237477,0.022903733750418022,0.6447669528936598,0.019586122279238803,18.86969959201432,0.5247190403718562,12.040161845102253,0.5213059787572845,0.5958300377639261,0.016568539637616952
1360,-107.25,34.75,Cold,0.21564634144306183,Semi-Arid,0.783899184207833,0.011819377192034844,0.8103858897431089,0.011776647370940582,0.9083073563366749,0.045841285951065916,1.010856309762716,0.025988440192292444,0.6431169333932638,0.03168112130047524,17.18473795391613,0.759205309128855,11.96517681232488,0.5991686636827149,0.5969310573954929,0.026371843968402458
1361,-107.0,34.75,Mixed-Dry,0.15276871621608734,Arid,0.7959022108049465,0.022832877489465535,0.8406025267541773,0.016230403279420484,0.8777186581847964,0.039411085103121704,0.9939943971650681,0.01670717643270539,0.7026232609403691,0.02851244836093388,14.756094800530201,0.7027693890391605,9.781789279158826,0.41955182260569274,0.5448285112787873,0.02594784088732953
1362,-106.5,34.75,Mixed-Dry,0.2073248326778412,Semi-Arid,0.8267948149807237,0.011827423705651378,0.8593224618557078,0.008501065665841788,0.9077802416750173,0.032670722651290895,1.0266309436858543,0.015667257438122667,0.7325680152152728,0.02037711231016995,14.298601846132375,0.5399345596255749,10.18000082722032,0.34129793633602307,0.5168435577010619,0.019516712313947013
1363,-106.25,34.75,Cold,0.28033363819122314,Semi-Arid,0.7561748201443514,0.03407471615917849,0.8327256515439814,0.01625629179438597,0.8259596455661982,0.037226874381296335,0.9808091157784157,0.022925393600302022,0.6905096093237753,0.028299692398092716,15.233905001302947,0.685365066282497,10.62990825714115,0.3328018265321718,0.555868744733963,0.025008231247758025
1364,-106.0,34.75,Cold,0.2060711681842804,Semi-Arid,0.7344508906611813,0.03424234844582997,0.8195075221976463,0.013688581171387073,0.8131759619988514,0.03876845211541225,0.9534228707161171,0.02376655776939009,0.6616853942939269,0.024368010254464677,15.451032229299333,0.5512238998319589,10.44804356958636,0.39767058102140335,0.5813522905787147,0.020740056200347072
1365,-105.75,34.75,Cold,0.22008992731571198,Semi-Arid,0.7100076431104378,0.025247741919266674,0.784206436509544,0.013286925514870238,0.8098035123730902,0.03570491444066928,0.9824537433768776,0.02221998304148069,0.610926192974462,0.023301182805372512,18.729577146749484,0.5667012548138092,13.454903391808887,0.44468119648726606,0.6235295196016115,0.018866147292225983
1366,-105.5,34.75,Cold,0.23813046514987946,Semi-Arid,0.7158834108196508,0.032127153269701725,0.7765314426741428,0.01125703657499069,0.8368979565813659,0.045618676138550814,0.9490361885210069,0.028371400213930417,0.5843495884331208,0.024916657276305737,17.65953065942825,0.5377745653472283,13.039972095998403,0.4607844143282122,0.644470541206924,0.01962565550923129
1367,-105.25,34.75,Mixed-Dry,0.22276122868061066,Semi-Arid,0.636586861500642,0.030499649900789672,0.7304236362445288,0.01179862363119611,0.7668204273132921,0.04070685549477577,0.9367310912768051,0.02028558112052408,0.513779661886945,0.024447605037060425,21.37141713204191,0.5397310359045736,15.489063220466027,0.5400359099122654,0.6971171877801838,0.017605560716110163
1368,-105.0,34.75,Mixed-Dry,0.2113671600818634,Semi-Arid,0.6572305911176846,0.026203341299631106,0.7685355346134649,0.014042486522206118,0.7556011259726801,0.03476543080519831,0.9427548148656862,0.020367832259100414,0.5752626738902825,0.024951101260065486,19.504734942022424,0.5805240457883796,14.119072407593634,0.2998508032158138,0.6514879402830167,0.019390389871979417
1369,-104.75,34.75,Mixed-Dry,0.19757717847824097,Arid,0.6400013557373605,0.021837974879793873,0.7701241699585708,0.014590614951225723,0.7303351476561836,0.028603917869532494,0.9425027357823064,0.018964448296010166,0.5773062165331313,0.01933044539776955,19.713907616666507,0.4524428154803368,14.093273769668269,0.25149715402750344,0.6500121111113102,0.01491806268782995
1370,-104.5,34.75,Mixed-Dry,0.194424569606781,Arid,0.6405429469732022,0.0249820827458127,0.7906667848705158,0.023868654199055397,0.7134071637083813,0.0270857943148679,0.9513830721657823,0.020812249087163157,0.6091597869718002,0.0321082111379923,20.581352587783858,0.8305500913060755,13.680214978821533,0.38266672265824936,0.6247653107344618,0.02521208864491104
1371,-104.25,34.75,Mixed-Dry,0.22204774618148804,Semi-Arid,0.6287422072027741,0.026704155259188917,0.7359547888336466,0.027209643530791403,0.7489599780579433,0.03178662110586407,0.9370175607333326,0.019185972763363514,0.5243159435651157,0.03918103960875442,22.212639709912633,0.8952635665791703,15.480205749846183,0.5281423652413315,0.689250814796609,0.0277797304048938
1372,-104.0,34.75,Mixed-Dry,0.25042524933815,Semi-Arid,0.6629480455410517,0.03261752695263249,0.760004011220366,0.019106567833876178,0.7712371392895232,0.040708088375552676,0.9514017613300172,0.02610232433988915,0.5646615268439501,0.02992663049645474,20.328722708092045,0.691138483169789,13.942296535636311,0.2805807491566198,0.659496996510873,0.02242166221501557
1373,-103.5,34.75,Mixed-Dry,0.2647034227848053,Semi-Arid,0.6688068653214706,0.025213654605343704,0.785283454258416,0.005952811719661702,0.751756054446785,0.033965299368193605,0.9665510884595591,0.022336403468844003,0.6087864558528072,0.009111074496088384,19.225326029767455,0.22367269975565454,13.526651569369458,0.23246160499426474,0.6254367962903726,0.007276502699418073
1374,-103.0,34.75,Mixed-Dry,0.2686154246330261,Semi-Arid,0.6401667179421348,0.03242753495014205,0.7734896851121236,0.02929252712501872,0.7328543717157677,0.025307417607888634,0.9221042604011981,0.02182192590557771,0.5728568263523445,0.04871242788436614,20.456953374373164,1.1733189281183922,14.697579465794337,0.7511635724812484,0.6527036093114301,0.03743614629418197
1375,-102.25,34.75,Mixed-Dry,0.28041940927505493,Semi-Arid,0.6763058296383188,0.024604973794109582,0.8104373589812608,0.010208935663709371,0.7401069070484032,0.036255185677181445,1.0154024866825861,0.02268424011875139,0.6484282820648067,0.012371221685259835,18.47441065754499,0.32666520390169934,12.992991889272355,0.4426115349403454,0.5928606949062167,0.010482984457625825
1376,-102.0,34.75,Mixed-Dry,0.2770235538482666,Semi-Arid,0.6434435593692294,0.021698585645053444,0.7842808432294569,0.011217362411158853,0.7182090631358042,0.029870664282080777,0.9849291429604138,0.025658141463406666,0.6073361116601868,0.013725817641359961,19.37622689582641,0.33762572532652996,12.851391502849259,0.2383669928732844,0.6265528984183957,0.010917521657919642
1377,-101.75,34.75,Mixed-Dry,0.28706201910972595,Semi-Arid,0.6285183801645625,0.023148759601422573,0.7726881066279075,0.013316474643955323,0.70810770046602,0.03187199565329565,0.9915001831102238,0.025707624514299376,0.5898615402266003,0.016974382171804216,19.731896339391177,0.408943523772891,13.341010915226619,0.35246671774832894,0.6403105310866414,0.013270434852666628
1378,-101.25,34.75,Mixed-Dry,0.3123067319393158,Semi-Arid,0.6769774077630577,0.013706009105903189,0.7679997433700436,0.01716069367917048,0.7766936136154634,0.01747200328357997,1.0072281412823005,0.01843784477802715,0.5883416677083148,0.027181731039747168,19.042287025001485,0.6349617743065641,12.940273960581672,0.4997863780184707,0.6413208922194854,0.021384734464347806
1379,-101.0,34.75,Mixed-Dry,0.30807948112487793,Semi-Arid,0.6570026288573099,0.011345417077130994,0.7660426671602414,0.018041838473938254,0.75185247735581,0.01733014357631358,0.9720284005391597,0.013868173629899077,0.5831875341772111,0.02674111804740813,18.71441929886776,0.5988539578232429,12.842652082397564,0.4993312848858502,0.6453458770555576,0.02065081082494577
1380,-100.75,34.75,Mixed-Dry,0.3278751075267792,Semi-Arid,0.6909843566658024,0.015648031426928485,0.811026461688655,0.0090344415268689,0.7568169435937324,0.022173187436431797,0.9962118494032678,0.02134807501558792,0.6531474670856888,0.013705603410387457,16.642192269176782,0.327946605629634,12.25074299222371,0.18272119461347952,0.5888504187696022,0.01160372942071727
1381,-100.5,34.75,Hot-Dry,0.31835657358169556,Semi-Arid,0.7111219687010303,0.009866450494184059,0.8261966268265153,0.007891170388206263,0.7706692396398891,0.012350368749721221,0.9856843687594349,0.020958447853073863,0.6777666138919296,0.011892778033764175,15.997262167494878,0.294913507146227,11.759221082667121,0.2813032068612374,0.5675788922647487,0.01046345805597181
1382,-100.25,34.75,Hot-Dry,0.3476419448852539,Semi-Arid,0.7498529935881786,0.0063522367560712506,0.8404304244003971,0.008379589029724403,0.8099570691739668,0.014251733172882931,1.005857246384815,0.0311060618780969,0.7028341646749731,0.013927241061260606,14.134480292158017,0.3309168650687455,10.744365589980957,0.17479856504276015,0.5450097115370808,0.012759783270838381
1383,-99.75,34.75,Mixed-Humid,0.37566429376602173,Semi-Arid,0.7552670210642471,0.019744905371054097,0.829832279014741,0.013280960556218548,0.8267394329773327,0.019913796440786117,0.9896416560910742,0.028813903085222286,0.68627544906901,0.021960562836687975,14.031887928959861,0.4977191306245244,10.876814270732567,0.37060573515668227,0.5598295235875214,0.019857475001838678
1384,-99.5,34.75,Mixed-Humid,0.4161287546157837,Semi-Arid,0.7676307330992488,0.014311775468955856,0.8386829956864575,0.01223102160027044,0.8425612497522431,0.025391487418599385,1.040151165850817,0.037108375672290375,0.6962146022975254,0.01905200074081412,12.411305254121652,0.3878373466465687,9.834992701632178,0.32857216117772065,0.5509521486587647,0.01721654693764626
1385,-99.25,34.75,Mixed-Humid,0.43566614389419556,Semi-Arid,0.7996973794215126,0.018635896453111794,0.8465032315759901,0.012393885445977726,0.8785248711271851,0.021968369927589063,1.0176488930311696,0.03970287622472819,0.7111821140446312,0.024477174309088273,11.83784882154226,0.5105442532955131,9.372741295978264,0.4190605318316363,0.5370183938418852,0.023160597759200048
1386,-98.75,34.75,Mixed-Humid,0.5186705589294434,Sub-Humid,0.8108347550140437,0.03012215742102809,0.8593974968801336,0.014934610631505996,0.8834463935394282,0.04127618522993188,1.033098951737626,0.025460874067055533,0.7332135350232206,0.020762431457060776,10.059898180578148,0.39174709875384045,8.073879539279927,0.23738556764374522,0.5162007412043137,0.020101609291809947
1387,-98.25,34.75,Mixed-Humid,0.54029780626297,Sub-Humid,0.8230862313626535,0.02354230625779305,0.859735874403882,0.0130796997491096,0.9108893494575131,0.03700848441564913,1.0420661877343622,0.037500189822012406,0.728622237141396,0.015110861429481284,8.81952513456272,0.24362141987806277,6.879881414483499,0.19744856190912433,0.5207803844502294,0.014385497492059586
1388,-98.0,34.75,Mixed-Humid,0.5925557613372803,Sub-Humid,0.8160909763452551,0.022957687001859323,0.862355648299275,0.007128216672412463,0.8854921436117726,0.033404490623212595,1.0168734883731585,0.034786936891287944,0.7395720055022004,0.00883387845948172,8.701819676168126,0.1467128789240313,6.655229112570302,0.17182317973137468,0.510263446148953,0.008603053381953791
1389,-97.75,34.75,Mixed-Humid,0.6138821244239807,Sub-Humid,0.7724449058317188,0.025177695640592208,0.8387821287351942,0.005727085616037008,0.8447481884861648,0.03947287831484295,0.9941169418789142,0.03329396522125225,0.7001379873738918,0.012538823026085541,9.280964542825947,0.19417462877330435,7.004650115730401,0.23738919376761553,0.5475007254200414,0.011454709219175727
1390,-97.5,34.75,Mixed-Humid,0.6004071235656738,Sub-Humid,0.7383388473078556,0.027302190778091765,0.8259634918576056,0.00693350250505522,0.815267423861704,0.03835384145232659,0.9505615168286206,0.03515358383085434,0.6728014247609593,0.010892819205474896,9.575658762768686,0.16035576853248787,7.304720402822332,0.13980344975674683,0.5719485863425197,0.00957795775687251
1391,-97.0,34.75,Mixed-Humid,0.6453651785850525,Sub-Humid,0.7333555630743451,0.02168337544288323,0.8518565946256189,0.013589995435814649,0.7852542597060047,0.030507293275525038,0.9584711917313335,0.03154839493087736,0.71517412020253,0.015743543027040927,7.89170048921541,0.21547854109054237,5.774647646629548,0.21921140297192565,0.5335317266904898,0.01456779033237422
1392,-96.75,34.75,Mixed-Humid,0.6941272616386414,Humid,0.6868505779105651,0.03061697657859226,0.8396625238789983,0.015189286567305909,0.7480157707709706,0.03330211239336958,0.9135361277612043,0.0364095563390166,0.6793494420542913,0.014002951955312119,8.225159682321769,0.1787613695680291,5.964228159626468,0.16487235454724744,0.5661531928248005,0.012304480890771654
1393,-96.5,34.75,Mixed-Humid,0.7089287042617798,Humid,0.720816236516501,0.020909402398862888,0.8543915018166436,0.012514791506970113,0.7683958916432732,0.024545791669691577,0.9514621500090457,0.024693696841430374,0.7168443432106697,0.014814971175271516,7.162811060948577,0.18625699911907653,5.129872794731005,0.18879120575656452,0.5319798583553219,0.01383325221982495
1394,-96.25,34.75,Mixed-Humid,0.7587481141090393,Humid,0.7522464550861233,0.0153763805333958,0.8454349872910116,0.011494359883452534,0.8109511031290418,0.019645451624192376,0.9686898997887916,0.026133390519305914,0.7104605881688042,0.016110232172710896,7.074760872968665,0.1966142118986079,5.062766483655399,0.20867905720985463,0.5379225082920949,0.01494936888036373
1395,-96.0,34.75,Mixed-Humid,0.7955752611160278,Humid,0.7337677947416232,0.0280438414121967,0.8434199854780694,0.009542738179996428,0.7929606071035865,0.03134637860293983,0.9465141088120698,0.02254089594761906,0.7026156928044339,0.015151835332682845,7.209047297156483,0.1846142266187304,5.05909773524963,0.17420006307113378,0.545186544374299,0.013961510877075107
1396,-95.75,34.75,Mixed-Humid,0.8347164988517761,Humid,0.6989039074922483,0.021907947642072937,0.8612167435995701,0.019964385271786782,0.7462592196774753,0.027825986236872,0.9240889472209985,0.029514189766772662,0.7172675484994653,0.02232743113630524,5.771267344421514,0.22715039648845492,3.992302119796702,0.14924417536754842,0.5313967410168752,0.020915160087208774
1397,-95.5,34.75,Mixed-Humid,0.8826830983161926,Humid,0.7658717951940333,0.02258853495997747,0.8684213872366755,0.01578137332660603,0.809948530898273,0.025329453917591026,1.0210806234616354,0.02816954253109067,0.7484625351822307,0.027326669090080028,5.219169701172415,0.28011688368898224,3.8864190806860157,0.19643776355888565,0.5009582259074093,0.026886816320232338
1398,-95.25,34.75,Mixed-Humid,0.9282010197639465,Humid,0.7205423244838746,0.03181603632033421,0.904699654278167,0.0038113820383318293,0.7529537350158565,0.028158316554149198,0.9171248829868167,0.03997137478802076,0.7842882952530295,0.012084064797287117,4.306796299451813,0.12190543235703487,3.1696528261253087,0.06832187344749911,0.4642989681710761,0.013142150805930727
1399,-95.0,34.75,Mixed-Humid,0.9642128348350525,Humid,0.7030469092855811,0.023434114492227202,0.9096393750196607,0.005991566414414918,0.7279563362335598,0.02235858834445746,0.9248798670766842,0.0216791396585355,0.7861371587884951,0.009369510360802021,4.285620151609647,0.09401494958375793,3.0784846847864946,0.04261102775059265,0.46236407355243064,0.010143020969332972
1400,-94.75,34.75,Mixed-Humid,1.0529464483261108,Humid,0.7401953415743598,0.04445395574877542,0.9000162385903385,0.0064415352250597555,0.7723677442688434,0.04509938118572566,0.9289030234991971,0.026245222781667063,0.7850085829579856,0.02011835537528251,4.1866872014153085,0.19883062820724406,2.9466726840305175,0.09698730675711958,0.4632539267399006,0.022000465963167605
1401,-94.5,34.75,Mixed-Humid,1.0640052556991577,Humid,0.7274555035789733,0.045166212763284065,0.8889644909350135,0.012103118586101354,0.766731184263005,0.04766933429142296,0.9152621636508946,0.008191889500275397,0.7652815785109057,0.029870670058208183,4.102228252668254,0.2611463946056435,2.935669635273288,0.2008458639993931,0.48369402933299604,0.030791790235082103
1402,-114.5,35.0,Hot-Dry,0.07098416984081268,Arid,0.74420771566582,0.01657035046156036,0.8790404820206167,0.011056724064796146,0.7757266080247586,0.020750641723149485,1.0099839841675444,0.0149014443727882,0.7602311126204127,0.016793069731454485,18.299121328349486,0.637579392816849,13.76150825258453,0.3746862778817598,0.489424412402065,0.017052563021461596
1403,-114.25,35.0,Hot-Dry,0.09287040680646896,Arid,0.7502409925664589,0.01906761642393807,0.8839357164741333,0.005554963703652557,0.7812881247237787,0.020064020499171845,0.9705983532205211,0.013848457866698652,0.7658081028933689,0.01372396935860479,18.208103368609038,0.5287833278646261,13.783429521000372,0.4412184879919855,0.4837705989637441,0.014049229733841009
1404,-114.0,35.0,Hot-Dry,0.14708544313907623,Arid,0.7129866976180408,0.01922538535731303,0.8795897613601167,0.009494685920100731,0.7398208100239027,0.01786603059647577,0.9949423960064632,0.012621261120823141,0.7535654709984533,0.0179770275178552,19.19080167439274,0.6898854436189825,15.784442537961931,0.5494333416067421,0.4961653108438971,0.017836525611988226
1405,-113.75,35.0,Hot-Dry,0.14431235194206238,Arid,0.7322092657586626,0.04060926285644034,0.8916435201289353,0.0064157439546601615,0.7563922088800024,0.042508700443120266,1.0099165902006428,0.02145998126179543,0.7740919011797132,0.020054810631658006,18.45737279613478,0.8120400092568407,14.921808419620476,0.7797336773562722,0.474930337958129,0.020894763317162703
1406,-113.5,35.0,Hot-Dry,0.16707585752010345,Arid,0.7299140885703101,0.02099632858589851,0.9011144765438285,0.005368306940573164,0.7506836913608457,0.021457420297224906,1.0289841232836632,0.012778723269666989,0.7858388822711031,0.012966142419263327,17.85821586123895,0.5389372559157041,14.40073079622654,0.5774689459780761,0.46260695320243544,0.013960863944285857
1407,-113.25,35.0,Mixed-Dry,0.26682931184768677,Semi-Arid,0.7899971907111877,0.01077414124038854,0.9285637942425534,0.0027807312528765836,0.8228883544032387,0.01878173053294884,1.0817663448317103,0.030582986776270284,0.8304094144658569,0.01374048451954842,16.072791145201634,0.6624006054458785,13.157373915946,0.46085874351225165,0.4115342781532275,0.016960374371057036
1408,-113.0,35.0,Mixed-Dry,0.3338660001754761,Semi-Arid,0.7808051027656899,0.016381845125096696,0.9232297521189983,0.005395884644863713,0.8095530849690731,0.013578343987308639,1.074800158896051,0.02035752565727191,0.8232597508308738,0.01574049639829122,16.2951654193956,0.7256245796046206,13.223695009066285,0.5959042410928004,0.4200718069722069,0.018705819824028934
1409,-112.75,35.0,Mixed-Dry,0.21440792083740234,Semi-Arid,0.7785595983384098,0.03219457525146876,0.9159714092265766,0.00800927902479299,0.8070146049675186,0.03493778978245638,1.065752961150754,0.01618591984323658,0.8154818404358128,0.020989176869535126,15.970568096027572,0.907398957456943,12.769386557424033,0.7073646178105064,0.42900217117708683,0.024374594600030546
1410,-112.5,35.0,Mixed-Dry,0.27346110343933105,Semi-Arid,0.8202195883458078,0.027276308562195584,0.9328952329354875,0.005591590113953242,0.8542642085604879,0.037442373936001895,1.0767226636357399,0.013289960503882467,0.8486014637148406,0.012299094469051856,14.583271123684245,0.5938604713134323,11.566107162238541,0.43521103823053775,0.38884180968078513,0.01583442962864294
1411,-112.25,35.0,Cold,0.24770857393741608,Semi-Arid,0.8248271339993518,0.02524750870199623,0.924374654056645,0.010572120015030374,0.8553630461438523,0.02619734398418025,1.0613961186982013,0.013624478687993352,0.8402574237209883,0.02089347811764979,14.941475893262743,0.9734697833601579,11.950911081977662,0.7009085430953669,0.3990011917620667,0.025995798974598243
1412,-112.0,35.0,Cold,0.31948915123939514,Semi-Arid,0.8728384392777437,0.026225913420167283,0.921149646426495,0.009994814053620014,0.9080276387535857,0.02528610417165533,1.0295290749391703,0.026940093186317363,0.8443605804802041,0.021579649844377248,9.44663456930336,0.6620278245773555,7.134204593297737,0.48522813286031274,0.39373886875683617,0.027593539775706617
1413,-111.75,35.0,Cold,0.5020872354507446,Sub-Humid,0.8814599545257378,0.017794103596027556,0.9145851106427989,0.008868575495573097,0.9241386543276127,0.01959570217349555,1.0187196787544002,0.025832597514534497,0.8340398925922186,0.016909685108243932,9.887318698365613,0.5083913116725683,7.202288642275714,0.43292460090750573,0.4069518736517634,0.020924863771977824
1414,-111.5,35.0,Cold,0.4419909417629242,Semi-Arid,0.8320812197533576,0.024169717650344348,0.8991841839152569,0.005238725212593494,0.869860711114313,0.02504519335796506,1.0150867538206738,0.031871201213923284,0.8053686300165868,0.011350475589443038,15.478694177896822,0.455771615049081,11.226285725044175,0.4134798125596238,0.4410175338002952,0.012985803022851294
1415,-111.25,35.0,Cold,0.26969021558761597,Semi-Arid,0.8309602472587398,0.023441194663070947,0.9093338734446105,0.004541849104733992,0.8664573562416733,0.03171493903797571,1.038305366085344,0.028973518382747112,0.8198425066427063,0.011302603670594484,14.912972821939096,0.4694107223176618,10.846808090663224,0.2513862440245597,0.4242815211527743,0.013354969373870512
1416,-111.0,35.0,Cold,0.16330347955226898,Arid,0.8412396397807905,0.021344905270793506,0.9061436292963331,0.009863667321484611,0.8899425570317419,0.02953367462887133,1.061100701989319,0.013169909248691028,0.8121231657391303,0.01571814053083334,15.027521206210418,0.6341197095501531,11.252553457304023,0.3571764017246201,0.43313922389033976,0.01827727374855485
1417,-110.75,35.0,Cold,0.11540306359529495,Arid,0.8128293674000137,0.01584187875335001,0.8861000209102785,0.009533757682745402,0.8937322868878811,0.0338539736500753,1.094373427210755,0.0366001144404432,0.7608355391648243,0.024964947826088584,17.908236892994232,0.9456462801032648,12.90490844636756,0.917092903942249,0.4884998908732168,0.025795286682622764
1418,-110.5,35.0,Cold,0.1197449266910553,Arid,0.7957566213802947,0.020828605607299093,0.8834241154014743,0.011196172157459022,0.8711644805519173,0.033626555185002203,1.0958551704903343,0.045836681823065745,0.7541498376003453,0.041096164391547396,18.370123983720497,1.5194614725736384,13.336270794067412,1.3610190086683307,0.494481433404097,0.040900403700396985
1419,-110.25,35.0,Cold,0.1336362361907959,Arid,0.8262468901226301,0.014452544794378469,0.8843281115983869,0.013774767163680987,0.8966877401204677,0.04130920392175916,1.0577396898760998,0.04261759916446282,0.7680800200963473,0.03679239816647773,16.52892489287982,1.3112076070164944,12.22187546121775,1.0863390785521019,0.4803730438701012,0.0381070634303308
1420,-110.0,35.0,Cold,0.14685896039009094,Arid,0.8331611020046796,0.021755139579902393,0.8914594051973836,0.008363602566747955,0.8897500608195417,0.04990451613474412,1.0269490820903286,0.0433467914767627,0.7872464557601084,0.01785309053752949,16.04675353072081,0.6776770424598908,11.808351232442023,0.4833404763242104,0.460923444106138,0.019465447375650168
1421,-109.75,35.0,Cold,0.15571896731853485,Arid,0.8245371989524604,0.018366068264814458,0.882990976320631,0.009981153235885968,0.8972525849969426,0.048711339189216316,1.0571981361298064,0.04414946835610108,0.7658888595590004,0.030446041670448742,17.026859545493636,1.1182534356547706,12.28348024906622,0.9801624437837939,0.48301768287797353,0.031722595814990075
1422,-109.5,35.0,Cold,0.1999049186706543,Arid,0.8206430858285954,0.028104950876749406,0.8771785754899666,0.013107708450893313,1.0175085739765637,0.045075974535261576,1.122400493371671,0.0288174342241673,0.7081308172578454,0.04785094741976032,17.447850352915754,1.457230465476064,12.889064174626947,0.9529879702830284,0.5387480715884013,0.044995806775927696
1423,-109.25,35.0,Cold,0.2074114829301834,Semi-Arid,0.8353884622817018,0.01917945373427502,0.8736885997323547,0.008933138293964632,0.995295331828982,0.045790363147649865,1.0943865511030872,0.03091253959828305,0.7223029807511726,0.03749082171738546,16.997104377557083,1.1594479440298535,12.605005246570661,0.910993289497924,0.5259915466909743,0.035880218409036116
1424,-109.0,35.0,Cold,0.19946910440921783,Arid,0.8460168965545032,0.012579263685252659,0.872266259703234,0.006634222441709871,0.9285032685264373,0.0375529240952107,1.0272030779771961,0.02515700601109611,0.7532610366486611,0.014461713891205727,15.891746650921082,0.4734790410508108,11.368318146919837,0.3810182209010493,0.4965519779114544,0.014794280295160103
1425,-108.75,35.0,Cold,0.23997868597507477,Semi-Arid,0.8580346378279149,0.013298354009488476,0.8734948526069177,0.007073862406344288,0.9491661087054324,0.0365888303154395,1.0223828740961505,0.010953625637566784,0.7546087003874136,0.014540534556162945,15.562608078690781,0.46378135405362053,11.40555939710207,0.3364393301845113,0.49519397997986647,0.01475727804703441
1426,-108.5,35.0,Cold,0.25114864110946655,Semi-Arid,0.85193737449152,0.01208178224310373,0.8568283987041927,0.010984977489729148,0.9806700834128105,0.028175712232224603,1.0196030207374842,0.008035292083853162,0.7171173569447846,0.019372183199495845,16.145772503468674,0.5534592503385638,11.897405543131361,0.24390858602144955,0.5316173186131137,0.018223254574124652
1427,-108.25,35.0,Cold,0.26264142990112305,Semi-Arid,0.8194012600080441,0.015403164936048151,0.8354247930009807,0.009829265467855753,0.933952173866361,0.022762617597335312,0.9776726417779372,0.02145008397937883,0.6852504981695995,0.018426445154733826,17.088192374592968,0.5030701187846871,12.253503195653177,0.23507504080178304,0.5608310087131947,0.016510659289567076
1428,-108.0,35.0,Cold,0.23240794241428375,Semi-Arid,0.7296505286660413,0.03561313953878645,0.8167117405725597,0.009526763516379815,0.8072335517503898,0.04196925821667443,0.9624225306729489,0.02387925654146523,0.6607754104185399,0.017964663571626367,18.714921905528364,0.4960600676340876,12.905416314807335,0.1490171833067474,0.582266289766569,0.01543362331623361
1429,-107.75,35.0,Cold,0.20402494072914124,Semi-Arid,0.8164844186742666,0.008528811693352649,0.8310221377471361,0.009876927708599187,0.9335761680249679,0.025112048332636284,1.0023357516252183,0.01510492606135782,0.6787534615711509,0.02242911135247123,16.31220394717655,0.5687596177776792,11.609560597323545,0.4397785098177686,0.566510729192609,0.0197525991488301
1430,-107.5,35.0,Cold,0.16936999559402466,Arid,0.8341431755177687,0.003339947186843758,0.8535216413529121,0.00575735492079096,0.9411374967489013,0.03936597644200016,1.0336275792023633,0.01579678415151989,0.7150847592396443,0.02083689137741358,14.996264527418697,0.5431825546480619,10.570226115836112,0.35208092456422946,0.5334946232548476,0.01932381039429788
1431,-107.25,35.0,Cold,0.16804443299770355,Arid,0.809344699599659,0.012745059939314204,0.8220729912081207,0.01073537378179401,0.9525602936118082,0.04393660125023865,1.0195874538115866,0.0262354655633225,0.6541020999355105,0.03037878653134434,16.569258527683193,0.7271572265550811,11.406215559700916,0.46913816003951386,0.587678285777723,0.025790804801482374
1432,-107.0,35.0,Mixed-Dry,0.15673725306987762,Arid,0.7635624785005944,0.021934269467693175,0.8088422056600931,0.010034832756116878,0.8676740047712823,0.03778368972571504,1.0174172711131744,0.029793341728112988,0.6469088640604529,0.018344907667537994,16.756027202419773,0.4349857872775684,10.583670100678734,0.33030334607027473,0.5940546056684071,0.015421633494079058
1433,-106.75,35.0,Mixed-Dry,0.14849676191806793,Arid,0.7791235659668744,0.015885652582603542,0.8228969009077296,0.008294727246044823,0.8809653577294861,0.03519257896116602,1.044031385377397,0.024210264340303295,0.6661821460011905,0.01707012099179419,15.857570165709694,0.40400261576496044,10.749487393138583,0.2852807886235506,0.5776197759994586,0.014715993559086794
1434,-106.5,35.0,Mixed-Dry,0.17899902164936066,Arid,0.767666308549668,0.026901357956902,0.8390617254804962,0.01602569542224335,0.8377774670338308,0.042029140664625375,1.011807761116649,0.02698545297926142,0.7005318368597162,0.026416426848587853,14.859679978905984,0.6444447782005535,10.300245129089893,0.25756103807493913,0.5468256011688677,0.023715107173229947
1435,-106.25,35.0,Mixed-Dry,0.32304638624191284,Semi-Arid,0.6998468076179307,0.03647894735703281,0.8229581010506557,0.014742326479785359,0.765352024912424,0.0362036277887543,0.9494699354960521,0.0349514856305133,0.663399467634262,0.031646596060409475,16.22973697846387,0.7533875946735851,10.838066893815133,0.300518797508438,0.5796734219484427,0.026908554688067323
1436,-106.0,35.0,Cold,0.22387263178825378,Semi-Arid,0.712805490974873,0.03514095955200689,0.8246961239526278,0.012075276941114634,0.7789569379033203,0.03852204771877305,0.9555336703865471,0.02729579954520187,0.6687339138796583,0.022948228949887114,15.6324339811014,0.5403517076518727,10.36833882097702,0.2206238887285396,0.5752823200277611,0.01988524527816554
1437,-105.75,35.0,Cold,0.24806131422519684,Semi-Arid,0.6979549208090217,0.028174321225762997,0.7979960915955967,0.010666979527942318,0.7852784872175709,0.03349623640286342,0.9420698674751253,0.027632195981467652,0.6202429368221558,0.024613969646256454,17.12607494638047,0.5579785177841586,12.898623708831849,0.35692640597930503,0.6159828306375894,0.020069116122389322
1438,-105.5,35.0,Cold,0.2696404755115509,Semi-Arid,0.6944157164166207,0.02110366388313879,0.7826454100201525,0.007573388258739589,0.7896992089130905,0.032355985895407766,0.9683842124714411,0.021955486560240645,0.60607670421877,0.01360887152683554,17.50368790879952,0.3024089279224773,13.306500676254213,0.4195589974514826,0.6275581665786433,0.010842240409727387
1439,-105.25,35.0,Mixed-Dry,0.24818108975887299,Semi-Arid,0.6399483053425965,0.022385684636970226,0.7383120233831478,0.011904205234829487,0.7566771924118691,0.03228872459356919,0.9687170430565513,0.023062178533277536,0.5383823750465779,0.020003519962128312,20.55795221252783,0.45185666085831366,14.964085138399714,0.40570893342214215,0.6792932253413836,0.014930629538061797
1440,-105.0,35.0,Mixed-Dry,0.23022416234016418,Semi-Arid,0.6544100983334378,0.018826963062992447,0.7665109406700392,0.017333741628718816,0.7513269179649479,0.029983421433810033,0.9548297393071167,0.021230209313520078,0.5773390800009116,0.024080206787577933,20.151278759070284,0.5799403858105227,14.50922554909415,0.3618714624164135,0.6499084937814695,0.01870393373698487
1441,-104.75,35.0,Mixed-Dry,0.2247021347284317,Semi-Arid,0.6612056147492248,0.019913697065140585,0.7574729557314894,0.022261251738501166,0.7716932168684005,0.03117102574059396,0.947854917184302,0.018119696291902142,0.5607302820238503,0.03407799474994136,19.62877487238987,0.7620763367240088,14.270263556842261,0.5143687817572175,0.6623750098769098,0.025716343701845414
1442,-104.5,35.0,Mixed-Dry,0.22253075242042542,Semi-Arid,0.6300435760765022,0.035172523729167605,0.7574276110456792,0.027640758648264836,0.7361339293355897,0.033028556452350116,0.9128289408028418,0.019623403955081577,0.5438507464202812,0.04550778018504991,21.323556774081172,1.0599632788279534,14.613886691066165,0.6597803082261589,0.6747216746456974,0.033539442135799964
1443,-104.25,35.0,Mixed-Dry,0.23201945424079895,Semi-Arid,0.6341133256389666,0.035839052510330864,0.7850603301464723,0.027788801993498535,0.7132083376499007,0.03594683738141743,0.933432902103877,0.021488273636179986,0.5930888403161877,0.044557925322239025,20.40170076945698,1.1050064689297494,13.72948749825735,0.6134810853724879,0.6371486739676773,0.03450954478551714
1444,-104.0,35.0,Mixed-Dry,0.22788897156715393,Semi-Arid,0.6545106094901809,0.03359425735883976,0.8029673840889545,0.02124079888649824,0.7273307888669192,0.04280079919123095,0.9301382463473953,0.022031206325932706,0.6173970300952227,0.03129480345967233,19.65754420736266,0.7998847164505678,13.251108638563887,0.4423095178913629,0.6181398245261785,0.02515271455336396
1445,-103.75,35.0,Mixed-Dry,0.2401357889175415,Semi-Arid,0.6484564897339418,0.04220601543017753,0.8020839910525022,0.0171969926094589,0.7181629917188763,0.04980635353251847,0.9398231047685496,0.02652088142167512,0.6192905329293931,0.030142461819057546,20.24243000430937,0.7968321389046109,14.027349494669878,0.37920432738110127,0.6166344992527417,0.024273478374747085
1446,-103.5,35.0,Mixed-Dry,0.2622586190700531,Semi-Arid,0.6456582316370781,0.030284783836865607,0.7860348519813158,0.01938517780559452,0.7218104829311973,0.04273486114025758,0.9785258054179564,0.033513943468264785,0.6067342087692609,0.028362234752753776,20.041530193972804,0.7205719168840745,14.132800468990643,0.5091046184481717,0.6267850637662274,0.022535390786086937
1447,-103.25,35.0,Mixed-Dry,0.26358509063720703,Semi-Arid,0.6871489996580824,0.034838847490826094,0.8065313112907289,0.010186021627594235,0.7586589204490612,0.03577991259239483,0.9594957760213545,0.023003710443813396,0.6403974759857912,0.024027748340826847,18.940720413137836,0.6280512005263552,13.412911228585159,0.37533508456231046,0.5994051169668853,0.01987554301533172
1448,-103.0,35.0,Mixed-Dry,0.25860628485679626,Semi-Arid,0.6521675083132197,0.024905505509923393,0.7958611200404679,0.020956115604311553,0.7262257823588008,0.03340719441732319,0.9487502646787004,0.03514203633231235,0.6144051003769604,0.024753656231461085,19.46238830751208,0.6344866994423858,13.902580595512456,0.5830471562292909,0.6206990647643185,0.02023519902730948
1449,-102.75,35.0,Mixed-Dry,0.26691174507141113,Semi-Arid,0.609768357881176,0.03198219333464827,0.8136692154892025,0.01674708977842976,0.6609963351169026,0.03104214734342652,0.9592061000964118,0.03156284982053498,0.6310575040731636,0.028172337425723996,20.0279427647123,0.7594273453877227,14.432309929993163,0.609088785319448,0.6070573365115535,0.02301863686056587
1450,-101.75,35.0,Mixed-Dry,0.29516106843948364,Semi-Arid,0.641232049623045,0.01611516199412999,0.7647339275764455,0.01618729891926709,0.7312667661494225,0.02888665631914854,0.9919302749205496,0.022699962957701127,0.5809468246226948,0.02166163668882471,19.515639685927475,0.4971156964218612,13.04217658071551,0.33487507863471927,0.6471752186043384,0.016485288962137176
1451,-101.5,35.0,Mixed-Dry,0.31873825192451477,Semi-Arid,0.6658086505751102,0.008920767247044022,0.7767083496768306,0.017380815061562253,0.7544246896611879,0.025917128653150948,1.0153616536765921,0.02660158156620993,0.5991594920290811,0.02740899451875135,18.987157686069402,0.6515182988947017,13.072432663975912,0.7244237403049123,0.6328216933027,0.021714409283424958
1452,-101.25,35.0,Mixed-Dry,0.32868918776512146,Semi-Arid,0.6751720682814721,0.01275520036963739,0.7737452499140032,0.013747289090251313,0.7685503574084335,0.02102222195846726,0.996238038406322,0.021339592537040274,0.5968630417985512,0.0200629339068232,18.538255426425938,0.4609645093063947,12.696542531855693,0.42821252248955954,0.6347736998616507,0.015784017446443362
1453,-101.0,35.0,Mixed-Dry,0.3301807940006256,Semi-Arid,0.6592775227868728,0.017020158441576182,0.7630718969358329,0.01142826367199137,0.7579833869477335,0.023127059371077122,0.970814477352293,0.017044812161190137,0.578531392810673,0.0184702230048349,18.982880797977167,0.4170615271702164,12.90851304063521,0.2701367399163773,0.6490808240711471,0.01426056680358341
1454,-100.75,35.0,Mixed-Dry,0.32255199551582336,Semi-Arid,0.68505015874641,0.024876169372822124,0.8040999301955439,0.013865256686675301,0.7576774058250142,0.022315760606767134,0.9606067357721321,0.02468209048644474,0.6384519335720333,0.027164806786031146,17.57483988518967,0.6619908589819766,12.717569719435701,0.29024758077965435,0.6009477182936909,0.022635875992915572
1455,-100.5,35.0,Hot-Dry,0.3326718509197235,Semi-Arid,0.6890764338907488,0.01735723799757428,0.811347215532269,0.0170897793463334,0.757633830314247,0.012498987276493383,0.9579884042557515,0.023969962073198573,0.6488103303608513,0.030273451654317267,16.854274898973237,0.7321308306203625,12.17200065929504,0.4158301096302938,0.5921657966029967,0.02572301918241128
1456,-100.0,35.0,Hot-Dry,0.3555288314819336,Semi-Arid,0.7457881211358126,0.016818132154190427,0.8632777888189759,0.007406233388557845,0.7893323037481049,0.017607070503274,0.9664780206093573,0.021228096200511273,0.7352413561516171,0.013272691060059225,12.992065058378063,0.3292800583422789,10.010640557811552,0.14112558879901588,0.5144148702097024,0.013037693216103182
1457,-99.0,35.0,Mixed-Humid,0.43968379497528076,Semi-Arid,0.8113551406168609,0.008541900208550923,0.8586737479983894,0.006139651653524805,0.9130038853667466,0.027630768453246052,1.0845666469512416,0.01972876155980456,0.7138573585671788,0.005198758648162614,10.176567616781647,0.0920719416272768,8.287904936216801,0.08308358103043118,0.5349055099772603,0.004839528487927532
1458,-98.75,35.0,Mixed-Humid,0.4676753580570221,Semi-Arid,0.8161742037815609,0.017775944874255052,0.8646927110795163,0.009778949183384034,0.8959630329059068,0.03303879264186053,1.0599083541806464,0.02162738823252459,0.7356573200794125,0.016503540303417243,9.789375557129851,0.3075348361195167,7.966731642275926,0.20051932108686915,0.5139398195233801,0.01614550358702929
1459,-98.25,35.0,Mixed-Humid,0.5271132588386536,Sub-Humid,0.8211220786927751,0.01115625554761049,0.8608000040765349,0.01349781960657311,0.9343543123463582,0.03635386897289584,1.0794281661679705,0.03352267272506838,0.7158583366559155,0.014502412965732034,8.788546927315647,0.22602234502682284,6.922244756759532,0.053364093831625325,0.5329084314312234,0.013705247790426351
1460,-98.0,35.0,Mixed-Humid,0.5723859667778015,Sub-Humid,0.826756884027813,0.025404806578613746,0.8656672473417594,0.011593021646625344,0.8998683213329981,0.039435746753020015,1.0195412951930938,0.030090194500466804,0.7445941929621714,0.01646316291597131,8.400692745908165,0.27051823606283887,6.61724835353129,0.13443942161660388,0.5051674036801511,0.016267348312026055
1461,-97.75,35.0,Mixed-Humid,0.59281325340271,Sub-Humid,0.7767015146804932,0.023054824753337155,0.8425051627020121,0.008406557483154832,0.8474783140031661,0.034378847469986935,1.0146267396057131,0.035424977514391595,0.7063011646725859,0.011092121571220285,8.938039379136068,0.16868326944196274,6.883253601703518,0.13277709324612103,0.541862688675837,0.010226310943294074
1462,-97.5,35.0,Mixed-Humid,0.6337078809738159,Sub-Humid,0.7533489375371585,0.02244669014526177,0.8406419611837919,0.002488071197307322,0.8142389709508304,0.02779143651328292,0.9855410282321542,0.02514408146286152,0.7037415641745811,0.006474476371426862,8.919290283012304,0.0971398882793366,6.9157756682478295,0.09735822344391945,0.5442704532322402,0.00592764327016249
1463,-97.25,35.0,Mixed-Humid,0.6442938446998596,Sub-Humid,0.7250076882296597,0.021470704416171552,0.8382419356755466,0.0036705408036148976,0.7815883275062679,0.024208033223722374,0.9635826239598672,0.019824471123594634,0.6951147359471401,0.005161616234429222,8.960095496070775,0.0760163362197938,6.9240766700078495,0.1211271256347806,0.5521482676695932,0.004684357256767458
1464,-97.0,35.0,Mixed-Humid,0.6330550312995911,Sub-Humid,0.7063710277069363,0.01727691814368266,0.8488914881930185,0.012837526474027897,0.7544078232849836,0.023090249342270552,0.954395704094674,0.028925467166210757,0.7055942802880821,0.01205330352082512,7.794530073800057,0.15851093668440397,5.7270640989592465,0.16246651320295738,0.5425019339773228,0.011032414897839064
1465,-96.75,35.0,Mixed-Humid,0.6640101075172424,Humid,0.7166741862087666,0.02509502861620149,0.8671716447287936,0.016830705104402047,0.7593596703534791,0.02513353256293337,0.9370545512188058,0.02578957434784524,0.7312275667461492,0.021876571956513068,7.41962177665233,0.29781936921372354,5.46470760358543,0.16512283158903535,0.5180988785577214,0.020796192292165155
1466,-96.5,35.0,Mixed-Humid,0.7106325626373291,Humid,0.7360936440035598,0.018903353951355218,0.8618205817327332,0.014668625627308658,0.7868544439965143,0.024367290236322118,0.9333532043468574,0.01996598329837223,0.727742292802592,0.01785539155524755,6.816291684051194,0.22090269032300427,5.06472863119252,0.22241606780027065,0.5215641297846203,0.016902873994518144
1467,-96.25,35.0,Mixed-Humid,0.7354286313056946,Humid,0.6976072498715862,0.031069250374620556,0.8711815500266356,0.006368002060927489,0.7432954814293896,0.027628288988497115,0.9075151025599919,0.025633371329095364,0.7264647408190928,0.018306123096016803,6.902181478821598,0.23078924544120336,4.995555390731292,0.10597023757017511,0.5227722434668334,0.017480011497454026
1468,-96.0,35.0,Mixed-Humid,0.7930170297622681,Humid,0.7190560562721876,0.02480707732368759,0.8600563966161692,0.00838993751049354,0.767306951337795,0.026663759675020555,0.9294956226956079,0.010931630574785068,0.7224878682761001,0.015173439201753083,7.029385239905261,0.19319085652783094,4.93149578512757,0.1646528522673717,0.5266351125222305,0.014473682262884705
1469,-95.75,35.0,Mixed-Humid,0.8203265070915222,Humid,0.7080743991139945,0.0163608500415333,0.8806020814348511,0.019410518674307625,0.7555160070413053,0.023140776580161834,0.8981981566708435,0.01977960715100815,0.743041133282523,0.023012310287974933,5.636379263279571,0.2482043501917152,3.9594499018798763,0.19730808051663468,0.5065183633005631,0.022305110311195815
1470,-95.5,35.0,Mixed-Humid,0.8454407453536987,Humid,0.7437286761001471,0.02814070570287663,0.8884780322599217,0.010276182238743001,0.7755645513600442,0.027038840371302674,0.9483997143504055,0.014497520709073017,0.7719117271079586,0.021294512793364428,5.021789528431742,0.23831103795817365,3.664038808385873,0.1636068512734473,0.47715624830732334,0.02264364130725674
1471,-95.25,35.0,Mixed-Humid,0.9460847973823547,Humid,0.7454314855172071,0.01961446379661295,0.9038447102978282,0.009524078737524177,0.7771273242578806,0.02411526464689996,0.934458759253865,0.041252022639270323,0.7930359846913566,0.01899627206288446,4.211279203165538,0.19474494535108644,2.991670084651647,0.11971306724306405,0.4545443322692483,0.021019791582776556
1472,-95.0,35.0,Mixed-Humid,0.9389848113059998,Humid,0.6731129729707875,0.030142556403578213,0.9001999732799758,0.008091727414400306,0.7186923351157362,0.027773202212678875,0.8673643541534014,0.016817541035179306,0.7527790766411218,0.02451487292658153,4.437219559749527,0.21704076681458417,3.1646409010895846,0.09143220115151267,0.49673799617889386,0.024297286655495753
1473,-94.75,35.0,Mixed-Humid,0.9473402500152588,Humid,0.7358229047252629,0.04950213531422275,0.9118009727233336,0.009315898768811745,0.7715848707565419,0.03945423121987975,0.9079738957008407,0.05017251950991304,0.7974097181908875,0.030758756633997412,4.007930222812684,0.31461149492838836,2.8953199711859496,0.2086496172241485,0.4489950121624071,0.035244873073831125
1474,-94.5,35.0,Mixed-Humid,0.9251444339752197,Humid,0.6661731372082969,0.06654366008317844,0.8898548296225688,0.011453877736915136,0.7132958925510777,0.0558917913870039,0.8731567648667522,0.04947656347718763,0.7365409703298906,0.04124926228872166,4.33244155942068,0.3545043010160196,3.028360921622372,0.17865612289364377,0.5119134436553667,0.04188758579539056
1475,-114.5,35.25,Hot-Dry,0.071745365858078,Arid,0.7688065424865732,0.01964916036408741,0.8712803740570086,0.006394056987212024,0.8091075590710768,0.02324314603933469,0.996329462355742,0.01844739832843462,0.7537038363199163,0.011120750700715614,20.43827239040966,0.4619658368598602,16.23577106291007,0.2573728116371113,0.4961809545851118,0.011215167580719443
1476,-114.25,35.25,Hot-Dry,0.1041092649102211,Arid,0.7844833584420636,0.022308305155702007,0.8807688261751627,0.01157132685726438,0.8230529388507805,0.03143522225676684,1.0111347793323318,0.0192865742460275,0.7698063777924761,0.01805077201155113,19.989314341778464,0.7894794597316362,15.70117579780817,0.4750505257179547,0.47948589572323713,0.018937331187661045
1477,-114.0,35.25,Hot-Dry,0.12258565425872803,Arid,0.7502838748263672,0.01899972379874225,0.8885986876571487,0.008019680822372055,0.7819964830076731,0.025833716218677045,1.0397496334477272,0.02611892666215472,0.7713836582207959,0.011303425998830928,19.759034481978414,0.49264064684825065,15.882551599396177,0.5662582458173135,0.47801956783477406,0.011918187061165812
1478,-113.75,35.25,Hot-Dry,0.16553951799869537,Arid,0.777073300577446,0.015891183469809677,0.8924179881119638,0.007248709486191202,0.8126102038304307,0.0268108590844492,1.0481026506221507,0.0186599281420952,0.7815961727801255,0.01261420038262807,19.159096058799527,0.5485523499102374,15.423937667253952,0.42377788549138307,0.467183786435928,0.013376140664615902
1479,-113.5,35.25,Hot-Dry,0.2379087507724762,Semi-Arid,0.7726423665767741,0.043124178412762636,0.9040115943810096,0.008181728634283143,0.8016654755115189,0.04866233590388738,1.0502243298662073,0.014072911200200504,0.7969675777632519,0.017886022832693676,18.293749693409346,0.7979051936460707,14.7897018817583,0.6808684032225155,0.45024870464764283,0.01963817073545062
1480,-113.25,35.25,Mixed-Dry,0.2761358320713043,Semi-Arid,0.7670492222130013,0.023416765032322137,0.912806212944153,0.0028307784568813404,0.8008600266809941,0.02741522163227728,1.0795887051104331,0.025080051245598475,0.8023387120675975,0.012745193511541787,17.922028635580215,0.582006250740827,14.432989206484848,0.5393621150447258,0.44440372212736834,0.014431722512547158
1481,-113.0,35.25,Mixed-Dry,0.21540313959121704,Semi-Arid,0.7865634589956831,0.03750665681677217,0.928961943852762,0.0052547330031470765,0.8139956750909232,0.044971231661546984,1.0714546614027263,0.019064181769544396,0.8341463666561701,0.014259105565673032,16.345343023425404,0.7196910301577133,13.197015413722648,0.7906141772514036,0.40693587108424245,0.017917525245509977
1482,-112.75,35.25,Mixed-Dry,0.25754737854003906,Semi-Arid,0.8133281690145644,0.027186397811487555,0.9236834823231952,0.0035615584575878255,0.8486792422777171,0.037234265529814355,1.0699863674455352,0.0295406132614912,0.8337233882450761,0.01613669720365953,16.90918221319877,0.8192396905556291,13.32031969216528,0.6918986297018013,0.4073879603952095,0.01973770123251421
1483,-112.5,35.25,Cold,0.21990975737571716,Semi-Arid,0.7939937950817513,0.026322963758749433,0.9153572395213218,0.008848560402374285,0.8189643012852195,0.02674052663542607,1.0449867407612403,0.022250421849617754,0.8230412097841139,0.018224023556565716,17.728756503597253,0.9156789159208624,14.089489881308102,0.6552661139823784,0.42021654211598547,0.021703915198942752
1484,-112.25,35.25,Cold,0.39416077733039856,Semi-Arid,0.8588408035542521,0.02006463097853695,0.9193174556768071,0.006881119511203787,0.8935603790469813,0.0238217628790505,1.0388909860615985,0.022487625942084057,0.8399432219843066,0.012404597273572491,16.57258099646421,0.641927779540137,12.682939652941949,0.5656365159156079,0.39983108385731503,0.015487188139639311
1485,-112.0,35.25,Cold,0.37270617485046387,Semi-Arid,0.8227231416290864,0.01849724144782268,0.9200900370649594,0.008553588297644984,0.8459193889995721,0.019549347500393836,1.0038127058175073,0.038658061744013525,0.8384769630406069,0.0143402590251875,14.644973815644828,0.6468617611067726,10.967797155543254,0.5293482566886375,0.4015860198474324,0.017737869886586193
1486,-111.75,35.25,Cold,0.4139668941497803,Semi-Arid,0.8333081844406962,0.02503972752516528,0.9048948371485472,0.00941713912809478,0.8684258875865021,0.025865286310123935,0.9811536076511558,0.03481504234714545,0.8148364483993997,0.018316383586766256,15.661061269891755,0.7661772768682437,11.707143848477056,0.4919379278210468,0.4298949779621447,0.021031509798610605
1487,-111.5,35.25,Cold,0.2838459312915802,Semi-Arid,0.84246763242444,0.02732191784667146,0.897041005852634,0.005681599391467831,0.8922350492887396,0.030851245234397123,1.0406217858304327,0.03087078118544809,0.7991342449318819,0.007715510478641385,17.756739863151424,0.34128871790498433,12.933315451498425,0.3207500003951606,0.44811428224900823,0.008612861935374031
1488,-111.25,35.25,Cold,0.17244172096252441,Arid,0.8504454775639585,0.019194625811360843,0.9084407246832698,0.007417646301950036,0.9018191010495243,0.01115746604705378,1.064480640214271,0.020535058777940783,0.8161281632375154,0.018261467739912527,17.19468696800253,0.845308418598842,12.775014207947422,0.5441398673463776,0.4283888615495396,0.0210600351012884
1489,-111.0,35.25,Cold,0.11177297681570053,Arid,0.8370881228507164,0.01207032404197302,0.9032067743118013,0.009297952282613643,0.9040637042464796,0.035252822260306425,1.0744620802918696,0.04295579698489882,0.7989547384763489,0.019834956957046485,17.765163001169704,0.8826079124388457,13.25118418756649,0.583897805853232,0.4479386704900172,0.0222544659362706
1490,-110.75,35.25,Cold,0.11489102989435196,Arid,0.7845706559499439,0.012901021145149343,0.874544645681153,0.019370068474450355,0.8416087705257469,0.029659734324256087,1.058610880443666,0.039952613068180313,0.7523583645448841,0.032345506659164476,18.48144717144126,1.2018222394537315,12.798864448446551,0.6789427581363207,0.4967964322664101,0.03230596582835023
1491,-110.5,35.25,Cold,0.1355534791946411,Arid,0.8030469672904006,0.02019417875799393,0.8768346791191807,0.010971518818039155,0.8581784313097092,0.02947626970713069,1.0424578209468027,0.03936434052949881,0.7608792779792652,0.02357345486792126,17.741484278118023,0.8918410273649093,12.218554208696869,0.5120687488648127,0.4885061946521342,0.024556562443314132
1492,-110.25,35.25,Cold,0.14933763444423676,Arid,0.8221005165687891,0.025025407602449482,0.8809128541637106,0.010169777903271213,0.8807419728232777,0.03504529964531585,1.044966736336812,0.028673427843983842,0.768909257565758,0.02022264938021193,17.40620289399136,0.76218706665294,12.765781007680811,0.71953535788948,0.48035071428937426,0.021033714482050908
1493,-110.0,35.25,Cold,0.1571865975856781,Arid,0.8414651454114642,0.021671307570852786,0.8966936058335143,0.007036485757155082,0.902826117824285,0.04300617814528773,1.054600840429983,0.03342071879933129,0.7935671441180637,0.018877586450078653,16.57041466954042,0.7548950263949326,12.192246053480627,0.6626686326151273,0.45397210907320007,0.020681515465712955
1494,-109.75,35.25,Cold,0.1668572872877121,Arid,0.8302068535309045,0.023050728992916845,0.8911560320236994,0.010051965870863542,0.9037958446774723,0.045767050395017404,1.0757746235214356,0.028596483652148834,0.777654106014812,0.025017965350685283,17.27464598020164,0.9846463831069044,12.773794436544431,0.7680981427880635,0.47092407098186706,0.02684244202409183
1495,-109.5,35.25,Cold,0.19266052544116974,Arid,0.8488409566990711,0.006951577742900039,0.8973590423742206,0.007191424453799063,0.9515906621192431,0.03518949965522119,1.0932231175512914,0.018924921348737637,0.7793731837460773,0.02136287906041107,15.87435201730816,0.7782928973794266,12.09745335745107,0.5536778370059289,0.4692583089177954,0.02300694910058649
1496,-109.25,35.25,Cold,0.18834209442138672,Arid,0.8471982299763008,0.014849798018561775,0.9092343797409541,0.0021099513604678917,0.9400656401582801,0.04615747851576393,1.0982870766756783,0.020185006721914766,0.8009862231410612,0.007344289660359261,14.764049896316825,0.27184697828644094,11.44322434231764,0.4668704269834493,0.44604911635041217,0.008212997470121447
1497,-109.0,35.25,Cold,0.22675177454948425,Semi-Arid,0.8657403670416774,0.009117856909567153,0.902027255624812,0.0028254197675033257,0.989434612637355,0.03492414360747719,1.0847465647443513,0.01649802883840782,0.7861655758136458,0.010335534930669504,14.679305373116193,0.35725369428557313,10.956357781352647,0.29294550676083597,0.4623128255896704,0.011251415558122566
1498,-108.75,35.25,Cold,0.249653160572052,Semi-Arid,0.8546004019500122,0.018012292756572536,0.8909883856843169,0.0049910090694788856,0.9569223649541083,0.04217637902370947,1.0760937192591713,0.02313338395475164,0.7723884374760036,0.008428818984562254,15.332197570848582,0.2837652129328975,11.45244616586779,0.5339417247988557,0.47702118089042955,0.00882861157661064
1499,-108.5,35.25,Cold,0.28805795311927795,Semi-Arid,0.880932440397331,0.01180740219837023,0.8979839177764275,0.004210314336985905,0.9713776033834952,0.0298266684200904,1.0455575456724358,0.018052612081514926,0.7943896123065629,0.008218752263425284,14.616953771272668,0.2935743744983899,10.728287058475024,0.42448296765767735,0.4533696687636615,0.00910570827592114
1500,-108.25,35.25,Cold,0.33449557423591614,Semi-Arid,0.8463028840468606,0.009599869235017074,0.8592268741221322,0.006995007269472543,0.9567942295333344,0.029833262279525968,1.0310787760258182,0.019224483787541078,0.7246311437813677,0.01543724705979212,15.143559308516549,0.42865188780401914,10.719055438771127,0.321948722854515,0.5245878989581698,0.014848926109537693
1501,-108.0,35.25,Cold,0.16703812777996063,Arid,0.8106602551054966,0.026287367583218407,0.8756734890950622,0.010377203255882832,0.8592684233810759,0.03126183514935529,0.9862743371551561,0.010217436863659756,0.7651959793797337,0.019475508928281916,14.406982067439856,0.6089075981768,9.905448935414002,0.36159042549010034,0.48421994309253424,0.020465438296347938
1502,-107.75,35.25,Cold,0.18889904022216797,Arid,0.8251411351921192,0.02440363046399382,0.8591178150076269,0.003051883099278005,1.0597375024950408,0.04337693705355205,1.0755982350264879,0.02258046243960938,0.6747747888962256,0.029449229441427232,14.186175119935417,0.6411841804721347,10.705289250792045,0.4505593000399664,0.5698197707265851,0.025754611064734145
1503,-107.5,35.25,Cold,0.42394205927848816,Semi-Arid,0.80926580564549,0.006397254441996572,0.8484923097818872,0.012470776436868836,0.9473114150339853,0.05055055135136736,1.0894776613306547,0.025165723810773772,0.6830028324022144,0.023827712102725152,15.16521522699449,0.5688993343608619,11.240552518937914,0.39272428837718537,0.5627083538624994,0.021109123949776973
1504,-107.25,35.25,Cold,0.22062917053699493,Semi-Arid,0.8608101305146028,0.006220508105109048,0.895594370600806,0.006030500395836025,0.9564494420474867,0.043404924911325936,1.0673375672932344,0.025907466920199646,0.7816053526807857,0.017725113330218676,12.153431638213073,0.5040610098763053,9.284174292736411,0.34862688089725946,0.4670059118173583,0.019368971541232412
1505,-107.0,35.25,Cold,0.15057410299777985,Arid,0.8234495045223478,0.012479254799126233,0.860974860932353,0.011069073115551215,0.8964888154671924,0.02759252602320491,1.0183427626808905,0.01614596842728042,0.7374417757707742,0.02196669227046373,12.956311129203314,0.539930059075953,9.683477708781762,0.27960965147781697,0.5120487798516773,0.021338676201741243
1506,-106.75,35.25,Cold,0.17622284591197968,Arid,0.7914612871333327,0.022344383557901092,0.8561578784635584,0.010716421629615655,0.8631209607264078,0.03343477289505256,1.0515173410150145,0.032038406925499335,0.7218543560862389,0.02646579242526161,13.240931612378073,0.6246975434444495,10.039922515284905,0.5091643590152988,0.5269262077283585,0.024859996047157804
1507,-106.5,35.25,Cold,0.2599449157714844,Semi-Arid,0.8019716188314916,0.02942347752083515,0.8716884199561141,0.009269288174725802,0.8523426051633832,0.03995931079585688,1.0024199106953071,0.01901564496178671,0.757422112816224,0.015027473821022168,11.838375857873467,0.3613844570520074,8.982937000620444,0.23301583808342904,0.4923384824699123,0.015029382181244512
1508,-106.25,35.25,Cold,0.2552926540374756,Semi-Arid,0.7714040702505435,0.03121220939038064,0.8682406166396758,0.0037330642094543513,0.8207387066625987,0.03451869761119773,0.9576636268756296,0.03129626227069274,0.7422613296892017,0.01438182803769834,11.512195730771348,0.3171282313331779,8.97391042705207,0.22636129910574157,0.5075256625374197,0.013980887702115809
1509,-106.0,35.25,Cold,0.2375013381242752,Semi-Arid,0.6836393225566979,0.02555361125244188,0.8310840471954734,0.007174728651350818,0.7453378624701699,0.02249998524351744,0.9204839070368724,0.023771689407533745,0.6598153068367472,0.024922265551844725,13.850271865740757,0.49888030862328764,10.248499167482654,0.23007417619544704,0.5829510896698264,0.02099762534236805
1510,-105.75,35.25,Cold,0.25114676356315613,Semi-Arid,0.6861288201526556,0.020270042916753585,0.8251000580731418,0.005604394461943176,0.7518459564057999,0.021264263189339133,0.9221093205944662,0.01656720303789134,0.6529459273571535,0.012059617615677183,15.066050925472018,0.26160690631098427,10.846217138292447,0.1839736193041949,0.5890419178886228,0.010228123785629883
1511,-105.5,35.25,Cold,0.26079824566841125,Semi-Arid,0.670962581352826,0.01687932148731989,0.8037347557739111,0.01183747469684517,0.7415783498870292,0.017227447276538202,0.9511563820484458,0.023888520118654305,0.6320584446356193,0.017310901558317278,15.542495362887271,0.36717804039030194,11.432083587761849,0.17490138535184332,0.6064464940759013,0.01432677508323817
1512,-105.25,35.25,Cold,0.24126063287258148,Semi-Arid,0.6716482935372287,0.025106785785337687,0.7850894054404614,0.00836894832905847,0.7581858561363092,0.02980269614076425,0.951464598524327,0.025889251471584274,0.6041648484639299,0.018963608986720403,17.76360850557021,0.4208542794031205,13.73219834456811,0.2065735595979386,0.6290131024215945,0.014902538291797529
1513,-105.0,35.25,Cold,0.2368634194135666,Semi-Arid,0.6461359435043337,0.023833065682854173,0.7900249925730771,0.00835938481839225,0.7214822634974128,0.026357883653445702,0.9444941415045811,0.019998593746935023,0.6076092664895586,0.019279309346770742,18.717756993096664,0.45612589265595965,13.592723414114662,0.21093191274567444,0.626262254521793,0.015261146406903337
1514,-104.75,35.25,Cold,0.2280346006155014,Semi-Arid,0.6647040927578213,0.024939025881280247,0.807922424096901,0.014636383805279306,0.7323963363010327,0.030526456579055106,0.9440070713167081,0.021310641258941616,0.6338009025216337,0.02169353081070473,17.52709880573017,0.5181421624496702,13.144098860381694,0.26480615191278367,0.6049324340570374,0.01788322203191908
1515,-104.5,35.25,Cold,0.21057206392288208,Semi-Arid,0.6008920709906199,0.028444443762877622,0.7810467708269425,0.023279307049008702,0.6777264905306403,0.027302538434979606,0.9180870418560687,0.022194034297055656,0.576497423498715,0.038245470071467155,21.53940365268705,0.9674310415312937,14.070386957690445,0.6056401223761556,0.6502462678724914,0.029205470788474908
1516,-104.25,35.25,Cold,0.22667114436626434,Semi-Arid,0.586000720102008,0.03344955217514632,0.7454474067729855,0.0315265831819316,0.6848912054206229,0.03459107097748785,0.9233100501792879,0.02660366831997573,0.5306853573389663,0.04955168738159229,23.19574524948819,1.2157477653081554,15.092783666735972,0.8418005141434503,0.6843138978865209,0.03586662481315224
1517,-104.0,35.25,Cold,0.24862490594387054,Semi-Arid,0.6131963004350809,0.028647936717314734,0.769983304906819,0.028503863134216576,0.6997254606587356,0.03215625004003704,0.9282651473650778,0.026881723222166223,0.5674163438312709,0.04472806061786209,21.578138875992824,1.108790833452797,14.169682477979228,0.6202956818287698,0.6570173695285849,0.033760781730952025
1518,-103.75,35.25,Cold,0.2447148561477661,Semi-Arid,0.6159877591704556,0.0290092286249667,0.7843562190080711,0.02797729101776088,0.6906141926786301,0.04119006546444586,0.9433994679207883,0.030201631882514336,0.5911384340843615,0.03962950383488269,21.180225855603908,1.0245968403219115,14.172523062976273,0.46757679269886643,0.6388251374883794,0.03090326901380162
1519,-103.5,35.25,Mixed-Dry,0.2463308423757553,Semi-Arid,0.6329082152782106,0.03579729016845398,0.7882800711993249,0.019821840669527097,0.705386080663821,0.03406020430851344,0.9499684811835382,0.022729119423934303,0.6044357142625565,0.03668406923425366,20.96872033647542,0.9712787643482923,14.28764667308717,0.4867218888314862,0.6283999351768893,0.02910771390724499
1520,-103.25,35.25,Mixed-Dry,0.24709855020046234,Semi-Arid,0.6419703064275252,0.04293450223348485,0.7891979729019827,0.0204973231949122,0.7192110254745223,0.03842812977130473,0.9357757427465259,0.030367982091862138,0.6009795898365438,0.04476493487071974,21.211748332966668,1.1767943579991824,15.165342810630289,0.6409360208149069,0.6309043681063666,0.03500157974582071
1521,-103.0,35.25,Mixed-Dry,0.2483377754688263,Semi-Arid,0.6430665786456854,0.03798926567898876,0.7967227817836754,0.011234151880780011,0.7142767132059484,0.03733611540077313,0.9408886608838808,0.03328451039026258,0.612962388188474,0.030359119350428197,20.496587100385707,0.7928982074611244,14.099462528249713,0.5075209936605681,0.6217514050876913,0.024052081069203424
1522,-102.5,35.25,Mixed-Dry,0.29519927501678467,Semi-Arid,0.6091608271003752,0.033806738793241996,0.7951883009207545,0.01292780809360557,0.6728499737140178,0.03763834236524656,0.9428647567214206,0.01428063853154128,0.6054770167336542,0.02281660420318415,21.100396216022553,0.6102073854326924,14.795562258559993,0.4948533926492714,0.627900629912008,0.018158407916492255
1523,-102.25,35.25,Mixed-Dry,0.28635188937187195,Semi-Arid,0.6241960092397296,0.022842729501225605,0.7808058164432415,0.017486263402098773,0.6973515038225244,0.03413628338250091,0.980428353955827,0.02355779677113619,0.5984602460463322,0.019592695191984588,20.426643985067727,0.4991304434493225,14.724597994801604,0.2449483006482526,0.6335203578062589,0.01548023734868863
1524,-102.0,35.25,Mixed-Dry,0.28538697957992554,Semi-Arid,0.6133960501322013,0.013248690873748156,0.7676065092382894,0.02312054286511966,0.6936464312120026,0.025642110220304253,1.0172829057723178,0.0247848733264154,0.5801081700970896,0.029032790474844018,20.334854974838816,0.6991906385473373,13.8881996985342,0.41440370989788944,0.6476843920555255,0.02226988410877699
1525,-101.75,35.25,Mixed-Dry,0.29867109656333923,Semi-Arid,0.6244096563584783,0.018626185111841654,0.7593389369533987,0.01127718964018405,0.7136623647121082,0.0279156959491493,1.0151035918222309,0.024631738927995406,0.5715550962682487,0.014629202736649449,20.71410884449146,0.3502416948164876,13.618617858431346,0.13861538512622482,0.6544821882189804,0.01106622315012014
1526,-100.75,35.25,Mixed-Dry,0.3355477452278137,Semi-Arid,0.650063392952833,0.011511074913853303,0.7766743644448166,0.018585744511474933,0.7366445699066221,0.01305886492151421,0.9477679390520282,0.015421231301622672,0.5929262271980669,0.028717508719206628,19.075700875136842,0.672093273713558,13.367000944544134,0.46582933278048844,0.6377067613499249,0.02246829239514729
1527,-100.5,35.25,Hot-Dry,0.35624149441719055,Semi-Arid,0.666432525433454,0.014517520162170512,0.8054661044440705,0.014819759082486695,0.7316310117842051,0.016019441663400472,0.9704669960540866,0.0199160710059228,0.6397171731541558,0.023572394699091486,17.601291213539948,0.5763572140495803,12.106391177812515,0.3154249732732665,0.599978368178278,0.01964639165263258
1528,-100.25,35.25,Hot-Dry,0.36055633425712585,Semi-Arid,0.7386200251973943,0.012515015837498486,0.8346588446399755,0.010775679451820508,0.7987240807375067,0.011715731064197125,0.9941825791979788,0.021170649251681602,0.6941707366577761,0.018299127831326638,14.394545657585777,0.43483455123056697,10.765748913807156,0.3173814714127085,0.5528165707840456,0.016699641043760333
1529,-100.0,35.25,Hot-Dry,0.36494454741477966,Semi-Arid,0.7406991473369975,0.02064390237921884,0.8398395845182458,0.007103102787038321,0.8004346257702531,0.019179116414637282,0.966328427864147,0.02810166024338676,0.6985937099891995,0.016494448912093253,14.253531452296908,0.39168369589013796,10.830906531300954,0.24630961504456744,0.5488390632882182,0.015081968526681809
1530,-99.25,35.25,Mixed-Humid,0.4272844195365906,Semi-Arid,0.7882106919160105,0.020952261428864267,0.8451275579697086,0.0073679699210487835,0.8594240001065554,0.03160835734527603,1.012489441022886,0.023982740004287552,0.7115259332670958,0.01426314682348213,12.128119505588108,0.30197104331795194,9.59015553680375,0.2989333783580427,0.5369646825778764,0.013369573522772767
1531,-98.25,35.25,Mixed-Humid,0.5329492092132568,Sub-Humid,0.7728830174123794,0.01932370279025369,0.8208803850879184,0.013147930008645134,0.8705659476602184,0.031296582359142316,1.0389894147770267,0.02742690400459515,0.6658826649650396,0.018208671843914406,10.744373682152647,0.29198807206822275,8.366467413943516,0.158982516844746,0.5778581548405843,0.01570381797508351
1532,-98.0,35.25,Mixed-Humid,0.5769138336181641,Sub-Humid,0.7773412117130422,0.026266644700986094,0.8414564069772487,0.010822072927720701,0.8483199649641898,0.03472740398318899,1.007180295456602,0.03308959165527877,0.7051346422222903,0.01583455442276195,9.911941425225033,0.2662744526346246,7.670514969484286,0.06339253580853278,0.5428583779262616,0.014583350651424343
1533,-97.75,35.25,Mixed-Humid,0.5972262024879456,Sub-Humid,0.7302273129186583,0.03245825183187435,0.825647222515759,0.016049275507791696,0.7973050020947307,0.03829570284545761,0.9948727783440937,0.0302154660289096,0.678324899267099,0.025288004269765962,9.762172628383553,0.39024693338696753,7.4952271552251535,0.2048018651934838,0.5668018944797864,0.02265814276993439
1534,-97.25,35.25,Mixed-Humid,0.6364500522613525,Sub-Humid,0.6849452364778812,0.01991412322426673,0.8111920301510374,0.010255155071135428,0.7525528701195003,0.023571226641169157,0.9564724116191241,0.018539235470034787,0.6489025488884055,0.01406474177480464,9.587864624080984,0.19080124947820348,7.544299649849629,0.2323589888649392,0.5924409275709467,0.011789743978930812
1535,-97.0,35.25,Mixed-Humid,0.6453818678855896,Sub-Humid,0.727549651865935,0.0243890070071063,0.8515135490161733,0.010213092500972104,0.7792138829881002,0.025031694875834003,0.9446780336229545,0.01820306184366683,0.7128442543483666,0.015700156026981764,7.766831282844199,0.20961287501653705,5.702190145491708,0.1623692317783093,0.5357130949342084,0.014457937596919834
1536,-96.75,35.25,Mixed-Humid,0.6537476778030396,Humid,0.7474631142611184,0.0212567655076406,0.852791147248442,0.007914790737044378,0.8013066258115609,0.0237936404399258,0.9527063067393307,0.017576156977655574,0.7192866487900862,0.010337363445197227,7.6669113024891,0.13960990761092792,5.692478439056741,0.13869535107626463,0.5297536288215323,0.009646499386567408
1537,-96.5,35.25,Mixed-Humid,0.6891492605209351,Humid,0.7034160498415313,0.013997513350186775,0.8519114376302559,0.01304344275160451,0.7553182891380601,0.0181745134830642,0.9234591635690963,0.008701059393669532,0.7061553426340452,0.016888822850430894,7.547659186408505,0.21669719936168313,5.370372503359527,0.26944116104560895,0.5418957589774174,0.015558107542512984
1538,-96.25,35.25,Mixed-Humid,0.7553878426551819,Humid,0.7591994532641978,0.014225468519444591,0.8647629766795507,0.006890360638541458,0.8080056771397837,0.018395481598176062,0.9512931607455247,0.019839012837180703,0.739813674775698,0.009453445527360082,6.966555716491833,0.1272416068990738,5.043674328817914,0.10965717055331446,0.5100165741041046,0.009315267267660101
1539,-96.0,35.25,Mixed-Humid,0.8004692196846008,Humid,0.7585393413778426,0.017641320029378738,0.8680937699511265,0.00837612071562413,0.8092670634411911,0.020306462034065404,0.9383780452239229,0.027171704878522992,0.7424000388519973,0.012171373157742499,6.923447557844132,0.16419153854916918,5.028771990023952,0.13690563273489878,0.5074289219692113,0.012033821980506853
1540,-95.75,35.25,Mixed-Humid,0.8439720869064331,Humid,0.7691696363403947,0.018352480202407356,0.8671985798101669,0.015661448759310668,0.825323150239198,0.02032899493555649,0.9318265919323757,0.016935015008698606,0.741912936042574,0.02383841531412321,5.600068841009797,0.2573961335795046,4.059025528300256,0.17646290579367693,0.5075939441028302,0.023330555810967588
1541,-95.25,35.25,Mixed-Humid,0.8697147965431213,Humid,0.7231464873217707,0.048280663919162074,0.885786947310949,0.011385411486505431,0.776761880989092,0.044772175326356606,0.8840998538208046,0.02481486948581845,0.7521512062742483,0.03155997380912565,4.655997139364917,0.2938348675488924,3.2489649306259665,0.1581784352238066,0.49705292402639695,0.03136846431052735
1542,-95.0,35.25,Mixed-Humid,0.8806830644607544,Humid,0.7607050100291298,0.04690738092419545,0.8882857596919426,0.00581175920033405,0.8081814893507573,0.04541777899427577,0.9176192273257087,0.04006383900350793,0.7698400978733606,0.019771654163970934,4.35319329553778,0.18385842784278122,3.0986347881935705,0.09005837125833784,0.4794078837406527,0.020247936127794314
1543,-94.75,35.25,Mixed-Humid,0.8975764513015747,Humid,0.7313689554066117,0.0549776583768653,0.8834779075068381,0.00556585832759075,0.7861969417688263,0.051748890430027346,0.889611392856326,0.034255309241418175,0.7513962994238353,0.025748542764101313,4.5627695706985065,0.23180640125454327,3.2093166983626267,0.14640972177758427,0.4980877779811042,0.02530479208596026
1544,-94.5,35.25,Mixed-Humid,0.9202814698219299,Humid,0.6860285402796679,0.02678815339470796,0.8629430953610525,0.009145226314765748,0.74147274952277,0.010844239851694727,0.903098432174545,0.07053657997229304,0.7139110966338216,0.021890678059817294,4.750993105819702,0.1796805387953881,3.334622753430183,0.15968662439490774,0.5345670383807528,0.02021709805489955
1545,-114.5,35.5,Hot-Dry,0.11626612395048141,Arid,0.8227264240480956,0.023282670819617532,0.890787666463148,0.010294286814508087,0.8635202208492216,0.0355322472770647,1.004775949511923,0.015325753723668704,0.7905945371556026,0.017138792328232063,18.81452808456664,0.7766536920624973,14.389657461546197,0.49244436828679217,0.45729683014918204,0.018876969430616442
1546,-114.25,35.5,Hot-Dry,0.15048439800739288,Arid,0.8371253295218724,0.018056371544163653,0.9009986550934805,0.010404409964824009,0.8745645685060224,0.02996490352447507,0.9899351446316086,0.020840210324843404,0.8082456816370481,0.016627731833943775,17.927061184956578,0.7816473416584692,13.915738298141127,0.5282923729214138,0.437564997339441,0.01907850447122784
1547,-114.0,35.5,Hot-Dry,0.10946447402238846,Arid,0.7892513310939966,0.01627368960623113,0.8900527973360498,0.019854162024439567,0.8350308125442464,0.0432330745763202,1.051968060085731,0.03186571790826455,0.7755286899119168,0.04492749098252557,19.349260334962683,1.8465725485211486,15.541899506867782,1.0802673975402874,0.47206739373133766,0.04505116346701393
1548,-113.75,35.5,Hot-Dry,0.14320027828216553,Arid,0.7832818870858015,0.02238607002477106,0.8982154734763601,0.007259992918276872,0.8176675208551322,0.031595884707034436,1.046258310963274,0.03126078421939717,0.7904110598761737,0.014614212567454201,18.645767606344766,0.654350540253279,15.442454238718645,0.49581394331277384,0.45758348309600405,0.016058335902082194
1549,-113.5,35.5,Hot-Dry,0.14024510979652405,Arid,0.7648673164451505,0.016169922931209266,0.8999141488491713,0.0061236701290089636,0.7888774638325773,0.020145083362610634,1.012027310496006,0.022564738809692998,0.7954664086635781,0.009998661761167751,18.287140282527307,0.4453467093060793,14.968605371373155,0.3680804958715717,0.4521466525392498,0.011011126984381945
1550,-113.25,35.5,Mixed-Dry,0.21873344480991364,Semi-Arid,0.7661034601892065,0.022846372391783505,0.9067361120058104,0.00687655215275456,0.8175151452029306,0.033958651538298974,1.10867642390379,0.02107531099917302,0.7816836694238196,0.020649480881637428,18.594202723224058,0.8644228319999783,14.953417686708997,0.6113786547123542,0.4668399295281137,0.021702844697360082
1551,-113.0,35.5,Cold,0.27697980403900146,Semi-Arid,0.7699239827142137,0.022147353393750513,0.9162386180241171,0.005277267135626395,0.8104892192090617,0.023201104363489676,1.0974282966634323,0.023766761691592628,0.8022976776985207,0.020327655757941043,17.861898525837898,0.9260917389652201,14.450828791577795,0.6635559035746409,0.4441599628044977,0.02302850795716573
1552,-112.75,35.5,Cold,0.2677294909954071,Semi-Arid,0.8031476988280213,0.027310258422134654,0.9031122588042442,0.006552092749027442,0.8542479191965711,0.031933951652481994,1.0849039428416685,0.028674028670038838,0.7933034659789433,0.018387746314583096,18.41781640395642,0.8174192716788212,14.660814409881988,0.5932561279687014,0.4542811159520583,0.020161898174813207
1553,-112.5,35.5,Cold,0.22183232009410858,Semi-Arid,0.8503219228791352,0.018000047248728862,0.9121073191052723,0.003591733163998574,0.9220120775611897,0.047722913646770365,1.079677492722787,0.029040580580108884,0.8127691028220129,0.015598769180446994,17.33139244841152,0.7054816025339675,13.720219090844902,0.7023521467123705,0.4324153590587021,0.017601648648663162
1554,-112.25,35.5,Cold,0.19849157333374023,Arid,0.8417182383293522,0.029652642937217377,0.923123471112809,0.005879556625054026,0.8786028604073234,0.04917039246747742,1.0527229145815753,0.021439747021597302,0.8405473876704832,0.006534656206967552,16.315521091877496,0.3323600989093533,12.990039638865762,0.34457237176269956,0.39924891428594356,0.008133016891969725
1555,-112.0,35.5,Cold,0.2916668653488159,Semi-Arid,0.8457368538039448,0.03571786364533463,0.9241856357238507,0.007142908678995179,0.8709663145762543,0.039300679135378505,1.023326993802531,0.027377473326668685,0.8479448034486919,0.01635036649944859,14.050016844907299,0.7646604019535799,10.897812726064505,0.6145880586878367,0.3894813726013637,0.021197197570246486
1556,-111.75,35.5,Cold,0.3339144289493561,Semi-Arid,0.8528408463026984,0.029147088083049034,0.9303421728602131,0.008053115765022446,0.8769806548075522,0.031778321270998014,1.031638730597455,0.02471603132552202,0.8590695635835169,0.013729208019290761,13.619364164417686,0.6611004402991397,10.339757714988261,0.3729296146153549,0.3750537060800906,0.018205561378053757
1557,-111.5,35.5,Cold,0.17757557332515717,Arid,0.8310246175302298,0.027133456324676102,0.914543046638727,0.006255601497012528,0.8849545965866602,0.02526685862715793,1.0878158180827235,0.02090659156394673,0.8199588116063751,0.015123287662683631,16.95764802654606,0.7177413716809753,12.715748487263763,0.6836769098082188,0.4240088793985928,0.01794639883007673
1558,-111.25,35.5,Cold,0.10315785557031631,Arid,0.8414366681815928,0.013830193187681705,0.9183902796867865,0.0043769578626594065,0.891070837971483,0.026810714560788294,1.0766596275004456,0.019447511845511172,0.8285182682387712,0.009079354335544056,16.27273687946041,0.4258184951418267,12.556867975047469,0.4262569531260946,0.41399015254922666,0.010833129366489952
1559,-111.0,35.5,Cold,0.12581750750541687,Arid,0.8461371995375616,0.01722744846579907,0.9204279039765229,0.010630856257737631,0.9147809431639914,0.02435522668532829,1.0962708494375806,0.024600636381574996,0.8240953400465496,0.016441027029462277,16.664069927180677,0.7912249264980806,12.824248113860188,0.5030814382801766,0.4190321927650545,0.01989602284253936
1560,-110.75,35.5,Cold,0.11871907114982605,Arid,0.809727326594872,0.01829138133581124,0.8915587370350833,0.011910171162358223,0.8529273273526708,0.023595884020090066,1.045570968590031,0.023607834571888607,0.7866253570548467,0.02265488190394316,16.546902837941904,0.8591695503074543,12.412243011780465,0.467768755029972,0.46142759158473023,0.023958836299700796
1561,-110.5,35.5,Cold,0.12574142217636108,Arid,0.7875009385753069,0.023423074530788235,0.8840115560846927,0.002817099953663214,0.8388765334499318,0.03693365301654923,1.068478212212463,0.022186219768651996,0.7664508595303821,0.0025621466430598224,17.461646330788053,0.09569171514178956,12.797060618656745,0.34365213629402375,0.48326341628878666,0.0026483359182700203
1562,-110.25,35.5,Cold,0.1637897491455078,Arid,0.7941433799522944,0.022921273198057167,0.8793388677026239,0.011953236753413019,0.8500132530688399,0.03435737281445037,1.0654921559795723,0.022199467445092824,0.7608327532026353,0.01878790743971254,18.130711319589523,0.7109767098153226,13.2544986692326,0.554687855675772,0.4887467523345318,0.019165688084850994
1563,-110.0,35.5,Cold,0.16446107625961304,Arid,0.8044751820055793,0.014509197308379775,0.869225602063651,0.011262201699436418,0.8738183988496898,0.030080167145628094,1.0642740570745217,0.022862385745655286,0.7442619688502816,0.01719370094460828,18.578754154787344,0.6225148196727969,13.524062691799367,0.2964331749967651,0.505478528011901,0.016936973926893632
1564,-109.75,35.5,Cold,0.1585739701986313,Arid,0.8228925210631128,0.017276383557480204,0.8997225292287954,0.003156433044740145,0.864851572816373,0.027859506203797287,1.0494054451955268,0.016408046219982535,0.8014928106575068,0.0053041766597257045,16.489464324715982,0.22016896515574735,12.316337321255293,0.35494863063686327,0.44550968757118153,0.005948489589948922
1565,-109.5,35.5,Cold,0.2091784030199051,Semi-Arid,0.845040300469428,0.016036642160808214,0.9074458569000317,0.003962095799864595,0.9162709433287122,0.027444567757888786,1.08825762996262,0.017207992596194894,0.8033365932199562,0.013920339884611513,15.04509016713234,0.5369166444303425,11.774957796362425,0.5536047841229758,0.4432417381297829,0.01581804190366491
1566,-109.25,35.5,Cold,0.21756775677204132,Semi-Arid,0.8407410845190147,0.026608554665805466,0.911943849906012,0.00272252556438035,0.9320626375696168,0.04564010943803526,1.106657014934431,0.02530759024568866,0.8022849693730205,0.015622968599577519,15.156294620763438,0.6020412339487725,11.786475093674005,0.6534119528439573,0.44437121097021637,0.0176513982393372
1567,-109.0,35.5,Cold,0.17998002469539642,Arid,0.8467207745489519,0.015820405548967898,0.9057702265976488,0.003521100179728717,0.9994769525306321,0.03989582620568183,1.1153779835509412,0.016578834465125182,0.7771675039737309,0.013044038840478429,15.313081606254517,0.4435445703942157,11.451719888285574,0.30050942737445907,0.4718930339770905,0.013668417527527722
1568,-108.75,35.5,Cold,0.20116566121578217,Semi-Arid,0.8493484150548325,0.009857374704730523,0.8890995001996054,0.0048938346972616596,1.0042118114197214,0.031693569618066804,1.097357473631249,0.01395308449461593,0.7524483369387581,0.01181880785292505,15.951635841342977,0.37956850672517,11.647452929794849,0.28148024038280517,0.4974329932981168,0.011836397241005577
1569,-108.5,35.5,Cold,0.22278843820095062,Semi-Arid,0.865141545116481,0.0067464758331505035,0.8950029196584233,0.006436604458958516,0.9789312625742266,0.030431165145087417,1.0725116874717942,0.030062494371853005,0.7780862482377906,0.01316807442906961,15.088329614880033,0.4511831860644044,11.267388667054565,0.3754121482783093,0.47090882461652284,0.014081488757164588
1570,-108.25,35.5,Cold,0.29061371088027954,Semi-Arid,0.8543200068100202,0.013473677073385764,0.872663217972827,0.009160131013517784,0.9439838078244106,0.02978110064752888,1.0307061209477772,0.019232106086456376,0.7522651339196755,0.017546450845607024,14.477697433266666,0.5111950513436857,10.624975898378736,0.4112295055933838,0.49748168249319724,0.017565650573709516
1571,-108.0,35.5,Cold,0.20757600665092468,Semi-Arid,0.8231317071657009,0.014431694979541,0.8601739105654989,0.006180032549414296,0.8994229002134236,0.026193055979260364,1.0300408080996735,0.01936680277318369,0.7344794717522365,0.01181959550072172,15.227913044170426,0.3376009147254946,11.306423100441071,0.15079001938274567,0.5151855645367577,0.011421599094799326
1572,-107.75,35.5,Cold,0.20494113862514496,Semi-Arid,0.8580200202432795,0.010977191788491608,0.8905927599953204,0.011132130657541636,0.9562080925104309,0.04136807893274616,1.0633926956366855,0.03317021680317765,0.7718029643763381,0.03198389031492004,12.63128707064267,0.8580935083938104,9.488437144446312,0.5875507589208355,0.4768203296712441,0.032392299159445324
1573,-107.5,35.5,Cold,0.18529359996318817,Arid,0.8287423468368884,0.04112696424777677,0.8983334096167754,0.008143845337586738,1.0643985341057849,0.03974276935594377,1.1164533632218128,0.0406359596041703,0.7324993369569429,0.04392487744041433,13.419489442769649,1.0906155612873931,10.087626932080502,0.7106020154552121,0.5158436038899794,0.041923134556814394
1574,-107.25,35.5,Cold,0.2428494095802307,Semi-Arid,0.856024067157616,0.015588877256836461,0.8925037144903097,0.007880807671848154,1.0079643136740062,0.03871651622122643,1.0871322851954766,0.024075461905684582,0.7570290146422105,0.019776696007465976,12.492515130650471,0.5099928881032767,9.262359825151355,0.33209142336662395,0.4925926009422671,0.020109539238938805
1575,-107.0,35.5,Cold,0.17763397097587585,Arid,0.8115970270362725,0.018005201461997744,0.8533679838948579,0.006274065478250987,0.8907994865725668,0.03577944564446666,1.0242356513949522,0.02929028986517632,0.721934351996121,0.013447456830258634,13.627709835485016,0.32976477125780795,9.593524597967688,0.2566469170603009,0.5271958386480209,0.012757140945806282
1576,-106.75,35.5,Cold,0.15351137518882751,Arid,0.7819548172345491,0.02396372876854093,0.8629742166130594,0.005053322538673554,0.8327506929773435,0.0336804283436215,1.0017476858406549,0.020116339396734094,0.7417675373029416,0.007642319782304417,13.144591651587096,0.193198577893968,9.796003123869493,0.07743396563479367,0.5081218768011497,0.007468350983953438
1577,-106.5,35.5,Cold,0.22039695084095,Semi-Arid,0.7916055782533824,0.03179619524576836,0.8863284094154013,0.005556122261870545,0.8292305294715728,0.03926080258611495,1.0130267959522874,0.03012616317219984,0.7783371165347962,0.009568746314887341,11.311429526922462,0.24386322065341953,8.738626613237441,0.1546274076800138,0.4707233716174392,0.010148329808027117
1578,-106.25,35.5,Cold,0.17474350333213806,Arid,0.7880405050394481,0.021822065103991827,0.8626762960261564,0.011635998744884999,0.8422796780532738,0.030811817175790866,0.9869902629337839,0.02591392005456128,0.7405223339915137,0.018945619559305626,11.908043199432115,0.42577370424529337,9.34523086074661,0.25776895431819513,0.5091292153978851,0.018203984344782643
1579,-106.0,35.5,Cold,0.2173532098531723,Semi-Arid,0.7326160297012085,0.01766214358107922,0.8041233674104852,0.00935703181289222,0.8295616199294414,0.027097197194116743,0.9468064653445838,0.03240081381168449,0.6321207706335936,0.00923049570629135,13.660243318685215,0.17099217492793975,10.147429244997086,0.1658784118165818,0.6064924742746778,0.007591773062475406
1580,-105.75,35.5,Cold,0.28757333755493164,Semi-Arid,0.681103756192821,0.02232573515335396,0.8212314614080192,0.008520859969691553,0.7428704854427522,0.023726539422199374,0.9495026603459594,0.034665601348506984,0.6561103305275348,0.022054532492357937,15.183936514404934,0.47950113936144106,11.052209567099265,0.24694627102509226,0.5861872814305992,0.018511501879535725
1581,-105.5,35.5,Cold,0.31136152148246765,Semi-Arid,0.6672606603072838,0.012771969864650184,0.791490953142039,0.009489345187154424,0.7463668667028551,0.0185554030455191,0.9657058517959491,0.04354033615984096,0.6146222058799203,0.019940810905628464,15.562923312097883,0.4024244520986753,11.402516103642077,0.2756349061564564,0.6206220782095683,0.016047981139229787
1582,-105.25,35.5,Cold,0.27435028553009033,Semi-Arid,0.6840669699480799,0.020303756470317624,0.8004028418939066,0.00832240192865509,0.7576607569362379,0.025551930018593755,1.0132280232938535,0.03208246883022307,0.6347307595453447,0.015025403805030153,16.544611617610492,0.3411908808225331,12.633350278449353,0.13870154345158187,0.6042722957723957,0.012461591823151832
1583,-105.0,35.5,Cold,0.2819973826408386,Semi-Arid,0.6562822074484791,0.03564985873654293,0.7749856787585333,0.017206623199422212,0.7444919950071872,0.030652950433118376,0.9590748874524101,0.0269133712328766,0.5913772386255512,0.0354372558189771,17.79713305721951,0.7646056140527033,13.021754725197269,0.45755906212962094,0.6387646482626955,0.027442792867244045
1584,-104.75,35.5,Cold,0.2756727337837219,Semi-Arid,0.6584098073634859,0.03369687340039118,0.8127517494882802,0.012791501480448773,0.7181823940082002,0.03197932077147916,0.9596467367265229,0.025781469359048282,0.643707697654062,0.02945574179734986,16.951013901764394,0.7015611400183767,12.412606510638124,0.30820825608106167,0.5964936943412413,0.024687419799252035
1585,-104.5,35.5,Cold,0.2293681800365448,Semi-Arid,0.5829744716352997,0.021671030426614356,0.781836285843265,0.03012633261016178,0.6517172027803855,0.01794560020295433,0.9362505669562822,0.020675545395959886,0.580387586174261,0.04438448620561667,21.44686999598039,1.1365002231969523,13.755650277627186,0.7138619327013062,0.6470485907279029,0.03428802747997074
1586,-104.25,35.5,Cold,0.22266355156898499,Semi-Arid,0.5873637285042652,0.031173969439389975,0.7826048835361478,0.02926575262481255,0.6600205304958223,0.01839779108142683,0.9178537075774074,0.02488688284614072,0.5756947942722526,0.05260636170687238,21.716408036548636,1.3362870549264423,14.133875018220143,0.7881356422948914,0.6504028171217087,0.04002157555451598
1587,-104.0,35.5,Cold,0.23537282645702362,Semi-Arid,0.6471701107576584,0.0229502012945932,0.8128750769417927,0.015242287789134818,0.7096742649942687,0.01886249249770101,0.9318375204452648,0.024721208276169346,0.6319521681000806,0.031423384106144446,19.12469107535272,0.807598323161491,12.857495750767322,0.3864483184840252,0.6062371938660285,0.025600211751148638
1588,-103.75,35.5,Cold,0.25002142786979675,Semi-Arid,0.5978273451754249,0.02651910494164559,0.794671053462066,0.016205825390129047,0.661141797232933,0.023791021167474103,0.9332469346035289,0.015878910920952543,0.5981705179464619,0.03128342126185153,21.119303862463774,0.8080452170013065,14.319231432390069,0.45683285910148286,0.6335293530738074,0.02423945253664731
1589,-103.5,35.5,Cold,0.2524879574775696,Semi-Arid,0.6481695501635184,0.026985372954990865,0.7863192714181282,0.011010778805421612,0.7251594806346422,0.02301819278669728,0.9551102400354535,0.02816289122518219,0.6056195306312905,0.026625533937773234,20.888732874630843,0.7027949412178013,14.292642648136075,0.2854157848161187,0.6277130335833584,0.021119210398570412
1590,-103.25,35.5,Mixed-Dry,0.25712063908576965,Semi-Arid,0.6634671875282349,0.02104046813282716,0.7741641881027016,0.008232738143172139,0.7558309327334157,0.02662764918402989,0.958818489111448,0.028956497168683197,0.5901761760129212,0.014175527422571596,20.791924774811367,0.3615686458150833,15.282943436783821,0.2764513035113047,0.6400974152623933,0.011131203971386979
1591,-103.0,35.5,Mixed-Dry,0.2568298578262329,Semi-Arid,0.6195916782205323,0.04008306666272964,0.7991669577584137,0.01877606512253937,0.6823543477166154,0.03457165343869253,0.9459472905457085,0.027460301374613885,0.6134926010230828,0.041563426365147225,20.60925339246173,1.1025740531469055,14.766992687339819,0.6309250603228101,0.6209866583091085,0.03322215335818344
1592,-102.75,35.5,Mixed-Dry,0.28392699360847473,Semi-Arid,0.6203089351903153,0.04112076356841491,0.7990500862830144,0.017881836107948763,0.6827531792444024,0.03787651926901459,0.9510219311704041,0.029352629890159857,0.6144661582087452,0.03912438569786582,20.77441195900078,1.0427392646048248,15.240100498983733,0.6903779099582278,0.6202889320684156,0.03113443721747792
1593,-102.5,35.5,Mixed-Dry,0.29850414395332336,Semi-Arid,0.629037429155934,0.03229678657651434,0.8219727404035153,0.02268373471973299,0.6780887078696268,0.030342038581670835,0.9665971453603305,0.03284825235672629,0.6480935627731151,0.03783155848409461,19.894000752230276,1.0728842838831445,14.513246972411824,0.7711665490883391,0.592528089052373,0.031955064364433315
1594,-102.25,35.5,Mixed-Dry,0.28178533911705017,Semi-Arid,0.6425924688006699,0.021551545931757298,0.8218619366278557,0.018389627174698907,0.6933263162737875,0.01757176592890292,0.9611159158461,0.01937370881441644,0.6530555600715104,0.031006241270234713,19.428487231188505,0.8667271787930102,13.787570292202991,0.5653979444633731,0.5885515605890311,0.02625596257770753
1595,-102.0,35.5,Mixed-Dry,0.2820895314216614,Semi-Arid,0.6528803381509943,0.027167248840807467,0.8159268062354272,0.017845878463211656,0.7073681938773566,0.024165216557350308,0.9776222969191266,0.020720898323153634,0.6511920108974956,0.030511606207120835,18.908523213571602,0.8236244092899234,12.58155983819599,0.4488132054802251,0.5901519702804074,0.02570605659804318
1596,-101.75,35.5,Mixed-Dry,0.29101040959358215,Semi-Arid,0.6481277967249726,0.03266583865832108,0.7985584516632644,0.024095287146609357,0.7129778083758207,0.028737246233115268,0.9874831827974845,0.023061242076844075,0.6283460872523191,0.038795481434386055,19.195808710213978,0.9979354455738049,12.945155493975852,0.5725217725337292,0.608976257226923,0.031658941895803226
1597,-101.5,35.5,Mixed-Dry,0.32261720299720764,Semi-Arid,0.6023518734591845,0.033116722703189355,0.7833363808813798,0.0195683684066427,0.6695052859726808,0.03253058196954692,0.9693540789469267,0.03040201943191324,0.595298638360023,0.03399688267353166,20.628717710785516,0.8623871006086368,13.918249146533416,0.49312499974732205,0.6357171724189592,0.026576266000424644
1598,-101.25,35.5,Mixed-Dry,0.32723426818847656,Semi-Arid,0.6191240695154544,0.021892777068193314,0.761938525514735,0.018418562237229333,0.7047208885467214,0.026214486551893783,0.9872546966344189,0.027461180054867064,0.5743602186388684,0.026627498682583153,20.55749808827606,0.6480693976835399,13.56153609074283,0.4256907100596615,0.6521515520184431,0.020558895917203515
1599,-100.75,35.5,Mixed-Dry,0.3442060947418213,Semi-Arid,0.6832339076799627,0.014603432362664795,0.7947562917825303,0.01727097572248159,0.7599577081340136,0.013889413070838193,0.9987223133683731,0.021549054056213723,0.6291612835804358,0.02695763780937647,17.98048304296436,0.6586147654583381,12.655259590205347,0.384860961159535,0.6086387231963224,0.02229408681451756
1600,-100.5,35.5,Hot-Dry,0.3393288254737854,Semi-Arid,0.6949430701530426,0.01739005044322182,0.8055990861938751,0.015539080784932359,0.766365441739185,0.021004833429990214,0.9907300972258166,0.019130325536647303,0.6458833389911478,0.024260725794894623,17.098832050295222,0.5877567619662035,12.081118163077283,0.33838755108067486,0.5947959683554137,0.020445569110382235
1601,-100.25,35.5,Hot-Dry,0.3404112458229065,Semi-Arid,0.7781472768301326,0.011938283292091267,0.8315441274891816,0.014628243843221603,0.8613751571805276,0.01721637343669274,1.0339391311678732,0.014926695210352524,0.6862355386045059,0.023812566539917156,14.185830192966876,0.543153001220324,10.83527587246875,0.4188623445462182,0.5598186391623905,0.021434570262294686
1602,-100.0,35.5,Hot-Dry,0.358368456363678,Semi-Arid,0.769448754474302,0.012045442902777455,0.8286951248597905,0.013208997746068379,0.8494366660806639,0.02035113566860142,1.0191602106632027,0.022837536351840895,0.6835727755970841,0.02264238268345348,14.487818480687759,0.5220426877906242,10.988432553235661,0.35837525629482403,0.5622267229769652,0.02025883676012741
1603,-99.5,35.5,Mixed-Humid,0.4094799757003784,Semi-Arid,0.7849990499040876,0.009416277621103027,0.8404832898796848,0.006460648128368189,0.8752030770814923,0.024292165247988395,1.066302663158965,0.02164966040980905,0.6914931270509094,0.011518510689305062,12.598989427124835,0.2363717679903143,10.007359689555964,0.1357491522694049,0.5553557656538353,0.010419123291634401
1604,-99.25,35.5,Mixed-Humid,0.43164145946502686,Semi-Arid,0.7918638769637643,0.015373504430801347,0.8547492277511299,0.0011737094696182527,0.8615620440501598,0.02628509398369089,1.0477904105897182,0.02261406047199541,0.7227347262762007,0.005621120572108948,11.881056858119502,0.12026955817292288,9.480205236336294,0.134358806465385,0.5265382666539151,0.005330041379974187
1605,-99.0,35.5,Mixed-Humid,0.46674397587776184,Semi-Arid,0.7733463490965525,0.018983279711977382,0.8465907420018693,0.0030403381957312503,0.8437210895232571,0.02966704839019195,1.0506183526685118,0.02315576427499545,0.7085921840941801,0.0014894239380440254,11.185616174479836,0.02856233236044919,8.69584845748802,0.13692872589567395,0.5398206145201174,0.0013784252531499704
1606,-98.5,35.5,Mixed-Humid,0.4858294725418091,Semi-Arid,0.7625815163974805,0.020357671898160377,0.8308822816511989,0.003258891568037647,0.8384521885554641,0.032952985193984104,1.0274757643583254,0.021460802791212184,0.6866447027974198,0.007284986929468481,11.480873501678236,0.13288134761605003,8.543076222827953,0.1733446733013694,0.5597514795917604,0.006478647371853585
1607,-98.25,35.5,Mixed-Humid,0.5158544778823853,Sub-Humid,0.7763323217492918,0.01857004899355169,0.8309687402837002,0.008379269922845056,0.873368472049543,0.036662957554162524,1.0632206236321164,0.026637428745418277,0.6766667129849769,0.013911278532060882,10.405405983627967,0.22611721783729521,7.966182931865676,0.16083944849177192,0.568516652551716,0.01235429006532102
1608,-97.25,35.5,Mixed-Humid,0.6270570755004883,Sub-Humid,0.6973469587984253,0.02463797261487738,0.8238277786971648,0.0031612064696345302,0.760216928369013,0.024106032084098138,0.9518471068238205,0.030828918568245153,0.6665997633274003,0.014593500975822404,9.330982139287688,0.2022274523395656,7.1262701108582975,0.07763791215478355,0.5772997521489792,0.012511636649886781
1609,-97.0,35.5,Mixed-Humid,0.6706064343452454,Humid,0.7116304863776957,0.013356284833107584,0.8486025085031079,0.0064608435052176455,0.7601297869874297,0.015370495197385422,0.9510877412632744,0.016806412031334903,0.7069773178965445,0.008992640541620802,7.868848138691699,0.12088930142116296,5.830120270183243,0.15884497492227215,0.541264597578089,0.008315460907611441
1610,-96.75,35.5,Mixed-Humid,0.6504643559455872,Humid,0.699268053137024,0.018060161445504062,0.8456508053903098,0.006114000834231186,0.7567524869324271,0.016980806739084513,0.9163104621287801,0.02353431342900353,0.6930489075756066,0.00921896286778868,8.124261847028434,0.12167928044364229,6.024459263624642,0.14390464246655335,0.5539819657864038,0.008297138650239283
1611,-96.5,35.5,Mixed-Humid,0.6823539733886719,Humid,0.709584213374798,0.012551703674463703,0.8512983363870295,0.00691486073604388,0.7609404673379773,0.011384457401836448,0.9303823001834202,0.016475715165526754,0.7077993390119717,0.012173789223548608,7.369351257056846,0.15521186940948012,5.299654318459718,0.21992011652261523,0.5404599907950283,0.01138306515542985
1612,-96.25,35.5,Mixed-Humid,0.7161192297935486,Humid,0.7240022457636632,0.01271820588049826,0.857177478330601,0.009094711134802088,0.7830916742755066,0.016344303124219597,0.9112154537047099,0.029455313919849267,0.7143713350142787,0.009745561662096556,7.308016029513608,0.12579666206029627,5.355062111355389,0.1495039397867138,0.5343790550046237,0.009198543232942455
1613,-96.0,35.5,Mixed-Humid,0.7763071060180664,Humid,0.7212399671743446,0.011844367745701608,0.8585889595796591,0.007817079309746183,0.7796122542584708,0.011497472909688864,0.905136384141756,0.011056774479083395,0.7158020381102306,0.012215821348327136,7.275761660196858,0.15772599639111295,5.190532020437912,0.14406397497515527,0.5330020220190449,0.011554566920648312
1614,-95.75,35.5,Mixed-Humid,0.8080741763114929,Humid,0.7350788200113343,0.016026297002531952,0.8750893491210526,0.01546095542694866,0.7842575210551104,0.01871254331371684,0.9131395517531093,0.016774967703134296,0.7445830016187859,0.02024041166931658,5.658005990968904,0.22204987148587446,4.055413652873293,0.21646995259260735,0.5050768982547217,0.019821870200731197
1615,-95.5,35.5,Mixed-Humid,0.8240667581558228,Humid,0.6441907042975039,0.03087950994689617,0.8583311529495257,0.01812214470238428,0.7077768901061882,0.03240712829358707,0.8572642950163258,0.022975347763030594,0.6788755149355791,0.027238848049676002,6.247036027294557,0.26460733309548734,4.386701327548769,0.17700093441086445,0.5662722247099624,0.023985740202533107
1616,-95.25,35.5,Mixed-Humid,0.8370732069015503,Humid,0.6881313474468413,0.05375327426570875,0.8777446485751884,0.011373878144843797,0.7469598789926936,0.04739976409520255,0.8680221604888914,0.03998252641883541,0.7232479185047073,0.033033862193520544,4.746348760878961,0.2764410111540435,3.29013432041313,0.17728333347704125,0.5253599415277351,0.030598474906184805
1617,-95.0,35.5,Mixed-Humid,0.8721936345100403,Humid,0.7102257130249484,0.050773910586413465,0.870867054290061,0.010060916249953296,0.7704979431835388,0.040311233078275575,0.884724562879249,0.050194835346042944,0.7253954424936803,0.03107973751785529,4.767225099786654,0.2621135712018257,3.3349865771791443,0.13982672282203562,0.5233947281974379,0.028777508610235095
1618,-94.75,35.5,Mixed-Humid,0.9077582955360413,Humid,0.7727175313644234,0.046827684453189244,0.8676773522591217,0.010622390483461972,0.8275682955904697,0.05279835634678923,0.9709439014152992,0.06128776619745567,0.7435612770963819,0.023198486667944454,4.636202412217682,0.2096430040941969,3.3038320448970744,0.16149064794460102,0.5059841199056198,0.022879939547383137
1619,-94.5,35.5,Mixed-Humid,0.9479272961616516,Humid,0.7799069298731085,0.030798543883530885,0.8745141206007212,0.011080545980939296,0.825546989321017,0.039448417056219855,0.9782828181540294,0.0388014179069682,0.7585506825065668,0.0171425518095678,4.206736890228842,0.14844772045552265,3.0823039263969743,0.132518934575904,0.49113035455422355,0.017331053375225676
1620,-114.5,35.75,Hot-Dry,0.09225847572088242,Arid,0.7958394831409719,0.0250478447684426,0.8885582820341039,0.006050696544638141,0.8378190279200372,0.036884926505241646,1.0464006973842745,0.015443297691221398,0.7783367056233537,0.009001075131592056,19.394899067150924,0.39367454179062533,14.655052374614144,0.33656650021998585,0.4707337440894265,0.009554877824739976
1621,-114.25,35.75,Hot-Dry,0.12992165982723236,Arid,0.7887647470279318,0.023568218101824794,0.8807516111369853,0.011469729289195466,0.8302175247714432,0.039092759025907434,1.0210948601692478,0.017521478122201298,0.7691791877675885,0.016760734956049166,19.92348570831325,0.7204782255141425,15.369695799547282,0.3384370083949762,0.4801870338233861,0.017364647286574764
1622,-114.0,35.75,Hot-Dry,0.12299466878175735,Arid,0.7841620576658062,0.02082680071312284,0.904915615669428,0.008193178812052388,0.8153567975117662,0.024989927727660104,1.0490508627870043,0.03239565192903596,0.8011775400053498,0.017541914089927918,18.09064084309863,0.8234950620924477,14.538420309189917,0.68097097461885,0.4455260024505723,0.020280567517418722
1623,-113.75,35.75,Hot-Dry,0.15081249177455902,Arid,0.7691513451539397,0.02386363513915284,0.9054868555688987,0.005045052900216964,0.792135067557486,0.02475183290691201,1.0172584173354016,0.03157882396791085,0.8036206145553292,0.011689045444581181,17.808100730138808,0.5240521854336052,14.396212884722502,0.6005109811441635,0.4429937124354037,0.013036304469135252
1624,-113.5,35.75,Hot-Dry,0.1147029772400856,Arid,0.8042102090632106,0.017070263324053588,0.9180543996743651,0.004130452144685892,0.8228939395174055,0.018075100220653346,1.01207368736581,0.008967262800621722,0.8329261368312778,0.00865956156798223,16.16104360505453,0.4193824806209802,12.959182688910627,0.38527794282350364,0.40863664031492625,0.010604206762631203
1625,-113.25,35.75,Cold,0.15476445853710175,Arid,0.831222551962813,0.02594313137741836,0.9268563338820858,0.006170283301188289,0.8539521145364131,0.027496662159127203,1.0365222010215498,0.02165354615119776,0.8486907738038558,0.012692167967859089,15.160871708632456,0.6365100857451682,12.14539439647756,0.5421318221132984,0.3887109007507291,0.016319537129652655
1626,-113.0,35.75,Cold,0.24053868651390076,Semi-Arid,0.8074856217936215,0.04689699145367084,0.9197879559146965,0.00885411278533416,0.8510709255827423,0.0463517280045247,1.0884453090872206,0.027462058773848705,0.8184519114161113,0.02698133976024628,16.500567636248384,1.2192758939838848,13.438680757452943,1.1812991531009938,0.42515704245680286,0.03141611515753431
1627,-112.75,35.75,Cold,0.18920393288135529,Arid,0.8149530606863251,0.017432238194921575,0.8939381773444938,0.003562995306194063,0.8781748280554504,0.038967360155520374,1.0815795195348425,0.02536866339231223,0.7812290148393093,0.015451068630913476,18.699381550191525,0.6479718540184355,14.347986098454584,0.3373131942010729,0.4675051153920572,0.016200009373068872
1628,-112.5,35.75,Cold,0.17331255972385406,Arid,0.829988579581841,0.007195785218934713,0.9118519479154473,0.011269761816910502,0.9110090628559282,0.0372891501143974,1.1071900579543843,0.02627121595151884,0.802437852291621,0.030642139593644868,17.50382214445521,1.3441847076669504,13.681691726352494,1.0115001449252414,0.44343484317977777,0.03405303882373864
1629,-112.25,35.75,Cold,0.1642482429742813,Arid,0.8486655500230178,0.02434659681416381,0.9092390906114872,0.007546227193683139,0.9003960997243265,0.03267384313882568,1.0642873542252882,0.015221579183911276,0.8158871603781714,0.014114189574871955,16.802801035997486,0.653356072612335,12.943495993449122,0.5584625325115724,0.4288244554734016,0.016674306948466024
1630,-112.0,35.75,Cold,0.18682868778705597,Arid,0.8392283811424697,0.04021531967549408,0.9156710668237082,0.010439101386011328,0.8666359972881196,0.04227699667603997,1.0080052591604436,0.028785091336190054,0.833483732922043,0.02246718012027177,15.483616495874688,1.0606330870286909,11.953904524000786,0.7806258201119376,0.4073002942003461,0.027900211071522206
1631,-111.75,35.75,Cold,0.20987293124198914,Semi-Arid,0.8736253992498197,0.027012998801335755,0.920032735046342,0.011293251229827361,0.9068070031617816,0.029318538529839833,1.0233506817127789,0.013212567784096588,0.8445187738206948,0.020222464306190797,15.088504583506616,0.9565841669746392,11.443415530549903,0.4785509625705411,0.3936786556766831,0.024958521688612272
1632,-111.5,35.75,Cold,0.10534614324569702,Arid,0.8631853003023287,0.013254255297892096,0.9219564705085826,0.004621751712858126,0.9078064456880485,0.026651798513358152,1.0597953911010336,0.011593444741414027,0.8413903313507873,0.0069127652236955035,14.298088759819024,0.31242786743404494,11.218931590842576,0.2370605788941863,0.398182253559155,0.00870068961098987
1633,-111.25,35.75,Cold,0.10361125320196152,Arid,0.8211827495497077,0.025107196240874312,0.884021097463133,0.004449810908257726,0.8958546970711343,0.03724178614662505,1.0810082422398197,0.02487015461527143,0.7645033208760055,0.010980190253070966,17.316290014861796,0.40391622904973046,12.840417469092671,0.3451571560232538,0.4851744202883362,0.011317079010923348
1634,-111.0,35.75,Cold,0.13235993683338165,Arid,0.8468681806411411,0.009801451164248506,0.9118467867529297,0.0049406174120616665,0.9202462674506842,0.02928255377112175,1.0891217538673472,0.03054449332028352,0.8107591055609769,0.010737613479364302,15.370505105876944,0.43893365426085335,11.765849868644676,0.4458967302945659,0.4348764363330554,0.012418713766187235
1635,-110.75,35.75,Cold,0.14861546456813812,Arid,0.850522908809926,0.018362924482792184,0.9136690632992321,0.00985766685357739,0.9069512226525609,0.032464293736020056,1.0705914293289245,0.02734089711514375,0.8208631012469718,0.010762854296682035,15.761627600465705,0.46758202552103834,12.13777161457246,0.14901008082664013,0.4230967574441881,0.01255152347536061
1636,-110.5,35.75,Cold,0.14086370170116425,Arid,0.8091792845688485,0.021531582601102866,0.8867310483068487,0.00821124136313224,0.8611223007935187,0.027671945856963927,1.0625445205259532,0.01050095334617582,0.7755818090576666,0.013929990083560882,17.707393946336914,0.5527411628267779,13.416192257671451,0.28495922680532126,0.4735434403787574,0.014781788482098714
1637,-110.25,35.75,Cold,0.15741923451423645,Arid,0.8069977705162806,0.009600489493027674,0.8859557364887763,0.010840217529679598,0.8803888378827096,0.024668105770670124,1.095427808520419,0.02010549414625072,0.764568031092649,0.017696249786543872,19.42986965545312,0.7439183472196056,14.44288952639376,0.3438208350806019,0.4849290592038815,0.018566651791226192
1638,-110.0,35.75,Cold,0.17135123908519745,Arid,0.8267474913085213,0.023405267677680544,0.9020966506091875,0.011048424641776869,0.87385233255023,0.03742359695094257,1.0578048094241352,0.022274047616420566,0.8040398277892754,0.018816474073611325,17.535093335440582,0.8547616932078038,13.430078224381816,0.7081658996294575,0.4422537442304444,0.02155800097635511
1639,-109.75,35.75,Cold,0.17669297754764557,Arid,0.8458814703165212,0.0202676114023938,0.9144552680541725,0.005140091725261343,0.9004183890179063,0.03496281998205264,1.0758723819201539,0.010669456547819976,0.8226758225946998,0.010044593785045682,16.644894375474696,0.4702597031468062,13.028689490758172,0.4744119420544473,0.4209643893371792,0.01189329197887642
1640,-109.5,35.75,Cold,0.18678928911685944,Arid,0.8484929418253182,0.011908557669943705,0.9166785043764476,0.005372285709958339,0.9273845392111328,0.019182691601358146,1.1021810528730316,0.010835453379118247,0.8167694020933871,0.01008319349296038,15.444112448540801,0.424257698104111,11.787677334840733,0.2828829998333744,0.42792528288492904,0.011755327221439908
1641,-109.25,35.75,Cold,0.2487746924161911,Semi-Arid,0.8344106199480918,0.025848126377864884,0.9027618087292545,0.005456612009921177,0.9205352576117466,0.047232237445255856,1.0998673480447578,0.022428159500731955,0.7907706747289899,0.016467030878014634,16.507591836303195,0.6547648814628257,12.496217487241577,0.6006981102606441,0.4571283374400618,0.018131753234835884
1642,-109.0,35.75,Cold,0.22756388783454895,Semi-Arid,0.8400756616520519,0.02762590615906881,0.9041484070676311,0.003483636375425555,0.9925291270274712,0.05465526867149797,1.1167638094643975,0.03372221532006976,0.7743573576680343,0.022665288833369976,16.2329306918199,0.8150193412536787,12.252145135012503,0.7283596991756102,0.474540319079264,0.02382561384612995
1643,-108.75,35.75,Cold,0.1548454761505127,Arid,0.8367849883818984,0.013084962451335374,0.8916652242706637,0.008996390693164342,0.9708642094881114,0.03825394534285655,1.1106384807307048,0.02988482407644194,0.7563682204134458,0.022774292804729833,16.445169815314255,0.7763335488446692,12.249401497415061,0.6500788913906026,0.4931512937273137,0.02328038556465033
1644,-108.5,35.75,Cold,0.17924927175045013,Arid,0.833303085958819,0.01933519330874242,0.8780259175311359,0.00640511717726845,0.9790828664187063,0.03156742245166558,1.1049183221689733,0.03416615949871792,0.7302411026841329,0.030749205398561626,17.155933117523052,0.9891650085708212,12.930041154691901,0.8545505111968827,0.5186939159457333,0.029906497553784477
1645,-108.25,35.75,Cold,0.1798166185617447,Arid,0.8248940547536477,0.01927459550767309,0.8758523330193098,0.012781371153020709,1.0034737453607074,0.023190999788060346,1.1209986633382152,0.02040112427095058,0.7104157584012847,0.036180954496170876,15.189846985444763,0.9550536533491434,11.167204681915814,0.6017037327557833,0.5372813986924958,0.03378128582792834
1646,-108.0,35.75,Cold,0.16411323845386505,Arid,0.8264219762548987,0.01855446995040388,0.8771359902988802,0.009727353038647208,0.9228412538087547,0.019601634484485386,1.0933176232556714,0.018181475131178477,0.7436582942994564,0.02041787227282822,14.483350102830638,0.5876629655060932,10.855072613754569,0.4076561898741099,0.5059689022404681,0.02052972436856191
1647,-107.75,35.75,Cold,0.18189720809459686,Arid,0.8342472679027715,0.016390369031894263,0.8924584605677509,0.006978373491512191,0.9604696731200191,0.021762942779896505,1.1179503404408677,0.016989430481248055,0.7487215180152464,0.01570067200463824,13.106452728390062,0.4115498536389553,9.785142234685413,0.2833592950807562,0.5010792659941893,0.015734165670527295
1648,-107.5,35.75,Cold,0.17066766321659088,Arid,0.8216152977330641,0.0058047483488464875,0.8863142428379124,0.011572448366107962,0.9135448985597684,0.019060321695413864,1.1034270694509696,0.021041313657582692,0.7526849293494781,0.02110683053913847,13.257266704144623,0.5605758492978535,10.023063714809805,0.37851252285364073,0.49695253489419944,0.021013350302588732
1649,-107.25,35.75,Cold,0.15815232694149017,Arid,0.816496200493628,0.00896824945182202,0.8787305846916619,0.009501885545387547,0.8967046300276149,0.014246822065858176,1.087304160724557,0.025128688554278883,0.7464364688444033,0.026369016349444895,12.988100559050983,0.6895943264512497,9.918716953287987,0.4366807040028597,0.502984075369102,0.026705595871610983
1650,-107.0,35.75,Cold,0.19952119886875153,Arid,0.8080273746600662,0.01223680834087726,0.8644669213948664,0.0092742989961796,0.8695917940839824,0.02198487322290936,1.0134472420184992,0.034667325399455544,0.7431335711657387,0.019957807096780536,10.82338916049191,0.41245553070429597,8.226190271219169,0.30502884855107176,0.5065257714069579,0.019302581914329323
1651,-106.75,35.75,Cold,0.2728980481624603,Semi-Arid,0.7782809773767356,0.029619868929033896,0.883513568587602,0.004635155986878179,0.8148064897620152,0.03578008906381423,1.0263550508817325,0.01801114590065887,0.7721526546340582,0.008547201735459264,10.367691393125408,0.19546881632107052,8.046306286772344,0.3615412537686604,0.4772657239691466,0.008998200524827249
1652,-106.5,35.75,Cold,0.4021264910697937,Semi-Arid,0.8134833544660205,0.027352574881279394,0.8791288714537131,0.005788542563826995,0.8794958796253548,0.057575310108445556,1.0492359352530354,0.03796381225124661,0.7600392390247228,0.0154322840583605,9.538377032475438,0.3048688218039509,7.214826777226053,0.2760728905844195,0.48965784760511244,0.01565060917367481
1653,-106.25,35.75,Cold,0.23534707725048065,Semi-Arid,0.7569991839664135,0.020307186789521186,0.8390191972353682,0.009365190493013096,0.8202477720284831,0.027080566186164928,0.9987959243822395,0.024882696229578196,0.7014055821564684,0.01384369204741288,10.476234550255672,0.2437311647161311,7.951183076958033,0.23641428917049492,0.5463196667859431,0.012710208811601785
1654,-106.0,35.75,Cold,0.22253966331481934,Semi-Arid,0.7209333674784212,0.020133487140414276,0.8138552912671175,0.012712334022596548,0.7989866656439155,0.031459358588453404,0.9588505849133642,0.02578633230580722,0.6532755315759952,0.015371877024483845,11.067108493802788,0.2419074162717381,8.273265671485742,0.19439007835451666,0.5887206400463623,0.012868391867596475
1655,-105.75,35.75,Cold,0.6571524143218994,Humid,0.6205505198716927,0.03193376938186934,0.7079877216855709,0.022914666429586145,0.7725380084999639,0.07739310438716293,1.0290269440257678,0.04654579858536944,0.48120797217174305,0.04974946089198569,12.97319629371635,0.622697718923137,9.240987612369937,0.5936600329158975,0.719609336867137,0.03454037713127005
1656,-105.5,35.75,Cold,0.5932457447052002,Sub-Humid,0.6216176718073443,0.03706762644099029,0.7322334864546269,0.022234631185542482,0.7454787331319302,0.06453308227122988,1.0406692137576665,0.05490115430623054,0.5167656669065459,0.047454144765547816,12.6560718054159,0.6141947798778327,9.372530723556086,0.497595154165994,0.6944966397229015,0.0337036813095487
1657,-105.25,35.75,Cold,0.3121228814125061,Semi-Arid,0.6331579816852965,0.021393566142910107,0.7481406106144569,0.024377877712144877,0.7369889159313476,0.034272068672637636,1.0003987631552596,0.033837632011077166,0.5539436883311897,0.036751313757314864,12.527326349304843,0.5124199061913769,9.379033797836124,0.42332943958480856,0.6674279392050065,0.02730058692978101
1658,-105.0,35.75,Cold,0.2814679443836212,Semi-Arid,0.6282567859614836,0.025383752821847256,0.6817863659537657,0.008909467802887825,0.8144782332754635,0.046663667812918586,0.979023439563781,0.03131942272928158,0.4398956656963433,0.014602871348308833,14.001461854704852,0.1828049238657846,10.553869277131595,0.16687670234986476,0.7483501608617571,0.009770557931799935
1659,-104.75,35.75,Cold,0.2830151319503784,Semi-Arid,0.6515448729239655,0.019857823523319437,0.7151783134919669,0.010839365017346196,0.8053645216799484,0.03866015814882847,0.9698752718565302,0.02580941223931631,0.49513008840518735,0.017890809073792945,13.106835390355291,0.23287358692069152,9.974925446609557,0.11656313339239735,0.710452280306279,0.012622846470830992
1660,-104.5,35.75,Cold,0.2622808516025543,Semi-Arid,0.7190462887133923,0.02634083070706257,0.8126548038006808,0.006936257570347503,0.7939257056823217,0.032434222344341554,0.9839344583865056,0.03136574708643319,0.6555064488689213,0.014675221823034438,15.145048693942769,0.3203352232743025,11.301205047538772,0.3200342895100936,0.5868307269061408,0.0124121457597481
1661,-104.25,35.75,Cold,0.2529942989349365,Semi-Arid,0.6804179983476208,0.01857905111590519,0.7942611366581283,0.014936398590202307,0.756955243891817,0.018348116125821958,0.9868982183780431,0.022082548406621598,0.6272246976470679,0.024754014940616725,15.895359741580517,0.5262370486160728,12.056368583373073,0.3488847241205809,0.6102857778207331,0.020204323258733226
1662,-104.0,35.75,Cold,0.25296249985694885,Semi-Arid,0.5577639555294087,0.024492415945743563,0.7264682446467188,0.028794859213592334,0.6570838871836072,0.020147681175696902,0.9531258667041369,0.02388245729037192,0.5146330511206341,0.0398762622047125,23.474027089260677,0.96691726908055,16.111961997549233,0.5403269743002965,0.6962104758641022,0.02867756475989442
1663,-103.75,35.75,Cold,0.2354772835969925,Semi-Arid,0.5846092766309507,0.03714293194432946,0.7549181243334222,0.033155211011716715,0.6722740399176513,0.020279152956033768,0.9337282022167532,0.027003227880053427,0.5484462548446782,0.05536344215743677,22.74308601785428,1.3771722895872953,16.30201230091071,0.866239415074204,0.6709940702467436,0.04063100492588248
1664,-103.5,35.75,Cold,0.25270992517471313,Semi-Arid,0.6226666528354639,0.030635590846364816,0.7538298302015989,0.012156740554911907,0.7174389170068582,0.02721891377137194,0.9657671329430493,0.03177960489010964,0.5605926231086104,0.02595470416876877,22.07621315722299,0.6444409158106005,15.829807697250718,0.4653484483781723,0.6626522673870241,0.01934390789840435
1665,-103.25,35.75,Mixed-Dry,0.24942424893379211,Semi-Arid,0.558339207136352,0.03974764092663689,0.7458373045562874,0.021640101212873308,0.6469340867372412,0.028975026902412385,0.9265551480689773,0.028140670085399357,0.5281131044669887,0.047310576716979684,24.211191606805308,1.1791042908129283,17.245828147986597,0.7964180538974229,0.686289462543804,0.03342284275663842
1666,-103.0,35.75,Mixed-Dry,0.2501089870929718,Semi-Arid,0.5893334996573486,0.032113336913217765,0.7720081069251344,0.016307952713996147,0.665230851645509,0.024886500249833108,0.9375034086731866,0.03176570342747753,0.5693408007885518,0.038147927531458875,21.87954227624699,0.9521155183114074,15.737542131587844,0.6292341932811285,0.6557497748218162,0.028535767743865098
1667,-102.75,35.75,Mixed-Dry,0.2510851323604584,Semi-Arid,0.6347603084041717,0.02716396669784867,0.7805643898696933,0.011391499738783189,0.7101548637151373,0.024849080265685563,0.974351521135544,0.026751360994228778,0.6004123246781401,0.02195178445251413,21.51810900224624,0.5921684828262226,15.17773677657389,0.4002642359914465,0.6319380726587491,0.01739064569695206
1668,-102.5,35.75,Mixed-Dry,0.2619461119174957,Semi-Arid,0.6781272105553975,0.021714882830126313,0.7949138849778692,0.011244897711739445,0.7539416602414271,0.019130223391535677,0.9742724133114342,0.01995185142507396,0.6270158507380251,0.01996854156704003,20.43849954333546,0.538810623768716,14.169347130855973,0.5602861140879255,0.6105545760480459,0.016095765311331896
1669,-102.25,35.75,Mixed-Dry,0.27049583196640015,Semi-Arid,0.6007703731699834,0.03997080732814916,0.7814613914647017,0.028245893705010777,0.6731773936132416,0.03185916650145568,0.9352152366324133,0.02353063582712655,0.5848254980246149,0.050349353619310484,22.481893448138567,1.375690445612304,15.1991124126307,0.8690321025215969,0.6433774719641183,0.03936893674658522
1670,-102.0,35.75,Mixed-Dry,0.26878267526626587,Semi-Arid,0.6056997650452274,0.02500422459481648,0.7693624318309237,0.01742605237100592,0.6829187041627411,0.019883831543042622,0.9645301119193613,0.022947441463331678,0.5796535556978677,0.029711871742210953,21.58828921630061,0.7625257408868579,13.671466499295184,0.5510899447311672,0.6480179981622535,0.02288881713626428
1671,-101.75,35.75,Mixed-Dry,0.2728656232357025,Semi-Arid,0.6038618603113055,0.02401316497504362,0.8134281350290262,0.02026420375518759,0.6564811898236794,0.017742044256375513,0.9386933091725229,0.017089939848300553,0.6265428013356976,0.03426098956047147,21.200367563973042,0.9726194124304319,13.744413981274795,0.7255108824915346,0.6105976011581902,0.028012678472571495
1672,-101.5,35.75,Mixed-Dry,0.3060148060321808,Semi-Arid,0.6034874249984408,0.031378422596141486,0.7762415011003774,0.01942001253498288,0.6750402418360599,0.027427076456667247,0.9654043532209492,0.017422410079050637,0.5883748588527937,0.03314937306766841,21.91543281249368,0.8774021354410019,13.951798638047654,0.5652174914935082,0.6411692390359128,0.025669730747388313
1673,-101.25,35.75,Mixed-Dry,0.3148397207260132,Semi-Arid,0.6212306937455028,0.02796205759519657,0.7776082291508872,0.006011846412534246,0.6943352590133715,0.029505948352687245,0.9913605184120895,0.022433785853051995,0.5960652302553874,0.015396927206748469,21.69966688125466,0.40922271663352855,13.395541693091218,0.2376788189694657,0.6354682347849293,0.01198396449106991
1674,-101.0,35.75,Mixed-Dry,0.3390134871006012,Semi-Arid,0.616746795182382,0.02807040570594956,0.7703416369262951,0.00656124660448931,0.6950569185710047,0.026984392093037254,0.9753243338734825,0.026321951517980557,0.5845528556886672,0.018910483655092517,21.890585654711856,0.49180628842623186,13.150573714050768,0.19571704072472537,0.6444217994450975,0.014477944919569967
1675,-100.75,35.75,Mixed-Dry,0.3611527383327484,Semi-Arid,0.6789825074620759,0.021741898823584023,0.7822467988104543,0.022056087784359423,0.7656131906179325,0.017029778717516156,0.9994605046324917,0.023856001703791267,0.6102715033599777,0.03456719645577877,19.20994538912325,0.8388295281955327,13.260016210016252,0.5247078911522443,0.6238067876605474,0.027239408690601707
1676,-100.5,35.75,Hot-Dry,0.35553213953971863,Semi-Arid,0.6533219839239214,0.023047916638775527,0.7604061053790782,0.02643667631151611,0.7508681745289876,0.018908375215590544,0.9987333589072603,0.019103900504976054,0.577028649388435,0.03974547627276451,19.694249714825126,0.9050407477836973,13.186392262087333,0.5948430324820931,0.6498137914525154,0.029861912398401105
1677,-100.25,35.75,Hot-Dry,0.3591741919517517,Semi-Arid,0.7246068857465207,0.011013121052045478,0.8087581325385766,0.02064310738496807,0.813778059546363,0.01570360517695158,1.0612620293543626,0.022223477196466408,0.6424201744391348,0.03241218235056041,16.26692527266591,0.7438721332413859,12.349723333416586,0.5090021054532953,0.5974802269324039,0.027322243357482155
1678,-100.0,35.75,Hot-Dry,0.3684065043926239,Semi-Arid,0.7306213457321256,0.008886111123549773,0.795384397628166,0.019906555678791054,0.8328686533447358,0.015141716920250344,1.042794990424636,0.02489359198235615,0.6241333737747903,0.03320476299577584,16.22812444404359,0.7280685535529068,12.323010565120615,0.48590189991948957,0.6125866091133856,0.02748346230403512
1679,-99.75,35.75,Mixed-Humid,0.3864060342311859,Semi-Arid,0.7226807843779783,0.0174629177505901,0.8022835423317618,0.014093696623625864,0.8081115108567924,0.021239447451873103,1.0091492495120087,0.028138371378524638,0.6412008150460162,0.022139210249150238,15.709852901831331,0.48417558413034023,11.887701005093527,0.3199156747481744,0.5987710276647275,0.018454043706933675
1680,-99.5,35.75,Mixed-Humid,0.4136907756328583,Semi-Arid,0.7520630119754864,0.011737859394073707,0.7844515270495023,0.0113149580789267,0.9059441932029768,0.02436101363179616,1.0709835984035834,0.02871131898187344,0.5840661784193559,0.015740570227425577,15.253586087275465,0.29194844106159396,11.98883544779508,0.16905391442552242,0.6448348340530243,0.012341919039027652
1681,-99.25,35.75,Mixed-Humid,0.421100378036499,Semi-Arid,0.7457054776851041,0.016883765333380818,0.7899407520064915,0.013726185520093529,0.8690566700197928,0.025820886289276423,1.0493668423454952,0.025038065460462194,0.6093051071596323,0.02269303837077818,14.955455008347254,0.43844166990757644,11.569775033175656,0.42248766393565085,0.6248411389316415,0.018318158305931465
1682,-98.75,35.75,Mixed-Humid,0.4750104546546936,Semi-Arid,0.7621998964421579,0.016113798550503336,0.8056420112561715,0.006426433956739786,0.8774311154237214,0.033815455495734136,1.0451974156140136,0.03478181915650803,0.6349984834144965,0.017519739980081366,13.027467644370367,0.3122257581404108,10.039980418761209,0.24661812221075036,0.604014790349671,0.014476257473296669
1683,-98.5,35.75,Mixed-Humid,0.502471387386322,Sub-Humid,0.7622023843175744,0.012799402392775737,0.7937151817473521,0.0038372719174019497,0.8999088059378975,0.03437765355132076,1.0482149095682995,0.03211652096237686,0.6098183059416223,0.015693683751250787,13.47989602318745,0.2699586871381086,10.303422563615982,0.19432385987123568,0.6245450677789071,0.012507616250611666
1684,-98.25,35.75,Mixed-Humid,0.5059229731559753,Sub-Humid,0.7518610507138165,0.021406924328841333,0.8095194431956381,0.006150897099521833,0.8516423215819275,0.037703996907739956,1.0448800670600367,0.024107562621928928,0.6467264947986893,0.008249827300344424,12.123819102779594,0.14147995421709306,9.340104527751368,0.17741000076157612,0.594335782683522,0.006935652751892879
1685,-97.5,35.75,Mixed-Humid,0.5928524732589722,Sub-Humid,0.6910080736310966,0.04370180806516365,0.8421364745359217,0.013146088813910215,0.746184147269196,0.04167902970064199,0.926352648753511,0.02976171900169238,0.6853325977991347,0.0330426964307027,10.225936150369645,0.5469145743143126,7.763289380480806,0.34701540032645634,0.5603114994687366,0.029967185469301078
1686,-97.25,35.75,Mixed-Humid,0.6169728636741638,Sub-Humid,0.6490797490084679,0.031814085558603704,0.8333702905682777,0.007335105493002563,0.7006703144053825,0.03444973178954049,0.928033769841209,0.022896564338109326,0.6637605397018065,0.019566632625284908,10.622131132877215,0.3084139325693446,7.972418106443771,0.1355146217796197,0.5796661490207141,0.016830626016606225
1687,-97.0,35.75,Mixed-Humid,0.6606633067131042,Humid,0.6411174063894084,0.02611455637092006,0.849855806177267,0.0027203450340190574,0.6923889754513471,0.024975938172347244,0.8941473451975271,0.024102072970722203,0.6762993369654614,0.014127420530380741,8.972068999810315,0.1941203561286594,6.424478385448381,0.04665873608091811,0.5688404731391321,0.012307475034855124
1688,-96.75,35.75,Mixed-Humid,0.6766902804374695,Humid,0.6238539942414904,0.016734492310006826,0.8611964168688491,0.005255222667418593,0.6689669246657707,0.01716369617060044,0.8879663300912952,0.008000743767499093,0.6837931610850656,0.012972081495273844,8.988678548284016,0.18467343604006278,6.347832578013588,0.1154523657722307,0.5622277988408868,0.011551034881429705
1689,-96.5,35.75,Mixed-Humid,0.6866177916526794,Humid,0.6220119549492982,0.018276970396836106,0.8619516248514738,0.006144046748270936,0.6752690259587792,0.01785739296554913,0.865300900699102,0.016026733455492288,0.6779804875895452,0.014045695355790982,8.341896662456367,0.18166538833760623,5.955268533398359,0.09878527572340517,0.5673600113274493,0.012355664539565232
1690,-96.25,35.75,Mixed-Humid,0.6980220079421997,Humid,0.6302192729550715,0.011838172731361792,0.858732068099673,0.005499830390118916,0.6929884223396569,0.013005568511751171,0.8501127434223289,0.0037845934712032645,0.6718316491775902,0.010520714493987974,8.2699045848985,0.13236896169074158,5.887260198151092,0.18746596170465774,0.5728011037241467,0.009168314649449725
1691,-96.0,35.75,Mixed-Humid,0.7387178540229797,Humid,0.6116729283554438,0.01146485380414382,0.848854333007362,0.010829436579553185,0.6843167028267699,0.010850813703819726,0.8324236814781452,0.012858659161953409,0.6472032570245039,0.012887300312534601,8.703182584970929,0.15996450829208253,6.135152701335751,0.20047198358415688,0.5938867080880972,0.010915638539465785
1692,-95.75,35.75,Mixed-Humid,0.7790468335151672,Humid,0.6115690677970675,0.029463928293893722,0.8624859767551867,0.010278786351161298,0.6764103090655883,0.022620394291995197,0.8360786987918878,0.027125434126917498,0.6662047151643764,0.026034545437783323,6.754590956184475,0.260025702318844,4.596685780217209,0.19018031191110416,0.5774080171714496,0.02222798185167217
1693,-95.5,35.75,Mixed-Humid,0.8019804358482361,Humid,0.6562537975535907,0.06452984275378332,0.867367231822902,0.008854962850643218,0.7110851068730715,0.06233633820741748,0.8757783788094302,0.04778952294117112,0.6967613074861939,0.02896892335526004,6.129155845051676,0.2893493615459044,4.249032074494885,0.17322762728091504,0.550180881255673,0.02597331357704282
1694,-95.0,35.75,Mixed-Humid,0.8784855008125305,Humid,0.7048470942831374,0.043865035189045894,0.8567764505577904,0.015756782505203647,0.7723658202923402,0.03958109902365207,0.8831547857918428,0.03904308769796285,0.7019589671082178,0.02931462794782674,4.405060094684563,0.2123987085522007,3.1587376883635825,0.14862986469123318,0.5454243621862478,0.026298717304913965
1695,-94.75,35.75,Mixed-Humid,0.9598204493522644,Humid,0.7673339804680823,0.03782541792230431,0.8866027230633344,0.01163313667462775,0.8154627654077707,0.03283089426749356,0.9189703929920698,0.0321869124865057,0.7695563784870183,0.025320854686088887,3.986837641497248,0.22010543853905676,2.8005125071427566,0.17089942770835667,0.47946124782199184,0.026470109320707258
1696,-94.5,35.75,Mixed-Humid,1.027254343032837,Humid,0.7536783234797262,0.04125297006726046,0.8722045742365447,0.012123156911335756,0.8044166154536514,0.03581300062739979,0.9296640076024799,0.04123860166905122,0.7468896283405975,0.02819911096664097,3.7881425607701082,0.2108150979874187,2.691782934562331,0.13775558260867427,0.5024786577622141,0.02796359581863066
1697,-114.5,36.0,Hot-Dry,0.07409609109163284,Arid,0.744718434768149,0.03551237795598311,0.8719287772726302,0.009873593198493225,0.7878540445273885,0.03969759140989971,1.0537001415199059,0.02614913332809849,0.74105907436367,0.025614150632002418,20.896905865045245,1.0280956404369834,16.00589391069163,0.9050595365585543,0.5083704198872778,0.02501104306008689
1698,-114.25,36.0,Hot-Dry,0.07930445671081543,Arid,0.754951234009139,0.03202530287054436,0.8839818807113765,0.005402382301437689,0.7941862593069529,0.03916117589969927,1.0588342540117588,0.02056081468616486,0.7601119873928749,0.01409745225784777,20.14253515384333,0.5959903114982675,15.59238671075891,0.6276403389090922,0.4896122087556335,0.014486961575635946
1699,-114.0,36.0,Hot-Dry,0.1302838921546936,Arid,0.8361507518158617,0.013475619834081947,0.9253372139083303,0.006762240350064606,0.8701690277098569,0.01927668001815237,1.0631953503504168,0.017092764042563754,0.8409300309784851,0.0132702531093144,16.13270613650247,0.6823728557943401,12.968116566249126,0.4745889745423123,0.39855065383251337,0.016857689313452894
1700,-113.75,36.0,Hot-Dry,0.12340734153985977,Arid,0.8325182223447483,0.015605913662644015,0.9260781521671481,0.010235003642941304,0.8642395539974386,0.018914883089645933,1.0603557065547875,0.020518570811030253,0.8422500499555218,0.021558754552795115,15.928519096464829,1.0511611703504413,12.834875517560437,0.7343451648104421,0.39648739930560134,0.02616515422176171
1701,-113.5,36.0,Hot-Dry,0.1838792860507965,Arid,0.832566047698528,0.039574572245694266,0.9220713954760649,0.009025274418992937,0.8549845717264686,0.04478297633876436,1.0145944835127654,0.019433494608219266,0.8424915602578995,0.01592211366541916,15.690120277766084,0.7880362391496493,12.500464072302611,0.7386489308708182,0.3964734814997187,0.019912879299360618
1702,-113.25,36.0,Cold,0.19326166808605194,Arid,0.8590844342191952,0.018524317433725308,0.9267113657443431,0.0037868953468293436,0.8865065707768565,0.0196905287741923,1.0365210879843985,0.0167443532705895,0.8529017932846588,0.007456948557080352,14.944594019114888,0.3782660346155685,11.701676415902654,0.4218601117906847,0.38343559248895637,0.00970522591083802
1703,-113.0,36.0,Cold,0.2273460477590561,Semi-Arid,0.8481724114418006,0.04371270955712773,0.9294842825874403,0.006884085890445072,0.8997389177013071,0.06277456756606452,1.0762932335302167,0.026086858356420467,0.8436847610136132,0.015053833391041329,15.390579606788435,0.7468350571981951,12.452612062703631,0.7406595078285672,0.3949953539426535,0.019167333868613173
1704,-112.75,36.0,Cold,0.20675677061080933,Semi-Arid,0.8391313969856679,0.01971749534314288,0.9167897250794329,0.005576526872525531,0.8930691640716981,0.03904534185029879,1.0773022986065706,0.027645595073938562,0.8244111945784665,0.01640906547934735,16.955781718901516,0.7886932078664782,13.052939309921985,0.789405918784875,0.4186709984088076,0.019474358555088552
1705,-112.5,36.0,Cold,0.17251524329185486,Arid,0.8546027236713835,0.026056748429524886,0.9297321277337437,0.004494514058800544,0.8848558812511984,0.03440925831732249,1.0482376355110072,0.015714709197893795,0.8557385408201694,0.009482701122126158,15.326462822699478,0.5003474643963141,11.928177946869926,0.6101345275326625,0.3796558513343539,0.012394238954928662
1706,-112.25,36.0,Cold,0.2249653935432434,Semi-Arid,0.8605074597946567,0.02633530396918223,0.9209736650140232,0.009482003196526782,0.8929638606364797,0.031094411934587528,1.0368001166321725,0.011802825679315156,0.8432523138535741,0.017282290010663205,15.813973162845244,0.8939705693798232,12.200228928993692,0.7865129771931881,0.3954086172546202,0.022352615820501534
1707,-112.0,36.0,Cold,0.21492204070091248,Semi-Arid,0.8233286011109232,0.041607505074592585,0.9300598147605396,0.0068368428497661,0.8505354318950561,0.04279266468356506,0.9448575918323401,0.03208183486988556,0.8495760081551053,0.019949733592379445,14.770182472135568,0.9530088068656856,11.208678578026996,0.524756022400561,0.3872010649465302,0.024983173066274417
1708,-111.75,36.0,Cold,0.20603378117084503,Semi-Arid,0.8282522885186205,0.035705965867711076,0.9249858837667947,0.0046431049490647915,0.849732089147178,0.04089923038419675,0.9798994567190265,0.02622428063234512,0.846825938410114,0.010655206973430144,14.965284956543078,0.5169765248354037,11.266945263098407,0.30195721189167535,0.391187892914018,0.013513605522623366
1709,-111.5,36.0,Cold,0.11008287966251373,Arid,0.8513643816794983,0.010504628295883719,0.9063552432660525,0.006799820297043733,0.9341671356333159,0.03208797146809799,1.0896215692270055,0.015198366097402475,0.8018164748104122,0.010510920086364908,15.79262787648272,0.4255372326867036,11.564470003040867,0.43575232787420337,0.44504885029424085,0.01199197864002286
1710,-111.25,36.0,Cold,0.11070071160793304,Arid,0.8408172587506113,0.010722404163257222,0.8996100073913263,0.009745924551496936,0.9121757119943398,0.03735549392044436,1.0769363842012871,0.025698368181175366,0.7933908957625662,0.008231964771185808,16.00730059444764,0.31578309154356027,12.01431324097146,0.19827848400602885,0.45447200032755336,0.008965569955823845
1711,-111.0,36.0,Cold,0.13611093163490295,Arid,0.852188608246579,0.015275996191033904,0.9153412446097787,0.004642634938291591,0.9257136728257042,0.04049928291071982,1.0848385106972844,0.03206164828932624,0.8179929164768112,0.005015474937229961,15.133919806361297,0.20909472695797438,11.682019560959487,0.33321780946264384,0.4265903105946814,0.0058938983196686395
1712,-110.75,36.0,Cold,0.15558059513568878,Arid,0.8504559865519801,0.014927064007335587,0.8900302398738485,0.005937036262886225,0.9251942208205064,0.021342906807232786,1.0645258716537598,0.019242220507833432,0.780066940496299,0.012228094616546975,17.340603056380168,0.48636270670436266,12.52615449172861,0.4933933243927342,0.46882271159509187,0.013149362927834994
1713,-110.5,36.0,Cold,0.1496899276971817,Arid,0.8377812108140017,0.015126543254720763,0.8929194865827181,0.007406836555844784,0.8928018490201934,0.03030766118757745,1.051262706922,0.012928066460765839,0.7896644325900859,0.01447007741271302,16.852207688158437,0.5765767118128674,12.241207723160906,0.5424753964815505,0.4584089661413797,0.01568387592024837
1714,-110.25,36.0,Cold,0.1448977291584015,Arid,0.8259603753466493,0.00961790314177421,0.9000548017858924,0.011661585918049857,0.8838638374610406,0.026174757794788592,1.0777811804635282,0.015014278334727644,0.7956385157146759,0.023256511185902502,18.021825362466675,1.0257679580725667,13.641483447128987,0.662754486874293,0.45147890595453183,0.02569731900955616
1715,-110.0,36.0,Cold,0.17244796454906464,Arid,0.8300594816031861,0.007069638104303417,0.8982737868140275,0.008530398860023058,0.9401177612377676,0.03464027004840049,1.1174799216110713,0.014402858147356846,0.7741847460990583,0.01951482727847946,18.26267183148761,0.790149691801453,13.722978749896125,0.476246772373636,0.47484480716015876,0.020544555664862896
1716,-109.75,36.0,Cold,0.1270342320203781,Arid,0.8382945408533441,0.01284390025502539,0.9015269806220199,0.003711566312786797,0.9192116830317172,0.0306793206415182,1.094558286182024,0.02096645521895705,0.7913393458327065,0.007907922519362428,17.683580385107472,0.3338354178178853,13.461496289823799,0.2642965359985739,0.4567287812444743,0.008622249578179848
1717,-109.5,36.0,Cold,0.15500420331954956,Arid,0.8222919836730196,0.0180786428433987,0.9122155884617635,0.0040425972223880995,1.012430144285305,0.025223223289798962,1.1523316640644778,0.017819188654828694,0.7689208519738908,0.02126930999408993,16.85780351720938,0.779332541735581,13.006141782146281,0.5170393631623713,0.4802965062073533,0.022204001641564903
1718,-109.25,36.0,Cold,0.22491785883903503,Semi-Arid,0.8621963616978338,0.022992584841116843,0.9181932711264024,0.002379054820369115,0.9451545858433883,0.04073352894939924,1.0883837739852467,0.02666490724162105,0.8227933021441174,0.013418860463803419,15.05761251660249,0.5754191479257472,11.590322144705675,0.6102184701441395,0.4207135755704834,0.016077359336258493
1719,-109.0,36.0,Cold,0.232122540473938,Semi-Arid,0.8505058172440376,0.023086464853061178,0.8981576443170208,0.006040686979285558,0.9934748403693238,0.0554721964078259,1.0963789113143343,0.026940613421230834,0.773879411159729,0.019453408891112793,16.722152761431506,0.713843203573243,12.44748135279168,0.573709547293033,0.47517514666487237,0.020284502467647653
1720,-108.75,36.0,Cold,0.2241266369819641,Semi-Arid,0.8589872028242436,0.016847029898749064,0.9076989566829994,0.011180836010852752,0.9598721335607255,0.03439505744681514,1.0917391444721403,0.02548144307790845,0.8004602829094131,0.02147518045480876,15.434733042041064,0.8293992278622009,11.504657312201614,0.6441224077000522,0.44618363399173455,0.023976077882883744
1721,-108.5,36.0,Cold,0.1265111118555069,Arid,0.8251156536272845,0.02105877728924815,0.901776693621656,0.006940039593474367,0.9272467972549245,0.030516380618663692,1.1195154074847153,0.03411382283347809,0.7762375992766184,0.027590385932510574,16.079871009933292,0.9810628530854107,12.001739377382709,0.8044962604717508,0.4723325356531033,0.02881788695609834
1722,-108.25,36.0,Cold,0.1453884243965149,Arid,0.8274837017166756,0.02338460000359962,0.8865215695240305,0.007375514837775767,0.923141551796942,0.0326945963057982,1.1001916410497026,0.024437080691095653,0.7560604889879905,0.01369147234645567,14.633201392793856,0.41403938675934665,10.793806274118817,0.4279603949121287,0.49374424207229994,0.013970255565828905
1723,-108.0,36.0,Cold,0.15273095667362213,Arid,0.812676473396607,0.02105749484742166,0.8729207818901144,0.011015972409688223,0.925220825527604,0.0340409716570446,1.1115628520775593,0.01708083710879603,0.7249416369707646,0.02404192833345777,15.13498871892161,0.6653309390963257,11.097984568196932,0.3813650271198932,0.5240551376297626,0.02303735426122652
1724,-107.75,36.0,Cold,0.16437788307666779,Arid,0.8224181447693599,0.010352648226301006,0.882002756035396,0.007088748060415397,0.9345419848597295,0.023751586656103826,1.1106241656588716,0.029234808792971877,0.7375320959403742,0.02226452271068159,13.885736353970321,0.5894679351885949,10.449061605752956,0.3779710012445369,0.5119473126160692,0.021732842796403636
1725,-107.5,36.0,Cold,0.18232008814811707,Arid,0.8485661048411514,0.004301726048151913,0.8969324216560789,0.007845864983976186,0.9324078546458534,0.0274351435052142,1.0815734474706795,0.023711325665938476,0.7824248240867787,0.014832934200409204,12.878020179684441,0.43754509893596777,9.670791138342846,0.24966118968382647,0.4662343084554987,0.015840830638106873
1726,-107.25,36.0,Cold,0.20843283832073212,Semi-Arid,0.8580458303743328,0.010304495813364255,0.9068599221736984,0.009502378637739575,0.9250607360038302,0.02783039852183058,1.0708943894032177,0.016848201733698328,0.8061716097450597,0.013771931398277034,11.813636220939403,0.41604207114580366,9.045697678933733,0.23383296049228094,0.4400412085286695,0.015496977591139348
1727,-107.0,36.0,Cold,0.23684680461883545,Semi-Arid,0.8117812000998244,0.04324568772523822,0.8992804762829829,0.008345628938013253,0.8450561944545223,0.044069717486004065,0.9837809394184445,0.03350323423092701,0.8012007570596229,0.02239124032235937,9.735487603134553,0.5447121189636415,7.023163076761205,0.4184240492296093,0.4453118101134431,0.0249157258038446
1728,-106.75,36.0,Cold,0.49213504791259766,Semi-Arid,0.770543008791902,0.04672184563315932,0.8649173630585831,0.01186778518975939,0.8229823308455126,0.061980269396529876,1.0260055105756536,0.03449776133519872,0.7395385847657464,0.02200691510347594,11.339172623264323,0.4833153621168892,8.570918628983303,0.4399297632260131,0.5099837322321469,0.02173729780881879
1729,-106.5,36.0,Cold,0.5535994172096252,Sub-Humid,0.7980192125952315,0.019739463508936097,0.8720046252683209,0.007008684989108718,0.8914707780169083,0.06551309846863172,1.0895903576194466,0.04253300588981698,0.7315875521635855,0.015970120447883283,10.098855904454405,0.2999468763559169,7.895938819196803,0.20889188959205823,0.5179026516279537,0.015382265484522102
1730,-106.25,36.0,Cold,0.29691532254219055,Semi-Arid,0.7976867123567736,0.01470112754884654,0.8662876322175098,0.008099735774159914,0.8515811194271352,0.015205067379020828,1.0215055104015558,0.024911760700363998,0.7471386964066953,0.015904793921205154,9.51496684187745,0.29876138203304486,7.130515691062203,0.29843169910289513,0.5026549744272752,0.015782913103252118
1731,-106.0,36.0,Cold,0.19616790115833282,Arid,0.7701526797304117,0.023383146322535856,0.8471536740714057,0.012194154784858203,0.8346028454706946,0.03842796281852567,0.9823935536821928,0.034254164758126655,0.7117900789342949,0.01620169658422593,10.153492279935225,0.28430816863686936,7.445374647406519,0.16648332865413584,0.5366835715004534,0.015027688911756532
1732,-105.75,36.0,Cold,0.4789234697818756,Semi-Arid,0.6230884877745607,0.02321548382787233,0.6825188557842468,0.02316117007939828,0.8066192244425793,0.05945816968411028,1.0166310637681584,0.031005855020831287,0.44266237007699355,0.05113265443545727,13.49874539161225,0.6206018213200648,9.53851717515536,0.6042872766114128,0.7459200989463799,0.034293510880871306
1733,-105.5,36.0,Cold,0.7726093530654907,Humid,0.6336933635216112,0.04208360733052591,0.714024987919458,0.024941035337113466,0.7939044655428653,0.09134961158781812,1.0404158599869635,0.05627401611757069,0.47813094392199024,0.07195034917616344,12.753877878030597,0.8535055158283626,9.488272089615835,0.7600808506006276,0.7211144136423085,0.04825788167904941
1734,-105.25,36.0,Cold,0.34323880076408386,Semi-Arid,0.6567391359565082,0.016583308390542013,0.7689616328688575,0.01274493681659746,0.74821698050148,0.028526901531414735,1.0063781676158254,0.023794816681352103,0.587726794196972,0.0222142733829831,11.853005242737328,0.31700138147607543,8.946785089075709,0.25373205284194206,0.6419014207158574,0.017167261211080812
1735,-105.0,36.0,Cold,0.32531270384788513,Semi-Arid,0.696910806379717,0.02646738160412821,0.7422353091281035,0.005205519405415372,0.8465070505084057,0.042205153147727964,0.975040134493036,0.02094823748356654,0.5346145431974956,0.004293423809837619,12.705369014580535,0.05863214932282438,9.447326767980496,0.037850062969667156,0.6821858458487922,0.0031481196912755307
1736,-104.75,36.0,Cold,0.2976319193840027,Semi-Arid,0.6791928700871838,0.0173009598283794,0.712004281442077,0.0018634538728145233,0.867339123911685,0.047843146026292714,1.0034635604003612,0.031029898952483218,0.47739380122680125,0.019996847044213742,13.330414640913446,0.2538237143166249,9.946108893592372,0.22003179290184158,0.7228102536802263,0.013762991495565792
1737,-104.5,36.0,Cold,0.2721777558326721,Semi-Arid,0.7150735659498317,0.027165139300995376,0.7851642536314939,0.012399576652961949,0.8157494039035322,0.0300157766659028,0.9845215875615988,0.027097284086343144,0.6119331636815689,0.021676655815072186,15.58799033945976,0.43234680270753556,11.54349189707955,0.3048917032140487,0.622758506701537,0.017272762130840523
1738,-104.25,36.0,Cold,0.258719801902771,Semi-Arid,0.7024685216801771,0.021911738360656057,0.7681686434382493,0.010180545577165882,0.816173739863588,0.030855337469858985,0.9931360371681599,0.02448310488651892,0.5848808005026643,0.017173679621611003,15.684795551584093,0.3240032798488954,11.747413815022341,0.19805815148890069,0.6441875012359477,0.013307082170862704
1739,-104.0,36.0,Cold,0.25361061096191406,Semi-Arid,0.560014964321826,0.04434661705770747,0.6855833763393251,0.04059252946233093,0.6963386526355921,0.026440597656037883,0.957947912614497,0.023617723308553364,0.4631553962135003,0.06103185322458612,23.804468793983663,1.3621841801426877,16.62135199501138,0.9068350627087821,0.731738975894533,0.04187294686488723
1740,-103.75,36.0,Cold,0.23438437283039093,Semi-Arid,0.608556218801309,0.041420651910348535,0.7299749892493733,0.031019514299059324,0.721704332362657,0.02691043268945085,0.9511074685450372,0.024979995754098153,0.523848546534015,0.052777279110389874,22.803421910791286,1.2435896253117393,16.352780626368194,0.8895182995295224,0.6892178528126243,0.03758664706948238
1741,-103.5,36.0,Cold,0.24735499918460846,Semi-Arid,0.5809035350234556,0.034148180395550065,0.7354969418449028,0.01693496382738504,0.6775300619962061,0.032265895808374426,0.9722203839690978,0.031463966556651436,0.5323940564109899,0.03140054018748703,22.869003901562657,0.7574604488044471,16.56372444532518,0.5357089658004632,0.683517311198434,0.022639260176548277
1742,-103.25,36.0,Mixed-Dry,0.23713991045951843,Semi-Arid,0.5685484025995626,0.03903113223570709,0.7506794046627269,0.015356757537947864,0.6505711810819302,0.03578070433704436,0.9658982540458549,0.03025238534793767,0.5475923895647512,0.03215854841980542,23.48959310770975,0.833493861944804,16.608581873050753,0.5438869737795832,0.6722740323379438,0.023854660952583512
1743,-102.5,36.0,Mixed-Dry,0.2599087953567505,Semi-Arid,0.6392294958795504,0.029233029869941123,0.7510303529471722,0.017538244388437905,0.7399038683423684,0.02874599594462081,0.9921704391157096,0.017127826476564727,0.5627733912024934,0.026769025492270313,22.779263291498754,0.7026519244786125,15.347065283029476,0.48711147088246853,0.6609796145967873,0.020388657538845535
1744,-101.0,36.0,Mixed-Dry,0.3181997239589691,Semi-Arid,0.6059391601078237,0.017672912746115856,0.7765253206455539,0.014305609062525424,0.6790574575753615,0.017482941685597005,0.9549453663289619,0.01372043121464499,0.5876779044528859,0.022444250946178374,21.400043025833657,0.5819769203604069,12.803190257816244,0.356952544633358,0.6419332405350768,0.017457456975791614
1745,-100.75,36.0,Mixed-Dry,0.3390319347381592,Semi-Arid,0.6699319728851575,0.019987180293366352,0.7784774041182454,0.02046701599080026,0.7563454050030521,0.009255513169965111,0.9857847241878839,0.01654333682068334,0.6044722265317366,0.033073090370326554,18.90536832661534,0.777522697367285,12.634376183662763,0.4793208032527867,0.6284849150218195,0.025847752762080175
1746,-100.5,36.0,Hot-Dry,0.33575910329818726,Semi-Arid,0.669016351000401,0.02328895401823752,0.7813832858309077,0.021475063432963883,0.7527747891781035,0.01649424339394772,0.9844318216902245,0.017376158987349385,0.6083861787064914,0.0345832146245591,18.576999203920607,0.8121371081689935,12.439073650880374,0.5545346425195394,0.6253126989920634,0.027337011833083607
1747,-100.25,36.0,Hot-Dry,0.3483329117298126,Semi-Arid,0.7239721420804035,0.014371940723737731,0.7899019064120237,0.019036240117976815,0.8311462885307153,0.021879651119941244,1.0487500414612236,0.02860050450431388,0.6122747004002735,0.03327527752279489,16.174910273409722,0.7009850738630051,12.191155325419317,0.5090687649699921,0.622208649807938,0.026965155847623348
1748,-99.75,36.0,Mixed-Humid,0.39458519220352173,Semi-Arid,0.7394408930559628,0.020996040766057867,0.7921804241984025,0.02256992265739862,0.8571405370651612,0.021934381573315287,1.057192572308858,0.02698397272113334,0.6119605726478778,0.03517201403566238,16.375389734674933,0.7428238278708924,12.58153243315473,0.47612218883981,0.6224160127460927,0.028234164353180127
1749,-99.5,36.0,Mixed-Humid,0.4058915078639984,Semi-Arid,0.75947839034476,0.009123744350003281,0.7888253505639714,0.01263268745792228,0.9145383657738293,0.011633144636207508,1.0720716198157867,0.027123908521386315,0.5893066443816849,0.019658162521803697,15.276018020822951,0.36610776088073466,11.9138597843796,0.21002991843069949,0.640706428732755,0.015355284059333939
1750,-99.25,36.0,Mixed-Humid,0.4218714237213135,Semi-Arid,0.7740715867619171,0.011792233057869316,0.7917814317655877,0.01652292661031983,0.9337288914330903,0.017990553350333522,1.0454874782442025,0.0328180011670672,0.5976928456193884,0.02822209746366846,14.802636505087937,0.5128255225825085,11.713551675077138,0.36747842037930767,0.6339725853911621,0.021963474026701797
1751,-99.0,36.0,Mixed-Humid,0.4402099549770355,Semi-Arid,0.7720856152461326,0.012425768446046308,0.8065298385095284,0.00827326124469772,0.8978518215355237,0.021199191061853806,1.0499246572266732,0.04026132390882735,0.6312004685717894,0.017238044026106413,12.951553523082163,0.30316131685375,9.750208062860539,0.2655258585657297,0.6071556218115216,0.014211893385260457
1752,-98.5,36.0,Mixed-Humid,0.4804202616214752,Semi-Arid,0.7655085162346283,0.01672133840797865,0.7920824997269831,0.007972121212708768,0.9009723359190189,0.03435485566582199,1.0111420139682445,0.036307371446185774,0.6114151201724245,0.017015614316819597,13.15027238612132,0.2843836477336042,10.080523919889936,0.23791925623987065,0.623249188150487,0.01347819059324599
1753,-98.0,36.0,Mixed-Humid,0.5290676355361938,Sub-Humid,0.7285032055106935,0.027305876725762197,0.8238256653544319,0.005085776659586188,0.796241660278733,0.032079232068183895,1.0017231816338716,0.03363810690287169,0.6752481524094772,0.009686941572010345,11.5555873376781,0.17203223495444053,8.699588978468807,0.10434169967070582,0.5698195127051222,0.008483110501158596
1754,-97.75,36.0,Mixed-Humid,0.5522915124893188,Sub-Humid,0.7028948377617608,0.03154367302739291,0.8148758047357342,0.016738960128696082,0.7714539477011764,0.037025346068061106,1.0082669817622723,0.03830822633360868,0.6584575555999745,0.024563176927399465,10.796749381435529,0.38614190118263414,8.229920656704548,0.198318279383771,0.5841175442019244,0.020890756195572003
1755,-97.5,36.0,Mixed-Humid,0.5808576345443726,Sub-Humid,0.689728822267261,0.03315836037664867,0.8448974630765432,0.011487628931102096,0.7359810220149365,0.035530092989907294,0.9574149735470515,0.02387468707970121,0.6961070617062415,0.022167081283342206,10.217952413722026,0.3786782652201543,7.810574753903426,0.16355727496887904,0.5509622484808905,0.020418712087203854
1756,-97.25,36.0,Mixed-Humid,0.6400294303894043,Sub-Humid,0.6682714946918455,0.031747260833089916,0.8449977535316127,0.007327178601127433,0.7151505593380432,0.03148523120725284,0.9352888067160622,0.028759073221690867,0.6856761391849391,0.020393723223550833,10.164043378532105,0.3291639275267917,7.659828412197169,0.15222756634009413,0.5604108781614059,0.01814898252736377
1757,-97.0,36.0,Mixed-Humid,0.6465510129928589,Sub-Humid,0.671927867395001,0.024857621176482637,0.8780446533065671,0.002642566352788797,0.7028830440937065,0.024893132910002724,0.935248779456396,0.0187086758619993,0.7321394672738297,0.01249800878707525,8.190356653925653,0.18929540768189154,5.9048319809378516,0.04667073649559789,0.5174418967186394,0.011959109832426979
1758,-96.75,36.0,Mixed-Humid,0.6743121147155762,Humid,0.6504450295968329,0.02791744895319294,0.8647496641054365,0.0059920214049169725,0.6960438875428883,0.0286335666636796,0.8944927271442834,0.019805297428933385,0.6993008086849919,0.012621011994281653,8.707753751210287,0.18359260994675175,6.139038304536079,0.07942400698154917,0.5482629790620858,0.011559471493919922
1759,-96.5,36.0,Mixed-Humid,0.7029622197151184,Humid,0.6155922898531258,0.030820021637095713,0.8788661248320231,0.00427920923692051,0.6616919991529453,0.023358700827499444,0.865351388334884,0.032055935581680906,0.694680043169565,0.02330778636697159,8.279448183197704,0.31332007332895223,5.710849359612124,0.1465774774500828,0.552241394602724,0.020898532175532156
1760,-96.25,36.0,Mixed-Humid,0.7251586318016052,Humid,0.6460821077167649,0.017269009725318692,0.8770860932408976,0.008161087936203406,0.6840332767699128,0.016779693686250662,0.9000909685885923,0.019147683717850576,0.7158027868529981,0.012503734946149108,8.024611615689397,0.1763726935467997,5.67546950077857,0.20359375914424932,0.5329985222292501,0.011714758236802271
1761,-95.75,36.0,Mixed-Humid,0.7694263458251953,Humid,0.6322529349233383,0.04763737281600916,0.8623941278856233,0.008981081519903442,0.6903609169816253,0.04562796873590802,0.8598050426544621,0.032728779014548466,0.6796676499535529,0.02305733966297692,6.590846008008144,0.23594700394397278,4.455749722733136,0.11582969325957777,0.5656891907495591,0.020251219579197316
1762,-95.0,36.0,Mixed-Humid,0.8835036754608154,Humid,0.6904586059463172,0.025592109236951256,0.8694585022924244,0.00786166930614241,0.7570214586364064,0.018006131883601558,0.8622130706406468,0.03475136838865333,0.7109387902596651,0.01989077614819213,4.42927368072097,0.1505693397389244,3.2288233591222593,0.1245980161366712,0.5373957805297102,0.01826830620221947
1763,-94.75,36.0,Mixed-Humid,0.9148514866828918,Humid,0.7250953859417244,0.021989227829087868,0.8801068382962967,0.014778957336353683,0.7912920790477144,0.028442414452371462,0.8692872612509535,0.01215886324191681,0.7395873194427747,0.024145714016365536,4.150206519840627,0.1911101574193257,3.0192704414023828,0.1299827775334139,0.5098741755746261,0.023478863881178057
1764,-114.0,36.25,Hot-Dry,0.08626507967710495,Arid,0.810613018237978,0.026386581441139954,0.9026845891685819,0.009222298130531341,0.8782771245734944,0.04206200280472595,1.1017208616514196,0.01959396056040844,0.7840484898364772,0.025866028113809152,19.557023007800684,1.1843901181046217,15.798837522727874,0.9378341885018323,0.464025583099562,0.028101788035512516
1765,-113.75,36.25,Hot-Dry,0.19139721989631653,Arid,0.8715195982702031,0.02170042930308958,0.9271462406959214,0.00800815469404865,0.9202997930973791,0.025200252184461463,1.0638623621947794,0.027073958951243933,0.8464669909124657,0.020997848740069124,16.54039780282134,1.0927883570749273,13.147248221702762,0.8512815170515483,0.3911505367972878,0.02584247111655158
1766,-113.5,36.25,Hot-Dry,0.1835193783044815,Arid,0.8510733227925927,0.04287723943231819,0.9183355353683446,0.010477142906891565,0.8883903387688041,0.05550610410031911,1.0378803566578487,0.02589981023472518,0.8339967901682849,0.01853847570927641,16.794144915812545,0.9436516612603422,13.25966086486714,0.8331161667210478,0.4069213395670963,0.022864635264831266
1767,-113.25,36.25,Hot-Dry,0.14939308166503906,Arid,0.8350149190367876,0.036876547394001,0.9265482326827488,0.005422363194093463,0.8562359096612513,0.04051311463390164,1.0212833347460937,0.023852490010765146,0.8496986743062843,0.009623201295108698,14.911667738922258,0.47273591198072373,11.554793871032992,0.6081498723000158,0.387531386230931,0.012285681688899684
1768,-113.0,36.25,Hot-Dry,0.14037783443927765,Arid,0.821836226681316,0.043822334960320695,0.9211860540595482,0.0061908956265839055,0.8428497247113069,0.047455537886889346,1.0170965389430342,0.017543688415257542,0.8393764034371655,0.015335162701764053,15.457282656717055,0.7459252738567669,12.243039714279266,0.8107149926677685,0.4004059318210066,0.01932247154823606
1769,-112.75,36.25,Cold,0.1429593414068222,Arid,0.8481724263024478,0.03734912349667276,0.9196631277942782,0.004217486568740877,0.8763405119760217,0.04877137357325167,0.9988104304732008,0.025083196748722086,0.8409166014608133,0.008867076954312646,14.594613164938078,0.4096436150188951,11.079950806110526,0.43632609054905697,0.39872697222286285,0.011191523643758392
1770,-112.5,36.25,Cold,0.11711467802524567,Arid,0.8568599892225262,0.03192132787506619,0.9303282670978257,0.007451747972919552,0.880266667875716,0.03327748918488212,1.00730066483836,0.037589607312422536,0.8596350949160823,0.017197094298187228,13.810029949504685,0.8610630370271043,10.4701550214026,0.7820152636210783,0.3740718024709132,0.023323584632295447
1771,-112.25,36.25,Cold,0.2635526657104492,Semi-Arid,0.8927916722101971,0.03028882332482479,0.9270889460343387,0.0073531697172483906,0.9337642362146292,0.046237446415971654,1.0209839465178585,0.020324097500258313,0.8557703895974467,0.014325324954613581,14.201376965335523,0.6899073564089374,10.873505506539903,0.35802368424227865,0.37941772842964155,0.018432232496505208
1772,-112.0,36.25,Cold,0.48807430267333984,Semi-Arid,0.8826047058680662,0.016512547245934456,0.9118680215867624,0.00867838165562469,0.9396367242067832,0.048379748970999836,1.014825841167443,0.023352694512490047,0.8271016654867183,0.02143218795701254,15.103382558458813,0.9130446220331133,10.976165907995153,0.6238009083814268,0.4152039422805086,0.02510031942042323
1773,-111.75,36.25,Cold,0.13334594666957855,Arid,0.833245205539462,0.027252055237280536,0.9197291025284541,0.00986972595260646,0.8627390906523266,0.028654695338709076,0.9592387312655862,0.03002172959618402,0.8372117843795127,0.02017851741387876,14.510582200188614,0.9041460658953607,10.429881220512613,0.6909602221356904,0.4028450888145703,0.025101046752777873
1774,-111.5,36.25,Cold,0.12157867103815079,Arid,0.8950287504840511,0.011183023833158234,0.9390642303753026,0.001588988157805925,0.9380339447312182,0.03416384133934279,1.0447357965848902,0.02804026948936748,0.8757045849956532,0.003439299448878532,13.039785372280244,0.1809259033996919,10.340036421168936,0.19497212693004579,0.35252840331128044,0.004891301353681022
1775,-111.25,36.25,Cold,0.12144988775253296,Arid,0.8822541499729475,0.017712561313042358,0.929129780120675,0.003914448670597118,0.926859721274497,0.037731117919629235,1.0461965199815308,0.023919083143169845,0.8566438194042622,0.009045554243724297,13.908387143349747,0.43919151213788143,11.038541534838966,0.466478772149522,0.3784731367950605,0.011951219615860955
1776,-111.0,36.25,Cold,0.11784446239471436,Arid,0.8706494911174382,0.015555279708068036,0.9171300520790181,0.003436778279377622,0.9133487068761822,0.02538705758335527,1.0428425356860471,0.015358974860105814,0.8362182516097292,0.007362511157110905,14.634990720623302,0.3298285188049452,11.344303569322769,0.3020608266067868,0.4046173817122253,0.009118854548012624
1777,-110.75,36.25,Cold,0.14568114280700684,Arid,0.8422863506001146,0.021328459435397275,0.9006187646544269,0.008781154853565582,0.8986077674175116,0.029069633986490418,1.0643593723622868,0.01583715308468308,0.8012175859286541,0.019597412802300013,18.203351863421545,0.924952781569642,13.948612097928963,0.7105687328392251,0.44539047384786395,0.022631280258775862
1778,-110.5,36.25,Cold,0.16779200732707977,Arid,0.845148582302724,0.01979861473326226,0.9130525430527794,0.009522997509024182,0.8839561941250311,0.029209094972184838,1.0483227062104528,0.01484729030759193,0.8265002154998229,0.018538527862191952,16.873009427582247,0.9114064954701864,12.772485606168251,0.6869654403876948,0.416047776954479,0.02247308922392856
1779,-110.25,36.25,Cold,0.1612776815891266,Arid,0.8584409859448193,0.020286658174584454,0.9140298625956411,0.009504162576921485,0.9015001393661523,0.031024066557476308,1.0486057846667882,0.009375929104748274,0.8294020093995279,0.018959148011231476,16.79585755853673,0.9323378999020385,12.756410932855427,0.6815689262211324,0.4125269515820018,0.022899367320215684
1780,-110.0,36.25,Cold,0.2040330171585083,Semi-Arid,0.8427850819343305,0.022165959252644283,0.9086679080305455,0.005595435723506341,0.9008431308758309,0.04210489369109503,1.0670759888360188,0.03523963476636439,0.812925881421205,0.019501170346613358,17.509833707511632,0.8978441681647034,13.252711126472704,0.7321093977641252,0.4320664849205548,0.022154886232810065
1781,-109.75,36.25,Cold,0.12785524129867554,Arid,0.8475595343142143,0.014941068252464301,0.9111753185041668,0.002786182444346487,0.9218591967390397,0.04109906629837444,1.0862284052041462,0.02801829989478361,0.8121363353550202,0.01442910992507128,17.3963800634344,0.6638522946397113,13.1903036160386,0.4835256507937155,0.4331801744976101,0.016530315604975226
1782,-109.5,36.25,Cold,0.15257969498634338,Arid,0.8193474637248161,0.014486442345893377,0.8972543974600102,0.002337520443274939,0.942302325315422,0.020807537852488442,1.1353093850964318,0.01796455416220554,0.7630510905423629,0.01317202532171675,17.070452638683115,0.4774674408341937,13.362290254923096,0.3823668534659398,0.4866217235960767,0.013611005749972172
1783,-109.25,36.25,Cold,0.19440987706184387,Arid,0.8449417089075089,0.023167623297534034,0.9074136796907176,0.005099385548806364,0.9039531286721341,0.03912933302945924,1.070864880704444,0.0225753844193329,0.8106556821469543,0.007342345619301964,15.56717660098092,0.30254509553089004,11.95406937569571,0.18402950346036848,0.43507139767250697,0.008455529280967532
1784,-109.0,36.25,Cold,0.45988672971725464,Semi-Arid,0.7840247113440589,0.015845572580571544,0.8679067725794299,0.011481926156128253,0.8347252620376657,0.02213704321720434,0.9662422542685848,0.023578042275872926,0.7483487266011302,0.02059650107615911,17.078558362457027,0.7024185406913596,12.098699039583526,0.4690027808808764,0.5013094706743775,0.0206181961821744
1785,-108.75,36.25,Cold,0.12200027704238892,Arid,0.8147133024753488,0.014899974727621728,0.8873264655383138,0.00946006323845787,0.8838381379555076,0.03793030349530153,1.0752103002305897,0.04243692788736103,0.7702926360903761,0.017570052438131735,15.919103044015937,0.6037438994516566,12.219806878569583,0.3048150138330694,0.4790024485988017,0.018166526428299096
1786,-108.5,36.25,Cold,0.12985965609550476,Arid,0.7857373218126155,0.03937888758867499,0.889596843319074,0.00494777529358205,0.8342310395707541,0.0437886735864729,1.0751987635508324,0.01845435842399988,0.7727985756034714,0.018550621685832838,15.649987850975146,0.6266994370639707,11.942471146936365,0.6075580481241418,0.476351056810858,0.019075346383070225
1787,-108.25,36.25,Cold,0.14486800134181976,Arid,0.7457008287041414,0.016886776868882368,0.888529582026217,0.012922094467615533,0.781417102835621,0.01998500428710582,1.0571653225984514,0.03484040841715078,0.7678001300846027,0.02663437403546791,15.019343887180606,0.8756872402986547,11.439858058834542,0.6639522023747517,0.4812173305911558,0.02805687647706949
1788,-108.0,36.25,Cold,0.16536062955856323,Arid,0.7784883777771975,0.024339572913635307,0.8998513688476898,0.011026663052538308,0.8135009398908621,0.027733123869434998,1.0601645120377412,0.022286307717801847,0.7925404979891582,0.019749862839516758,13.6898022865878,0.6479396606568767,10.19246428603532,0.5760949928985959,0.4550696394777104,0.021538489863167223
1789,-107.75,36.25,Cold,0.18894734978675842,Arid,0.8009125866533235,0.015633686819533272,0.8682269152825391,0.005992608472085816,0.9354296618355219,0.04426578984668173,1.1265095459414844,0.02951463699032204,0.7085415388003856,0.034681928563043106,14.912287237080255,0.8735446205095572,11.213066887400846,0.49705795111570866,0.5391294317389461,0.031581581508360254
1790,-107.5,36.25,Cold,0.18911969661712646,Arid,0.8290525108121642,0.02170434436365344,0.8914168299661362,0.005255851188578601,0.9664164832387687,0.04128676660910775,1.1208881070779437,0.02919842055843223,0.7510230114277912,0.031194660256187584,13.501852328598966,0.8249308457254376,9.927986543435388,0.5768486495069094,0.4982325500825785,0.03044081574177691
1791,-107.25,36.25,Cold,0.24008558690547943,Semi-Arid,0.833005860785444,0.017609768568854073,0.900376000325634,0.006058045788235487,0.9501757512388698,0.037694881833795664,1.1184841937799728,0.025571986910515234,0.773310551655542,0.02644756563510227,12.911444147134247,0.7400779122800906,9.646885204706019,0.4669935633358597,0.4754946630883931,0.02725513068473363
1792,-107.0,36.25,Cold,0.2725144326686859,Semi-Arid,0.74423467569449,0.03807389346903144,0.8586057592772299,0.00820725666810752,0.7914160504245176,0.04284156709476562,0.9868813530024599,0.041558645799826696,0.7269368279169417,0.015312344828547196,10.844277737804182,0.3073729968101169,8.030435634577424,0.20631315189027338,0.5223866214992876,0.014806660731677376
1793,-106.75,36.25,Cold,0.428215354681015,Semi-Arid,0.779068433422348,0.03185189323721305,0.8659017266844661,0.010479041700990047,0.8301068511771368,0.043375071828846055,1.0140942909079078,0.03508468142288913,0.7437299812877713,0.022014915163500754,10.340482409946421,0.44369257065719614,7.7966050491514975,0.37066089204724517,0.5058587888254549,0.021705543078687453
1794,-106.5,36.25,Cold,0.17353489995002747,Arid,0.7533930149736239,0.04845896276054018,0.889410573002672,0.012738866717697998,0.7821371129382187,0.050545806870016016,0.9888300744259675,0.029598773359850693,0.7759027016912182,0.02782040181613772,9.902521843705639,0.6148818173155843,7.213884200194558,0.48087660854623754,0.4726607669773255,0.029349141154132372
1795,-106.25,36.25,Cold,0.19657942652702332,Arid,0.8128469276861313,0.027212645870419244,0.8854124662352051,0.010397839965471146,0.8551903440110562,0.03343506366688404,1.0086593730229647,0.02405088363670946,0.7808749711218395,0.01913059596795957,9.698007057905684,0.42587533445185055,7.039457596330541,0.3754732517060646,0.46774725953728413,0.02054051099416251
1796,-106.0,36.25,Cold,0.2281692624092102,Semi-Arid,0.7796052584266032,0.033295718067106794,0.8671065846672553,0.010119653067476338,0.8303235631218124,0.04592988388945158,1.010191798973807,0.03769169105788839,0.745593801789796,0.016393526502688875,10.864658552767578,0.35764050464645114,7.568598954569924,0.3291570129012475,0.5041684773129042,0.016596110018302298
1797,-105.75,36.25,Cold,0.3282908797264099,Semi-Arid,0.7584598837812335,0.017644587478356517,0.7992376869595544,0.014358949003441163,0.8937314730015915,0.0343515537561913,1.0740665162253682,0.022287075675093082,0.6095874486840107,0.03771627773605861,11.440042265715617,0.5499454285506014,8.68981507248739,0.3398377381021954,0.624253245961855,0.030009086583835335
1798,-105.5,36.25,Cold,0.6049626469612122,Sub-Humid,0.7166173575346442,0.0455109342776962,0.8376615101773506,0.009610867266983743,0.7753130380747194,0.06653273827790185,1.0239204939460114,0.0342296064846492,0.689094657213421,0.018156113241184445,10.592618305781578,0.30967175149707077,8.11931521721627,0.22077146625209734,0.5573983421213492,0.016295359268451024
1799,-105.25,36.25,Cold,0.49515077471733093,Semi-Arid,0.6595003594406899,0.023032942327621084,0.6911757370990579,0.02001832224387296,0.8698016963298313,0.05952657080974442,1.020586144645849,0.024012723041450346,0.4387088142877956,0.05176888444160727,13.312971763190163,0.6100643834455527,9.568835234390999,0.5167356183223429,0.748565185503326,0.034302856378436525
1800,-105.0,36.25,Cold,0.4273427426815033,Semi-Arid,0.6940158173020949,0.02002302788564023,0.7438005722844816,0.012149535061897337,0.8427128020967345,0.053677903659543745,1.0146323293641237,0.03413942175896372,0.5353883796652443,0.040347733986509794,11.681893379557454,0.49640487569643715,8.976842313817414,0.5241695638228396,0.6811324607591179,0.028943722008935704
1801,-104.75,36.25,Cold,0.26982563734054565,Semi-Arid,0.5930271777292205,0.008977660969322846,0.6428056007086594,0.02718344532386836,0.8123928148682402,0.04000197180308398,1.0200645050663841,0.02813360233457845,0.377290306774035,0.06254591677470975,14.049692330828154,0.7007409553006054,10.117545902473008,0.5191876866569289,0.7883355313984278,0.03931893883237677
1802,-104.5,36.25,Cold,0.2501673698425293,Semi-Arid,0.6973093701160861,0.012972384468943816,0.718700553383816,0.019220625742056238,0.9032952853048407,0.03119052647875001,1.0390188368812465,0.02912834460215707,0.4714749315237037,0.04758334438336086,15.37723137186176,0.689447054358794,11.896750580988451,0.4715683167700131,0.7264134277584924,0.0325691657947741
1803,-104.25,36.25,Cold,0.24252264201641083,Semi-Arid,0.6236627090178962,0.014489026717938867,0.6983899063462289,0.020750989540404698,0.7784049483446537,0.030780395555989687,1.0016830394937835,0.027825907712821934,0.4776799246671093,0.03449737747533765,17.179110983381452,0.5718419181768104,12.922790665746273,0.40924647218053367,0.7223970440858998,0.024046466186460756
1804,-104.0,36.25,Mixed-Dry,0.2564287781715393,Semi-Arid,0.550664627830742,0.0329165737813847,0.6545495524942166,0.024271751945081996,0.7158597280863477,0.03346232625792365,0.970053467239962,0.023278223186364057,0.41984926538049105,0.036183130818275615,23.071606211197356,0.7165193359630933,16.151270992519766,0.4674304448362358,0.7613825829189832,0.023645746105973527
1805,-103.75,36.25,Mixed-Dry,0.24778860807418823,Semi-Arid,0.5551159971772368,0.0364693627292024,0.6710478565339886,0.03523617007512788,0.7038887527907967,0.028273458470834095,0.9691791750045284,0.025290806764926566,0.4444646417863078,0.05216429503652585,23.425964847708677,1.0951283843451185,16.38635324101331,0.6548418197931621,0.7446917419099459,0.03481321130014245
1806,-103.5,36.25,Mixed-Dry,0.2489076405763626,Semi-Arid,0.5677549651071592,0.034411070064827,0.7021788958358182,0.02273161620986031,0.688862344670191,0.029646805399965944,0.9860505356972631,0.03478329022556708,0.4895311234860852,0.03605926745880276,23.002754740855288,0.8055889859892884,16.192758958515093,0.4080538802274634,0.7141207850697229,0.025009519320589108
1807,-103.25,36.25,Mixed-Dry,0.24216797947883606,Semi-Arid,0.5709321239929765,0.032553647851226115,0.7206092180805144,0.014895995167034893,0.676666902744798,0.027363825110871022,0.9696628052030374,0.028430888663822162,0.5129282513021824,0.028649540087953174,24.517513463049294,0.7156369087804553,17.141744834036437,0.4780688262345084,0.6976675369037635,0.020364081382834805
1808,-102.75,36.25,Mixed-Dry,0.24762995541095734,Semi-Arid,0.5983551993698976,0.028657068811005354,0.7209817685091291,0.013405806413843662,0.7125889494012709,0.037010290770179415,0.9992815880966553,0.018679685036338135,0.5178796147951401,0.019645090018463676,25.168785008520945,0.5183564695629531,16.75856724772364,0.3000841482953611,0.6942311161897707,0.014297837195043276
1809,-102.5,36.25,Mixed-Dry,0.25879451632499695,Semi-Arid,0.5833803518522431,0.02883658667961401,0.7085630288963956,0.013423656308643818,0.7040186818611854,0.039004010634172616,0.9963394987438917,0.020066022580211836,0.4998030162136396,0.01967855541677257,24.750379720191415,0.4927516928050177,16.6171824178786,0.33469400218209544,0.7071339523858781,0.014078226516815248
1810,-101.75,36.25,Mixed-Dry,0.27126356959342957,Semi-Arid,0.5975691524706277,0.028034522431211663,0.7654489402295935,0.009620185570121818,0.6792439900574568,0.037119740345944056,0.9441471502321799,0.021932787832784253,0.5665498313042039,0.01394588652719385,22.277835278698664,0.3582406872780157,14.634517102044253,0.17528421156481838,0.6583012381621172,0.010585870891174876
1811,-101.25,36.25,Mixed-Dry,0.30357542634010315,Semi-Arid,0.5610662941317879,0.021333691736822896,0.723534087655328,0.019019633949668983,0.6597107404955016,0.01708560453802673,0.9909774598918387,0.015507285811719335,0.5187355150412788,0.02619711723768725,23.2426707535521,0.6273661221525612,14.295242521715133,0.5639372574341379,0.6935302021202001,0.018719765818363907
1812,-100.75,36.25,Mixed-Dry,0.3276495337486267,Semi-Arid,0.632030115294496,0.03128192309055077,0.7332986313204959,0.03202239920231212,0.7504204847123995,0.018373525291114603,1.0389424599281265,0.01406222520495222,0.5335876716546428,0.04492546187949012,20.943869584109258,0.9873068532507052,13.429591195859203,0.7157808381101103,0.6823376119671039,0.032165813381352486
1813,-100.5,36.25,Mixed-Dry,0.33914121985435486,Semi-Arid,0.6220237615081952,0.026847133363540297,0.7151360843160072,0.027960483087333416,0.7570559414892378,0.014561095402699677,1.044937717345455,0.023951408218648457,0.5038208578509169,0.03826644538142556,21.435902213068584,0.8147317890499729,13.850718670980351,0.6472009037436394,0.7039931691196983,0.026757241587255065
1814,-100.25,36.25,Mixed-Dry,0.34039434790611267,Semi-Arid,0.6895121017247373,0.031877348701652666,0.7665746945668728,0.02432524330807749,0.8130233274663599,0.027192115959773035,1.0775020979668917,0.029507199971431794,0.5678637504550569,0.03475722604722195,18.129058812954835,0.7262749491692663,13.579217098049543,0.5612173151469149,0.6569491060800527,0.026318281800935914
1815,-100.0,36.25,Mixed-Dry,0.37113216519355774,Semi-Arid,0.6783281186492011,0.024318706244117718,0.7601399567282194,0.02359237041832988,0.7921524921078604,0.02790352489249699,1.0390385276640501,0.027846004611901058,0.5704902215729809,0.03344582952863703,18.025905767289668,0.6927112504275763,13.078350168082803,0.4027083859538626,0.654983168088008,0.025170119894811736
1816,-99.5,36.25,Mixed-Humid,0.3891889452934265,Semi-Arid,0.7386896229730032,0.012375029256512375,0.7712589536286919,0.021735907207381933,0.8960865171094683,0.014400017932980208,1.0619074150757268,0.03370407645137909,0.5657341574121098,0.03191255409299934,17.02307477199235,0.6258191918641309,13.21268758444388,0.3333371043549055,0.6586325343654771,0.024213303760504255
1817,-99.25,36.25,Mixed-Humid,0.40928661823272705,Semi-Arid,0.7212433799195219,0.015422280231619984,0.7809342261185271,0.018115107753598994,0.8326639780965165,0.015055227039241567,1.0236176652905793,0.03359176614280701,0.6031344159753501,0.028004616402708047,16.22951640288221,0.5772125552452896,12.353705969882927,0.4836866682685834,0.6296541827949133,0.022394031390078402
1818,-99.0,36.25,Mixed-Humid,0.4377560317516327,Semi-Arid,0.7472895976735876,0.02485678731427498,0.771622185676821,0.024328222377227135,0.9204947950128259,0.025188947325776163,1.0558387537282008,0.04717373281697602,0.5587844750895675,0.06103922498769349,15.102101404379448,1.0216085259323242,11.787803002676407,0.7412485152904609,0.6630280416895394,0.04485171183699111
1819,-98.75,36.25,Mixed-Humid,0.4623953700065613,Semi-Arid,0.7274537169868869,0.019548857979885377,0.773374610615184,0.01149373018541409,0.8544038843941364,0.020344868907080368,1.0205939562591446,0.038225973101445564,0.5874966864733044,0.020436311952738383,15.027615899686097,0.3730993223165745,11.512473830104947,0.21505138016325778,0.6421059081552211,0.01594193522028904
1820,-98.25,36.25,Mixed-Humid,0.49734631180763245,Semi-Arid,0.7280950136503831,0.016574365062106043,0.7980595102221075,0.006149205026084818,0.8464362388316051,0.03170912910226637,1.0868643701901954,0.041985935537914076,0.6150464379222711,0.013858533928306533,12.515158095246482,0.22533778580019598,9.869089974146238,0.3206218816393879,0.6203658198712192,0.011169803782902221
1821,-98.0,36.25,Mixed-Humid,0.5231644511222839,Sub-Humid,0.7037091398209716,0.020524390627376207,0.7924614095110487,0.009055130069982521,0.8204773704314977,0.044480487124418655,1.099547012033744,0.039790362332229275,0.6025354427390116,0.011092122852600212,12.406701859719947,0.17243872009457517,9.814763752894741,0.1837792662394485,0.6303991923657918,0.008761815276075684
1822,-97.75,36.25,Mixed-Humid,0.5550351738929749,Sub-Humid,0.6829308712479975,0.03406844257373747,0.8075613578305975,0.012599880769386894,0.7504589575511651,0.03395452144822657,0.9859515022355355,0.03375098253081968,0.6459818226888581,0.023971684878762514,11.629332964960664,0.38828818374764684,8.867602411276666,0.22784890294987822,0.5947291230273111,0.019857225835556516
1823,-97.5,36.25,Mixed-Humid,0.5849238038063049,Sub-Humid,0.6516128230806971,0.029594935544195795,0.8345512624190347,0.01135174330970727,0.6998945915609184,0.026775442481460403,0.9408935644091914,0.02417572188483352,0.6695470195889498,0.025070840774410488,11.198237876723299,0.4323054134639538,8.426431336889788,0.21467950759073612,0.5745080180680766,0.02217875071269245
1824,-97.25,36.25,Mixed-Humid,0.6112694144248962,Sub-Humid,0.61383045636071,0.021662372527803415,0.8276718593577066,0.009187835564336496,0.6695515035957207,0.019129724239293978,0.8996835616609893,0.015225323060513683,0.6381947238745765,0.02150223294280823,11.449803966970338,0.34472566796911497,8.577577688300876,0.15909492949061801,0.6012845375817306,0.01810321071481271
1825,-97.0,36.25,Mixed-Humid,0.6392391920089722,Sub-Humid,0.6257024783948334,0.024523587018270385,0.8829831382796798,0.0037545776455911247,0.6569189924513452,0.021344197930185656,0.907639370512482,0.018574608956088357,0.7145129513745874,0.01870884177857389,9.020736123805483,0.29448646943398227,6.310495683570784,0.1105593776861129,0.5340822544661364,0.017435383913959785
1826,-96.75,36.25,Mixed-Humid,0.6701368689537048,Humid,0.6059307245342332,0.035824978679479896,0.8697652441066452,0.004984750874058464,0.6469030400306731,0.03292010150650745,0.883540238362329,0.016920461782891392,0.6843955301641799,0.02668568907542025,9.415114387793894,0.40085906659103165,6.514722084605853,0.13602396980804626,0.5613799506545499,0.023901381730852416
1827,-96.5,36.25,Mixed-Humid,0.6925948262214661,Humid,0.6105323587795229,0.017273663250212422,0.8604446875824767,0.007778711693199864,0.6498917471708733,0.019526297343855158,0.9031888617942027,0.013530012607908608,0.6822041437884143,0.007317562333479748,8.951168101220473,0.10288697080628126,6.008674901541826,0.11933014271791094,0.5637040629352648,0.0064793558573316675
1828,-96.25,36.25,Mixed-Humid,0.719819962978363,Humid,0.5986873194487428,0.02686596954566501,0.8638248500044738,0.005970862020102255,0.6372934214675039,0.023528911375454604,0.8993595764578355,0.03408912396418654,0.679194930752972,0.01724519268423848,9.053464547735283,0.24625074243390013,6.101711828503715,0.12610315325958252,0.5662290273424782,0.015401211065170579
1829,-96.0,36.25,Mixed-Humid,0.7415231466293335,Humid,0.5584112990597897,0.03716890572931807,0.8590421710330961,0.006751377767533412,0.607193046321864,0.03292537804050952,0.8594653295757592,0.04008845762261059,0.6448306263072205,0.029312201217972417,9.46258527683246,0.39149314757733467,6.269575794167652,0.1326050967276765,0.5955532577799714,0.02463967431913745
1830,-95.5,36.25,Mixed-Humid,0.8061391115188599,Humid,0.5477736771913981,0.02207649975265345,0.8621123974654642,0.01807484678760529,0.6132638801265451,0.020991803488849294,0.8121385821934993,0.02277416700449434,0.6294975569782926,0.012770292448510993,7.991518854937853,0.1374911481881377,5.459736839104339,0.07511661054439073,0.6086170626869739,0.010471033138340104
1831,-95.25,36.25,Mixed-Humid,0.7927276492118835,Humid,0.6091220333838282,0.04803989087172295,0.8480187708969419,0.014155465273266839,0.6771166809247923,0.03870458673603221,0.8426508665470301,0.038118734856692225,0.6526342158172924,0.03867643041272656,6.217635997299551,0.3476152686603359,4.362465741419986,0.21536665381884318,0.5886419473404609,0.032909763253810474
1832,-95.0,36.25,Mixed-Humid,0.8544423580169678,Humid,0.651556878731135,0.026657679599086544,0.8450809529988221,0.017700224717951882,0.7223594099738516,0.02016945556081987,0.8591585899371605,0.024609937231138346,0.6702469476446892,0.03193913971486915,6.000875631691504,0.29199668988576727,4.113184144264949,0.19128353876250564,0.5736982031337108,0.02791558875570913
1833,-94.75,36.25,Mixed-Humid,0.9112529158592224,Humid,0.6826452996278575,0.02239560240032173,0.85510229472691,0.01964793650048616,0.7526825127042691,0.014042105995789471,0.865498985991435,0.02227305685009879,0.6945375979584609,0.03232203022965772,5.686396620963927,0.30705484166616587,3.8862201025678944,0.19659551148050955,0.5520430478235041,0.02980929786315534
1834,-114.0,36.5,Hot-Dry,0.14414861798286438,Arid,0.8523954832525276,0.01916334710039971,0.9094190943691594,0.011283318636336508,0.907131480352964,0.03158804785250749,1.0630180278588224,0.021795979649685934,0.8144275638021764,0.027402192608699145,18.37760315739797,1.3634546590876035,14.355216998990159,0.9024302697811756,0.429835850895834,0.03188999612884163
1835,-113.75,36.5,Hot-Dry,0.17507655918598175,Arid,0.8670153146083553,0.019462125797496555,0.9232148582452492,0.011833618287277638,0.9081661213044334,0.02180560189866273,1.0499009745135053,0.029068979523895092,0.8429577749705075,0.02547415689692462,16.721537042563348,1.3256531110544023,12.960501656593394,0.9371899229610897,0.39529300929541755,0.0313381124125535
1836,-113.5,36.5,Hot-Dry,0.18629875779151917,Arid,0.8350842910349678,0.031222255016962207,0.9158705316998026,0.004690972008473911,0.8746195128109594,0.03786175631462204,1.0602382019651777,0.02196489250463704,0.8250305026468787,0.006663675461687883,17.509832406059807,0.33368545220108176,13.717876346355848,0.37412965365259276,0.4182328025274661,0.007970276276796619
1837,-113.25,36.5,Hot-Dry,0.19765131175518036,Arid,0.85701252399063,0.02687003107387849,0.9363695392999473,0.0017065754812623816,0.8804628160514156,0.027382147396784216,1.0422649771231516,0.01925355383539538,0.8680284016379703,0.007438783379629683,14.156638732578154,0.40286542970500855,11.084233165367,0.5465411460422858,0.3631613318096111,0.010334737557089404
1838,-113.0,36.5,Hot-Dry,0.18254899978637695,Arid,0.8584707302348475,0.021704159125652406,0.9390685808425191,0.004587223153805745,0.9263747875758549,0.05494228086114799,1.0920925078231654,0.021251276512931013,0.8571003459801144,0.01004034263365577,14.511651053479278,0.5105391053835516,11.778644787413473,0.3503746564161866,0.3778336903198046,0.013292689682845575
1839,-112.75,36.5,Hot-Dry,0.17418628931045532,Arid,0.8564574305934215,0.03457256325379973,0.9229255024672017,0.004288520052511394,0.8847973560117156,0.04413820800705239,1.010305971547687,0.028919722642485268,0.8470534591529996,0.010231476561940398,14.225814608486086,0.48612923102618216,10.641514157684853,0.37905847988723923,0.3909012557827884,0.013358006701950012
1840,-112.5,36.5,Cold,0.1968965232372284,Arid,0.8836833440735967,0.024151679988901668,0.9295487717649156,0.009937171446611319,0.9147845602795929,0.0338208942693285,1.0083154182780019,0.02974756802641081,0.8608448296385586,0.01862498862219119,13.946386419278827,0.9502391218252381,10.38178469341534,0.5215674476805846,0.3723442918071189,0.02536973393870244
1841,-112.25,36.5,Cold,0.47188007831573486,Semi-Arid,0.8616072764701765,0.014918964065113158,0.9005270263152536,0.010324182616129857,0.9098064476740072,0.02657780755883028,1.005921956194446,0.027735638083654143,0.8086161990884421,0.019687086299140323,16.373606174888558,0.8300329104581119,12.25566587693334,0.620686908627332,0.4370253439962887,0.02215427770441451
1842,-112.0,36.5,Cold,0.1933770477771759,Arid,0.8663929529220603,0.034316818258041934,0.9300203227413586,0.005618692411787133,0.8947554749786303,0.04519841395362672,0.9809561935248101,0.031566464349766156,0.8596723015901269,0.009373196822695249,13.842271412809328,0.46035843241001045,10.113967148301834,0.06925975812399356,0.37443776497974535,0.012452839377334497
1843,-111.75,36.5,Cold,0.12784259021282196,Arid,0.833491767321096,0.02406184697833596,0.9140583720911725,0.008938337945252962,0.8609436044911003,0.03091154959022652,1.0161565430191213,0.0216840057804539,0.8305639931830919,0.013668495583869775,14.86155449386593,0.5881550528344309,10.825973308213225,0.22578537055843176,0.41136841402619106,0.016280155039357033
1844,-111.5,36.5,Cold,0.14006760716438293,Arid,0.8909012485527613,0.017623750242099015,0.9357627279559516,0.0034384410083204307,0.9293076933938039,0.022539966745079416,1.0465146541068597,0.02365570924288586,0.8700809666184073,0.003908653049302857,13.302437556953114,0.20030569338376983,10.3559031377904,0.18383680502718414,0.3604101435863405,0.005426990610143588
1845,-111.25,36.5,Cold,0.138151615858078,Arid,0.896670429183619,0.012703500092363278,0.93497645272995,0.0028903005363907783,0.9592075057262832,0.04464701584810816,1.0549471658855705,0.019152516812459705,0.865163215396802,0.008954439926739277,13.668170299137737,0.4546205319980877,10.931920809204065,0.3373447723794334,0.367038898439313,0.012208175316852716
1846,-111.0,36.5,Cold,0.16658949851989746,Arid,0.884476047925429,0.013001622499122348,0.9297206626752269,0.0034966286384743536,0.9603246683717804,0.03270060847997356,1.0765481059827873,0.017422778316341207,0.8501665425067193,0.011838897228366813,14.458181849094455,0.582382122550087,10.919592335238743,0.3848508880457356,0.38683229440179917,0.015581780270577383
1847,-110.75,36.5,Cold,0.144731804728508,Arid,0.8831368939716467,0.023499641567681865,0.9218467172219654,0.0052137422107556685,0.9194982858296832,0.032126347390044205,1.023965429524671,0.0105202438436643,0.8475873791865153,0.010431355966171247,16.009212743417915,0.5600626745701559,12.214538395527939,0.5345666533194586,0.3902096114522505,0.013651004714318692
1848,-110.5,36.5,Cold,0.1926281899213791,Arid,0.871331536489628,0.03141102311718912,0.9202382511540741,0.007314921604260964,0.9171430580363037,0.04528252427153743,1.042785575405571,0.027474271178458867,0.8400939667433059,0.015702493673489457,16.251064098346085,0.8158422087163439,12.224164601266827,0.6960211722222369,0.39948000657565685,0.02005484988123778
1849,-110.25,36.5,Cold,0.20149999856948853,Semi-Arid,0.8730585245081119,0.015896457230321556,0.9244128479749316,0.007543965546855803,0.9217348827733259,0.029552589369755803,1.0597436743706115,0.014314754855865894,0.8460853820494243,0.01330920510530677,15.81525250026571,0.6926358607352257,12.12597895125919,0.4855830281215103,0.39201888762575693,0.017168637658524256
1850,-110.0,36.5,Cold,0.155801460146904,Arid,0.8495009569547538,0.014897655860679867,0.9220452900607865,0.006394593068383683,0.9867588944384057,0.038597721484145316,1.1228180447997054,0.018249600393040875,0.8123365512126272,0.02115267052409916,17.527930697210845,0.9905593786210438,13.376028766775772,0.6586801258718121,0.4326490401303261,0.024450379896851296
1851,-109.75,36.5,Cold,0.13060712814331055,Arid,0.8434509495275538,0.013253696798985581,0.9104950136361589,0.005241324178623979,0.9402531718616306,0.03302579003826338,1.1093495689034483,0.016410358066681396,0.80082287080529,0.01681948828752653,17.99634394724109,0.7526510273045384,13.953997002370452,0.46561269601219357,0.4459807298900131,0.018652002623077552
1852,-109.5,36.5,Cold,0.12560530006885529,Arid,0.8087804679175198,0.023419318432471022,0.8975909693846542,0.0031985305783559952,0.891615190659069,0.016725383048593126,1.1177791745871193,0.028829138641780883,0.775698075214314,0.017094330907886576,16.946940177313174,0.6471379895673912,13.095345706577262,0.7102751745060528,0.47332924224544926,0.018074609990081404
1853,-109.25,36.5,Cold,0.25510546565055847,Semi-Arid,0.8185542349941374,0.022927384383387903,0.8918844263679336,0.009917501720569091,0.8672157559597089,0.031015009732478217,1.0511832637099716,0.026327463224744257,0.7877989682985292,0.0146847404856572,16.728597790321363,0.5712704737855828,12.612155494309466,0.35691817226965383,0.460438101217027,0.015723654518334372
1854,-109.0,36.5,Cold,0.30775222182273865,Semi-Arid,0.7925909549885861,0.02372900322576411,0.8904511861487621,0.0034210479178811526,0.8300203296432416,0.030539088836092246,1.01922810032235,0.0425696785043276,0.7844933522306125,0.010543873231750722,15.730528150846988,0.3822725956125731,11.73223445271292,0.5081598516497227,0.46411731401985123,0.011278663284395276
1855,-108.75,36.5,Cold,0.12532588839530945,Arid,0.7328878594905379,0.026591618953134867,0.8607082063351088,0.007849585420279682,0.7929583430454712,0.0352197055447606,1.0893403837848694,0.02790153165048703,0.7169682195858622,0.01634886123439711,18.138175469437094,0.5238028957780789,13.992881894247315,0.6080268624982688,0.531829930617366,0.015358438790507334
1856,-108.5,36.5,Cold,0.13754618167877197,Arid,0.7189493395819105,0.03340231368452919,0.8569489041350519,0.013532319610640305,0.7726530052707842,0.03115308076514952,1.0767666728947722,0.03383306018088701,0.7117354924663322,0.03313736108017739,18.058938763282068,1.015676922166045,13.890073335943518,0.9493959598730929,0.5362246526406823,0.030158527692169996
1857,-108.0,36.5,Cold,0.18468689918518066,Arid,0.8021339115485355,0.02155149223875262,0.9120349079922224,0.007830100647308503,0.8270539624056903,0.02223064071218029,1.0345417003694446,0.017205904772706025,0.820872979498413,0.013470357085620915,12.618184394571548,0.4795218807966936,9.408279475926454,0.4829688808581748,0.42298972227157644,0.01607464440514897
1858,-107.75,36.5,Cold,0.18928304314613342,Arid,0.8342490115256542,0.019721709106079826,0.9062712663229553,0.003337257553336812,0.9342181892885923,0.03708530934673359,1.1146903981412273,0.02261557260637412,0.78883924326834,0.010325069175008464,12.732490550218955,0.307848565565021,9.521389481192926,0.3662454425760709,0.4594148994026225,0.01110782036102619
1859,-107.5,36.5,Cold,0.2089298963546753,Semi-Arid,0.8369819961667773,0.022405443371897205,0.9060767059830793,0.0038355162547591653,0.9698100307222642,0.042713157280312455,1.122967238456819,0.02853093843556718,0.7799695566402869,0.016807117860644805,12.769646109898886,0.4778272452576619,9.6105217732139,0.46370356399275636,0.46881153272885445,0.017542453510532297
1860,-107.25,36.5,Cold,0.2445579469203949,Semi-Arid,0.8312866792328517,0.028864668518989403,0.9177453710551298,0.004738063266268812,0.8996836294551167,0.03689566582251655,1.095898266533628,0.04997565218352142,0.8172424570537968,0.023086624791339203,11.865863328629237,0.7227531153029138,9.218136665265401,0.8284295890985968,0.4268684979976062,0.02600068180526451
1861,-107.0,36.5,Cold,0.29736095666885376,Semi-Arid,0.778907359660651,0.035147842583901016,0.9004415387981372,0.009144562596315133,0.8071416188733748,0.03907790113581659,0.9860957204912235,0.04003305853816868,0.7972705134884597,0.018653150276978454,9.634373489295125,0.45464628631695087,7.119468392810374,0.42726068844984805,0.4498543791823856,0.021228637555512974
1862,-106.75,36.5,Cold,0.2849385738372803,Semi-Arid,0.7287143212193813,0.029574542720015962,0.9006803354608724,0.010983811932417615,0.7523820309198385,0.030252143428616613,0.9594496089261639,0.028363372861754776,0.7829173124739811,0.019457886077381564,9.739304444154161,0.44035186532076126,7.062805864105895,0.35461481609849127,0.46554080612585336,0.021048912017890473
1863,-106.5,36.5,Cold,0.26940298080444336,Semi-Arid,0.8500926616602993,0.02441802060971407,0.914127227647486,0.004779800459885158,0.8919942559790179,0.038247040967375766,1.0438448060224277,0.03160132465887684,0.8285311222503997,0.011666100989332892,9.043049068127416,0.307179870105787,6.716014372400137,0.25668640805413623,0.4138970184821841,0.014059509289034258
1864,-106.25,36.5,Cold,0.48704689741134644,Semi-Arid,0.8602824740379905,0.018714951960236793,0.9081035269717701,0.007223581562919817,0.9524666087977194,0.050235909603710265,1.0798661639050384,0.028669147961564004,0.8070821836899631,0.022097656752760497,9.57808322822602,0.5560040569034491,6.978757927644023,0.35651357705803316,0.4386332699060566,0.02546249304264637
1865,-106.0,36.5,Cold,0.2816692888736725,Semi-Arid,0.8046720012810308,0.027707150279522724,0.8867706564970016,0.016572651686702022,0.8544100431199745,0.0319168606399289,1.0531238046328082,0.03341119965866413,0.7771213675633228,0.03135950053206731,10.397846614331248,0.7533138174925691,7.900329807031213,0.6168355038964388,0.4711121509224553,0.03413161455847806
1866,-105.75,36.5,Cold,0.22292299568653107,Semi-Arid,0.7351222962523127,0.024000741126426035,0.8279936455563387,0.0079597379901197,0.8078070923113376,0.04174422567729347,1.0443843437825984,0.029197740698001278,0.6770311249176457,0.01622142516863891,11.224526905053931,0.2826028061393003,8.201346352122352,0.20197737831436782,0.5681594631727008,0.01430469720331004
1867,-105.5,36.5,Cold,0.5832599401473999,Sub-Humid,0.7579150751429894,0.04234426469777386,0.8697424413441504,0.004412218791644853,0.7997432229627265,0.051573514740744474,1.0171036220607825,0.025830261889418726,0.7474343963931076,0.009926713778860086,9.568604891169779,0.18821965902962615,7.127531538241493,0.24276854304771453,0.502481290771415,0.009884080102945945
1868,-105.25,36.5,Cold,0.42041006684303284,Semi-Arid,0.7750178905224201,0.041661896090134334,0.8502411787937335,0.011619296994928115,0.8403486489005942,0.05943990397701885,1.0181055776351482,0.032151241757131126,0.7163976432887839,0.021233679171441568,9.827684061375304,0.36751721111549196,7.143274257239328,0.1476012693863968,0.5322456424401316,0.019903919673888715
1869,-105.0,36.5,Cold,0.348491370677948,Semi-Arid,0.660267830615329,0.019467452722421782,0.7250706158083603,0.02020490028879865,0.8102385795821408,0.04716674907263433,1.0371588780123424,0.028249666592539933,0.5078760939086437,0.048305172700559736,12.524441809920319,0.6009556650225611,9.334820882189623,0.5380329639163047,0.7008702776646228,0.03362959964210729
1870,-104.75,36.5,Cold,0.25443747639656067,Semi-Arid,0.6005215895646994,0.013065836662205486,0.6642168951482448,0.013449335241258922,0.7868265197097728,0.030747644830206675,0.9821199215876113,0.019545077457837155,0.4226867317754907,0.023995176536445013,14.231009350056837,0.2959730031847292,10.262588769722868,0.23236263926073195,0.7596799098749678,0.015799634365632736
1871,-104.5,36.5,Cold,0.25516343116760254,Semi-Arid,0.6805694925504246,0.01261610333225351,0.7313395827878656,0.013566117056251815,0.8322844100643032,0.03587918924690419,1.015832091328455,0.023143663760749257,0.5205603051464501,0.02910704177986838,16.109344545805733,0.4895879996405814,11.793423361064558,0.3655097079162881,0.6921601622439851,0.021035822301793336
1872,-104.25,36.5,Cold,0.30204126238822937,Semi-Arid,0.6227937202249639,0.020729505564563645,0.6811938612551314,0.01777649550830246,0.8023228554527624,0.03808380586642942,1.002213228447727,0.024918301885793904,0.44605078079960175,0.0311982590824177,17.680558125356846,0.49509495613717075,11.989500398013117,0.45874589093806306,0.7440443164827076,0.020834895913427617
1873,-104.0,36.5,Cold,0.26918721199035645,Semi-Arid,0.5571467111928007,0.0383701902643525,0.6594968159029734,0.020469754874097953,0.7212738660389563,0.04820397765736354,0.984138796216411,0.03905910950510052,0.42492834027705084,0.029638161023623436,23.224944756882316,0.5927756931942125,15.673320194687273,0.6085370312541192,0.758137268686733,0.019350114701520295
1874,-103.75,36.5,Mixed-Dry,0.2566818296909332,Semi-Arid,0.560539319961392,0.031387478656646865,0.6590996725491927,0.0271335556625461,0.7269099299714632,0.04164723002828756,1.0009162186979228,0.0378350367158952,0.42449005605788004,0.04302299649988779,22.84263447515296,0.8389661469754369,15.380554552931935,0.6388116953071482,0.7582147091852329,0.02784777184248042
1875,-103.5,36.5,Mixed-Dry,0.2496507465839386,Semi-Arid,0.569737040250431,0.03194185755846769,0.6672401566326889,0.022428740232733554,0.7295711684651633,0.030111744595677534,1.0164924331488514,0.029192491944967574,0.4384905172480697,0.03217367157712259,23.28341756288625,0.6762103744599578,15.985422774045315,0.48716916454886927,0.7490866736451326,0.021755405052562578
1876,-103.25,36.5,Mixed-Dry,0.24475422501564026,Semi-Arid,0.5363270807336437,0.028329073921585193,0.702795013947863,0.020461686914623946,0.6467191416770579,0.026252500866069867,0.9691830118306154,0.02873261009765264,0.48585017732165314,0.030880219989443465,25.361285710521024,0.75710603959466,17.53551747560631,0.44724118335305296,0.7167869412864444,0.021398115558684806
1877,-102.75,36.5,Mixed-Dry,0.2468235194683075,Semi-Arid,0.6039515040352748,0.030470237436198436,0.7211224060154724,0.008858406363538428,0.7230447080454651,0.03917279787254457,1.0396143650868506,0.018046183697282905,0.513578399101162,0.008930732399359247,24.535374159724604,0.224418487835987,16.10564714152995,0.2502258918127129,0.6974159783091194,0.006379076928922819
1878,-101.75,36.5,Mixed-Dry,0.27112457156181335,Semi-Arid,0.6128299365541402,0.023888548287641715,0.7372001343781387,0.008679992787644612,0.7192012267662165,0.037147447213512916,0.9694053601081517,0.020773051115160153,0.5377204211596627,0.010786614072305684,22.335263126216994,0.2598094306354158,14.243896388703769,0.2724216108351885,0.6798746529120152,0.007908473944467866
1879,-101.5,36.5,Mixed-Dry,0.2716737985610962,Semi-Arid,0.5872111851511965,0.012931249353989222,0.7107436225598578,0.018243477553965864,0.7072318212109969,0.02654313954798792,1.0126827690577236,0.013927410729730636,0.5032030036060423,0.02690484639478875,23.48559519911039,0.6329905048559564,14.02738925264527,0.45018252962594335,0.7046335609096621,0.018991486043988034
1880,-101.25,36.5,Mixed-Dry,0.29259487986564636,Semi-Arid,0.5865913529706013,0.014888206769416197,0.7140411882442379,0.014183345728961894,0.702487626476548,0.02207189181042216,1.0001752106327555,0.017581336585539856,0.5084896072647056,0.01942578460867394,23.45011952801213,0.4685867783389002,13.857752142172691,0.5791135943823013,0.7009660749135334,0.014006898104559098
1881,-101.0,36.5,Mixed-Dry,0.3139924705028534,Semi-Arid,0.5840026960853787,0.021814824714517983,0.7094742389531987,0.023699612653497397,0.7030931427942259,0.014966907672976428,1.0089689962595427,0.014429984943835602,0.5026577908180494,0.03294335605538814,23.05258610589374,0.7624768341252393,13.725980386911294,0.7161519180458716,0.7049165335143248,0.023315498067226614
1882,-100.25,36.5,Mixed-Dry,0.3687352240085602,Semi-Arid,0.689368148199908,0.027516234568579642,0.7652332170685554,0.025903117010609475,0.8084581711909534,0.023211803353894143,1.062657521254882,0.02237115706318451,0.5716057517542283,0.03684767392091375,17.852099718562762,0.7601582108768249,13.261211734882313,0.48038685473635356,0.6540441575929379,0.027849779270128043
1883,-100.0,36.5,Mixed-Humid,0.3718600571155548,Semi-Arid,0.7071555678865475,0.02375362272528551,0.7663238299461756,0.022100973780635927,0.8352171844633656,0.026628727614010243,1.0521069714956146,0.031187940921665852,0.5724139756133286,0.031062671866573122,17.672981581669582,0.638336705260503,13.123372968316868,0.3448828937525588,0.6535596560353171,0.02360615358516998
1884,-99.75,36.5,Mixed-Humid,0.38140103220939636,Semi-Arid,0.7038628352237538,0.024715033425778642,0.764833698756714,0.023151745145788383,0.8259573464349103,0.023597519496513883,1.0260483816988186,0.03603916255622585,0.5763123215853824,0.03525212736971253,17.700096863628875,0.7324805568633482,12.925686909696058,0.3919983725542486,0.6504675292815574,0.026918203992924262
1885,-99.5,36.5,Mixed-Humid,0.39419153332710266,Semi-Arid,0.7232454330413816,0.02184222262379948,0.7743831551039524,0.02071937905935323,0.8486973576292796,0.0221825308247735,1.0379838226916855,0.035345606770326256,0.5871900476037549,0.02919732022607221,16.570281455349836,0.5811838379511306,12.720999234798674,0.3541861584054547,0.6421869577250358,0.02252397955813221
1886,-99.25,36.5,Mixed-Humid,0.4172098934650421,Semi-Arid,0.7360840151164331,0.012304470057480194,0.778726698463077,0.014799156488689286,0.8654409919615287,0.015764232390279857,1.0366844084248577,0.03508916820838576,0.5923060605249116,0.02787448913144078,16.66460089672021,0.5747770389984664,12.692307884778515,0.364867303461567,0.6382055366730126,0.02201228165707446
1887,-99.0,36.5,Mixed-Humid,0.43090420961380005,Semi-Arid,0.7524361878096559,0.020240355455617882,0.8020290810528845,0.016899554743827566,0.8562319876704022,0.02447751434571596,1.0295978601943507,0.014578422585760198,0.6371958325952662,0.02680082463332339,14.0167284246278,0.5135569051539827,10.655875120345282,0.29666605958019576,0.6020091037856231,0.022056925328698955
1888,-98.75,36.5,Mixed-Humid,0.44687604904174805,Semi-Arid,0.7762880369578522,0.013811601252974568,0.7979777078670856,0.008966604566378777,0.9308144309491981,0.014351569879158834,1.0594052579433084,0.032440762790052195,0.6079637315327906,0.017842450955768113,14.396333788505492,0.3254562482659919,11.038633941982486,0.25094931275984517,0.6260000377126624,0.01415191024891365
1889,-98.5,36.5,Mixed-Humid,0.49010229110717773,Semi-Arid,0.7460327087370012,0.024895250503751902,0.7836434686821135,0.01922713356914317,0.8742015320016396,0.03141052321998028,1.0092247989979206,0.03856262457022841,0.6022291971025201,0.03229717137687823,14.57270048229699,0.5859989295626129,10.828571168749752,0.2305183512250159,0.6302831960033431,0.02534501265760211
1890,-97.75,36.5,Mixed-Humid,0.5618322491645813,Sub-Humid,0.6483884865224615,0.043363823793495244,0.7911636850222529,0.02179572847854873,0.7186122574094729,0.04215053964021928,0.9912184219715255,0.024104763982308774,0.6188861066980953,0.035543492772288555,12.161821369930388,0.5545889016496763,9.104882416373197,0.32643365575357236,0.6168313751247456,0.02812801014158047
1891,-97.5,36.5,Mixed-Humid,0.6077390909194946,Sub-Humid,0.6492930346026313,0.03347510838746581,0.8177614904205537,0.01658357288353404,0.7028440859733812,0.032180439526063635,0.9708668617176135,0.024548779511924863,0.6521327691449272,0.028902184418724705,11.622134887180128,0.48070947297822025,8.762350494173749,0.27890635090035465,0.5893995103574992,0.024378475275665883
1892,-97.25,36.5,Mixed-Humid,0.6116008758544922,Sub-Humid,0.631057166628308,0.033956196351552684,0.8432215198756005,0.01352557002078424,0.6738209304472876,0.029206002601343845,0.9304187078152133,0.022323030162263068,0.6711110325090254,0.03165511887780107,11.13513352166558,0.5447156718310446,8.301388112929123,0.30057354546004494,0.572940255673608,0.0280274624171384
1893,-96.75,36.5,Mixed-Humid,0.6526405811309814,Humid,0.6238366562407778,0.03683133954270418,0.8820594906987882,0.007412453041316336,0.6544442274326807,0.03491013594484947,0.9103862305959259,0.016423544420736454,0.7121390600726561,0.026494027624740797,9.085510257314297,0.4161442734294884,6.265947409071641,0.16028702239365794,0.5360770669728865,0.024553976080545187
1894,-96.5,36.5,Mixed-Humid,0.699519157409668,Humid,0.6106124903326957,0.025815775204945747,0.8818701541103188,0.003683154151177467,0.6443508114559646,0.0215337098283758,0.8954815257811142,0.02260712837461329,0.7042422037650095,0.020510738601446057,8.499785875705712,0.2908804686922377,5.636516522088006,0.10845618506160568,0.5435815981235002,0.01860250038610663
1895,-96.25,36.5,Mixed-Humid,0.7151063084602356,Humid,0.6241142796362775,0.034904081288044744,0.8705440049645242,0.006693288832128247,0.6646692412955154,0.025583854094276492,0.8947377876313374,0.04212389441490799,0.6962202021943357,0.030578706405890565,8.330366213503495,0.4100114445306659,5.658729865175525,0.15410838517370998,0.5506289234327353,0.02710134878957158
1896,-96.0,36.5,Mixed-Humid,0.721161961555481,Humid,0.5731763649284205,0.02500106353057322,0.8635943557437991,0.01087914936741413,0.6194498643468793,0.01938207420583375,0.8650665629156211,0.028532951799185257,0.6581602450347208,0.02098832124325922,8.986518694128694,0.27285131360610704,6.01558559312465,0.15995144364967015,0.5844551613434105,0.017745398851794224
1897,-95.75,36.5,Mixed-Humid,0.753476619720459,Humid,0.5595616306216507,0.016970979053241544,0.8606955373962062,0.02452410667366899,0.6206487349519502,0.01380007043124176,0.8276070771715076,0.026230566301616312,0.6397809743812166,0.023873460654609515,8.032600666696307,0.26622689621180545,5.358694779938443,0.16613578454979722,0.5999189522881638,0.019883294000721734
1898,-95.5,36.5,Mixed-Humid,0.8017585277557373,Humid,0.6368351795329241,0.025332707276460302,0.8758040628288623,0.013165346415599919,0.6867377160528505,0.02599233545323399,0.866757536431406,0.02267978011832514,0.7044418417977407,0.013710942176402417,7.078440444135488,0.1641332507542013,4.944202805891241,0.10855794908753326,0.5435357228580108,0.012603381464858248
1899,-95.25,36.5,Mixed-Humid,0.8172638416290283,Humid,0.6234135354237406,0.03384291545387525,0.8652334355895409,0.011662717004769722,0.6927537325764324,0.02583053485373181,0.8305350364894682,0.03182730073835111,0.6770357998591428,0.02502936722590754,6.136557663326935,0.23729508154171813,4.426195349844492,0.17286450848537863,0.5679597868647088,0.021962486353205756
1900,-95.0,36.5,Mixed-Humid,0.8381778597831726,Humid,0.6763705459211863,0.04197898595128043,0.8714300185630286,0.012032912942441007,0.7501460459093692,0.032627327794921876,0.8408213253034109,0.03322754818344037,0.7065873591069463,0.03140375044404116,5.647063262212908,0.2978737704992706,4.172714203299325,0.17849990176036284,0.5410739125968331,0.028540804127781885
1901,-94.75,36.5,Mixed-Humid,0.8931727409362793,Humid,0.6953871270218206,0.038116313111948005,0.8739413523042453,0.015576496188480012,0.7513523104789073,0.02729278675588895,0.8804735602867961,0.038049972679274506,0.7268883358095259,0.03135641189267021,5.507501618581064,0.3208111038054044,3.8795573917935506,0.19006908073401932,0.5218930226744484,0.030400186557850706
1902,-114.0,36.75,Hot-Dry,0.09164448827505112,Arid,0.8001295904381098,0.02088809032202007,0.9086082091611601,0.009344238606289926,0.8389288840646947,0.026337089761452978,1.0696947956108158,0.025464103211256972,0.8065216548345713,0.02213816435635348,18.085550169787485,1.0434876187357294,13.881868994228592,0.9506494107255788,0.4392771851381019,0.025345112511447478
1903,-113.75,36.75,Hot-Dry,0.2094346284866333,Semi-Arid,0.8240191636536862,0.05410603410726792,0.9072885144180661,0.004531787060323979,0.8747736255249879,0.06683634856969707,1.0702957959207244,0.02506377087142467,0.8044744102004795,0.01634661825400307,17.955588075135836,0.7493314217911958,13.780266460478666,0.7349403084669391,0.44187503528614414,0.018440546032770143
1904,-113.5,36.75,Hot-Dry,0.19967636466026306,Arid,0.8393109877648532,0.03857194789079342,0.9188463234930129,0.006080512879451146,0.8917866735921033,0.05101809913713546,1.0803338948069352,0.01368218026804188,0.824687809784268,0.011004461008094171,16.958729160855675,0.5351894333126787,13.130966386937427,0.42540438272366526,0.4185362858777495,0.013208312694605505
1905,-113.25,36.75,Hot-Dry,0.1722593903541565,Arid,0.8501996767465038,0.011658393656233853,0.9181587436829132,0.013478703804838465,0.9340393139624433,0.03442356501393016,1.1012644667962845,0.013795377835773379,0.816974620023128,0.027043082530937363,15.739878649605142,1.1523832591723102,12.041888537288209,0.7396218842541141,0.4269003055465478,0.03125518159313929
1906,-113.0,36.75,Hot-Dry,0.20555467903614044,Semi-Arid,0.8437967816475501,0.018347451148188504,0.9081615190092022,0.009004043600897791,0.9248966006419244,0.03779364153144756,1.09366858278102,0.02767156246562587,0.80218899428358,0.026934955371035494,16.67069779945716,1.129937750033076,12.50892273020441,0.9303949145622354,0.44394442822090874,0.03009049617467054
1907,-112.75,36.75,Hot-Dry,0.15337121486663818,Arid,0.8252951642919395,0.013193004391235455,0.9060648784518787,0.010731271103875074,0.8596943207067256,0.021655963541735823,1.0336181474428845,0.02631635952298437,0.814980851058964,0.019384588039607336,16.363538091379432,0.8702532312360246,12.343618698162349,0.5121961422410195,0.4296527101703445,0.022849988630028448
1908,-112.5,36.75,Cold,0.1471157670021057,Arid,0.8357808746041231,0.03699308651260639,0.9155163908165813,0.008262512315376546,0.8610951010311266,0.0403888518195378,0.9917889072018788,0.01595367957444605,0.8337858688241141,0.01768047380234988,15.432681610539513,0.8269931182664845,11.505856244289717,0.6688128415147218,0.4072261884246789,0.021822082765908035
1909,-112.25,36.75,Cold,0.37988904118537903,Semi-Arid,0.8825731616123444,0.025300634896370352,0.914551776989577,0.014819755610847718,0.9320429029500727,0.03584166037589055,1.011284982768374,0.03624299179808123,0.8327818871401848,0.029302517526271384,15.732684544766489,1.3925893727950778,11.607887946005954,0.987878012134243,0.40764753759538735,0.0360832016358111
1910,-112.0,36.75,Cold,0.19416208565235138,Arid,0.8972522135545983,0.028517917012878362,0.9339905882968335,0.006689108098072768,0.9435618108688271,0.040250398457822405,1.0374160163207244,0.0341574295429775,0.8666225734663003,0.015522854759505572,13.652206351874886,0.7696434600236758,10.173821189077248,0.6459174747862205,0.364745352934465,0.020562528006433645
1911,-111.75,36.75,Cold,0.12887415289878845,Arid,0.8604475399330438,0.02759319553509741,0.9269694699421247,0.002785783213914118,0.8868587182964959,0.036566643592326704,1.0105557027665182,0.03086790093062707,0.8548483555854155,0.006367019515707757,14.210791873382854,0.30884472595587426,10.443076336635352,0.4401886166350941,0.3809157620346963,0.00827848477312714
1912,-111.5,36.75,Cold,0.13011857867240906,Arid,0.8518721929156581,0.016584796060386507,0.9344835976750293,0.004685691640069851,0.9491344000900203,0.044469536762085336,1.1147054516033839,0.02562338823657227,0.8433171731449279,0.016007040598176342,14.367389621520044,0.7223380703573907,10.985560029120006,0.4529583365013391,0.39543220493636067,0.019880837326431408
1913,-111.25,36.75,Cold,0.12298624962568283,Arid,0.8420735295528156,0.012803622591341251,0.9230043680543105,0.005037982298306489,0.9219236723409884,0.03611958645298428,1.1082561193213012,0.0181756700768935,0.8255573101766618,0.017832389585712555,15.152178932146805,0.7523904930114511,11.918175533108084,0.5920626204750706,0.4172520480268404,0.020718899607165133
1914,-111.0,36.75,Cold,0.1312485933303833,Arid,0.8290512747713901,0.01348068172802363,0.9179393249457306,0.002995749308449175,0.9087710824969719,0.02924766755348748,1.1157369800456711,0.01679326110933736,0.8134778944283964,0.010259205949523113,15.765087339435036,0.43168443032134035,12.473487539849208,0.3514358511717595,0.4317525803286083,0.011822380851180448
1915,-110.75,36.75,Cold,0.160554438829422,Arid,0.8812184790407012,0.02536534892500729,0.9334012690568141,0.002307523942075691,0.9305099327032746,0.03753529397044067,1.0608909236679858,0.025505565393531934,0.8613090973436929,0.009052545015908754,14.665935452942113,0.47895020212691797,11.508689161967485,0.5460593182017333,0.3722535055096133,0.012156803245067913
1916,-110.5,36.75,Cold,0.21454136073589325,Semi-Arid,0.8749024470146948,0.019449321999908214,0.9250513383752429,0.00582152822165217,0.9448151992891993,0.04020166189217639,1.073683947742879,0.025980265402922153,0.8415198319015651,0.010739868549326312,15.539897287469396,0.5338266632486242,12.211360128829487,0.4324423195286994,0.3979078992316298,0.013668935012741098
1917,-110.25,36.75,Cold,0.1295635849237442,Arid,0.857968016355988,0.011071624302489322,0.9132625910801944,0.003150933928272493,0.9425152268897488,0.023971939663282548,1.0939036294246942,0.014040761381956302,0.8122290305522217,0.011199032387545622,16.143700115314026,0.4844682851268825,12.277865185595472,0.35867346942636075,0.4331694632844947,0.012999304096816025
1918,-110.0,36.75,Cold,0.10627647489309311,Arid,0.8429561151988663,0.008899860691951396,0.8989255417289457,0.0060104845014745615,0.952237530172809,0.04140788170959514,1.1037291730513599,0.009254452692258885,0.7788702234997216,0.018818978390741065,17.415709394793303,0.740437288503874,13.022189890450965,0.5680436894709331,0.46990474870206767,0.019978227133720647
1919,-109.75,36.75,Cold,0.10357625037431717,Arid,0.8434727579331902,0.020372523151189956,0.9079688267722865,0.00304439259564926,0.8904932861977854,0.023705558215112086,1.061488816562663,0.01291801260443988,0.8146369953401686,0.009000267169033436,16.085180476244233,0.39195704487088834,12.350629450745023,0.28438380009471287,0.43043581947891757,0.010488682552160506
1920,-109.5,36.75,Cold,0.14558275043964386,Arid,0.8396702703177393,0.02128668707468199,0.9011410360471406,0.0052443316870486485,0.9089929264443735,0.024655578224760874,1.085414306812759,0.016156044380901093,0.7945821314814311,0.012862831771285622,15.02061530439936,0.47764282805016917,11.201994181719398,0.3364935695033231,0.45304727158035796,0.014406519017544906
1921,-109.25,36.75,Cold,0.20278646051883698,Semi-Arid,0.8366151278280054,0.03115366278781352,0.9176676579636439,0.007324285618724871,0.8702295766324248,0.03890976079123635,1.0438120938221616,0.02912233704003236,0.8334841563164321,0.012862598845839283,13.718609387940244,0.5394925049630487,10.369346020696934,0.41753546065418384,0.4078113344467589,0.016037424213449256
1922,-109.0,36.75,Cold,0.15031419694423676,Arid,0.777625967139564,0.023548565093031208,0.8550590012821718,0.012321250925502434,0.8649065744883846,0.04187831625064751,1.088358423549565,0.040373497029795695,0.7088864968875119,0.03697304243641581,15.41627163772188,0.9871153690912746,11.312114292877968,0.6652502198120366,0.5386666754261185,0.03449122891875802
1923,-108.75,36.75,Cold,0.12944497168064117,Arid,0.710615347869225,0.03292504919463657,0.829549547427322,0.012232316278221928,0.7796768506737904,0.039866277801614634,1.0686285205210817,0.03380169201448632,0.6718428652395994,0.02709251140243739,16.36395333734611,0.6662802323676067,12.264939500759068,0.6997210407414965,0.5724705152433998,0.02330890219843627
1924,-108.25,36.75,Cold,0.15420959889888763,Arid,0.8005593387534677,0.029883141294261544,0.8556792097017547,0.009634984169956697,0.8893292695811766,0.04038015476547984,1.072841421693687,0.03020540953556959,0.71558860258511,0.024316140147805896,13.695784008805955,0.5964436180849669,9.77540951815951,0.5173896083405836,0.5328982361598096,0.023207415642791298
1925,-108.0,36.75,Cold,0.17252406477928162,Arid,0.8166756274174878,0.02887099649531059,0.8685824314936486,0.006680709000372925,0.9006526709632701,0.04400321358129757,1.0731606319820322,0.01569132802817208,0.7391950799444548,0.012814154424829565,12.959384179414235,0.3207204056042624,9.39944838673522,0.29115269972866875,0.5105655634626041,0.012635538258168724
1926,-107.75,36.75,Cold,0.20037323236465454,Semi-Arid,0.7870974159141502,0.027977167682465994,0.8485016610136004,0.0042507279745066275,0.8725729169439239,0.048863794236229885,1.064831185061275,0.02820916985246154,0.7057778914857323,0.01906739530497328,11.574859199631675,0.3690587802243759,8.609931117477528,0.311294068588833,0.5422020036432951,0.017287848314057632
1927,-107.5,36.75,Cold,0.22736866772174835,Semi-Arid,0.784594211857506,0.03163682825140691,0.861332700063252,0.002626700719556914,0.8477947206160582,0.049732550705529566,1.0397449270935726,0.039393168631954474,0.7327382369182481,0.011949528022810334,10.952722034693895,0.24325003515850233,8.058903271275593,0.3020338867949543,0.5168716905573361,0.011479252052799854
1928,-107.25,36.75,Cold,0.2950289249420166,Semi-Arid,0.7754763738738736,0.027940520829029078,0.8610920436126996,0.014257943046484624,0.8327057963562721,0.039149596203179864,1.0370690415493702,0.03517328944094634,0.7335047996996391,0.025881456343923807,10.54471190489416,0.5133315924541393,7.84031962550699,0.4730746718409888,0.5157430628246598,0.02510710677776597
1929,-107.0,36.75,Cold,0.3460924029350281,Semi-Arid,0.8180388647900194,0.02482595693896485,0.8869501234645286,0.007349936406341318,0.8940690378249407,0.06322899536183162,1.0611749453211805,0.05719875473370702,0.7704601132086176,0.027032452466558703,9.885057150188345,0.5675866121397655,7.17172952080892,0.475380825868528,0.4784726357357627,0.027473251615310192
1930,-106.75,36.75,Cold,0.35404106974601746,Semi-Arid,0.7983734776991089,0.01769788618747884,0.871502749108269,0.008205022175399427,0.8752675375421639,0.05691674125369275,1.057941117344814,0.059492148849568105,0.7447256345962818,0.027539154559724777,10.479917123300314,0.5541778913828391,7.485412443751488,0.41013381662369774,0.5046826552051631,0.026687612734766757
1931,-106.5,36.75,Cold,0.36488470435142517,Semi-Arid,0.7913374663464785,0.035122768385464125,0.8799099981783067,0.008088935142832496,0.8339623418537586,0.047400679910070034,1.0019975570033621,0.02921970828064071,0.7688157503544539,0.013320750214754243,7.971755964295729,0.2322279128325487,5.815227570402746,0.23756733774579714,0.48065310081855284,0.014002067662321666
1932,-106.25,36.75,Cold,0.7079697251319885,Humid,0.7857385717115208,0.028113134979369334,0.8646856795929405,0.011223108022882268,0.8552303726376141,0.06349344879635098,1.0488310595383654,0.04418221778056452,0.7357307068199231,0.024351666798577653,8.427782654392795,0.3975906604955152,6.203598696015587,0.28145332778196464,0.5136142568052584,0.024230362834128886
1933,-106.0,36.75,Cold,0.3510030508041382,Semi-Arid,0.7332440912157865,0.02287836990108404,0.816870033225144,0.021281235678920467,0.8258310118631271,0.04810723523386011,1.0608335832974805,0.04732265635069245,0.6514088713362998,0.049443087992751655,9.383712470048284,0.6594701411606096,7.000515240368161,0.4820359759013573,0.5892530783220977,0.04141162807159177
1934,-105.75,36.75,Cold,0.24856065213680267,Semi-Arid,0.7486106717954591,0.033162263644661835,0.8713505048683393,0.0095943893046162,0.7940992859174427,0.047159998560858396,1.038851224300506,0.04701428527404497,0.7449165949813701,0.016688898158830286,11.544881867926241,0.37870285890912564,8.637694673684445,0.28125562021584494,0.5048405838374013,0.016560115086471455
1935,-105.5,36.75,Cold,0.5427009463310242,Sub-Humid,0.717948042786612,0.04493750516507766,0.8565046604394609,0.013153078324160265,0.7613136702601349,0.050767427737181,0.9738665525448331,0.030073001956423623,0.7192213517465733,0.021096807365545717,11.404903006311079,0.42560963868331103,8.399102710584902,0.2742211420330912,0.5295905747905335,0.01976332925075796
1936,-105.25,36.75,Cold,0.49969395995140076,Semi-Arid,0.7196308528827713,0.02123431905860127,0.8415143958844915,0.007386276594480019,0.7708766259642333,0.024542570913439306,0.983448530611166,0.026289290225538622,0.700421674573923,0.013416248295294978,11.390054784272762,0.2533084749828575,8.477944919791181,0.20591396269323406,0.5472292361304779,0.012170073445269743
1937,-105.0,36.75,Cold,0.38971829414367676,Semi-Arid,0.7186882162949443,0.03274492849425307,0.7890990902380656,0.01832193306354033,0.8228912467196621,0.05417283567383047,1.0320325640663779,0.02512476498641993,0.6139440552787725,0.038947747906869,11.683349903256055,0.5842888085895179,8.66791040305355,0.3872329261292639,0.6207133432849845,0.031042112307406364
1938,-104.75,36.75,Cold,0.3399849832057953,Semi-Arid,0.5723669250443657,0.024939069845023223,0.69046964346017,0.014090556724346436,0.7103451467598692,0.035810176923655915,0.9578546438092452,0.029531251201758812,0.46658161183534863,0.0248462516043337,14.96527760012198,0.3477476493851585,10.414874939388792,0.3232801235640947,0.730197281172855,0.016967569523282648
1939,-104.5,36.75,Cold,0.29270926117897034,Semi-Arid,0.6423935175753537,0.028356284368449176,0.7713213812459861,0.011381661442974544,0.7311546761626184,0.039500619483535684,0.9552172096198417,0.027307720944463265,0.5822078168421114,0.014904435578551924,15.255528176484313,0.27175847522085805,10.79207153076352,0.2577549741086411,0.6462864284073928,0.011512798003982508
1940,-104.25,36.75,Cold,0.2934176027774811,Semi-Arid,0.6022730330954622,0.021811283844145234,0.7001491164861411,0.021615196006890925,0.7463032985119981,0.053652890223321974,0.9808320011478504,0.039538992673551605,0.4785272884876887,0.02854791909332231,17.44909620069888,0.47924517441880127,12.52161263721754,0.5306019755492418,0.7219128793197348,0.019827575009352578
1941,-104.0,36.75,Cold,0.3079145848751068,Semi-Arid,0.6317638740327967,0.03934811910354167,0.7158243061240245,0.021183395391401884,0.7745608806659648,0.05570361652742582,0.9834762525012912,0.05176273990393919,0.4982497355987781,0.032981822798932824,20.634248809998006,0.6740318361307435,15.277961918605893,0.6800944000107493,0.7080411830371005,0.023128649026827743
1942,-103.75,36.75,Mixed-Dry,0.28967252373695374,Semi-Arid,0.6593011508523331,0.03636904317018654,0.7555022786413164,0.015084957724125313,0.7681858464655692,0.04896637772018392,0.9775434731599244,0.035574373641444855,0.5634975867252308,0.024023228494899084,18.715354378028717,0.5162298927885313,14.233807867353772,0.428951562370874,0.6604823162049034,0.018218234525308057
1943,-103.5,36.75,Mixed-Dry,0.25753822922706604,Semi-Arid,0.6198040432391991,0.033901883896282466,0.7539405060783807,0.013259027106753108,0.7167874109968635,0.03324147811245162,0.9468976453273592,0.03296385138485003,0.5542837712516054,0.029172270282054234,19.54194254892318,0.6350271191470612,15.058153454053032,0.4831224388233356,0.667338009073601,0.021685548012354342
1944,-103.25,36.75,Mixed-Dry,0.25051888823509216,Semi-Arid,0.517902365381226,0.03444492929881018,0.6762398506244114,0.02492327915114814,0.6446720780852037,0.029445567594397086,0.9744575942936671,0.023604604624869567,0.4532678013220167,0.03506249921778341,26.462516908575555,0.8409892937314994,17.46392230134072,0.6225247973242417,0.7391148750325505,0.023489364178304453
1945,-103.0,36.75,Mixed-Dry,0.26002612709999084,Semi-Arid,0.5582061246354992,0.028321269042102214,0.7035663963133171,0.01246778084364023,0.6737148137964382,0.034247583600559225,1.0042600110657922,0.022577031346789594,0.4921392652886721,0.018393139337004222,24.441382446324685,0.4449225944984662,16.264419890939724,0.3861357575929155,0.7125490419902902,0.012970999867374048
1946,-102.75,36.75,Mixed-Dry,0.2592274844646454,Semi-Arid,0.5565520297073316,0.024424384227869186,0.7047512453640159,0.020296336424601744,0.6698674866682894,0.017268885723698783,0.9923162726734127,0.020520572148936378,0.4945871003879551,0.029535840762013345,27.302086412323366,0.801681589684198,16.5709960732526,0.3952348412133014,0.7106789169484905,0.02086793643862865
1947,-102.0,36.75,Mixed-Dry,0.27133771777153015,Semi-Arid,0.5723672144656702,0.022268543659121922,0.7374252112448317,0.010215542091861545,0.663576602825399,0.029801222128209053,0.9964751927307086,0.02042937401605185,0.5365548591226517,0.01285639206405215,24.146600275632785,0.3356700955566499,14.742036069393631,0.2660400432471895,0.6807154356657443,0.009462856581404153
1948,-101.75,36.75,Mixed-Dry,0.27139711380004883,Semi-Arid,0.5598795678609945,0.023394234975551095,0.708882253436376,0.008656989042204338,0.6718087240268759,0.03451752340931605,0.981973169216365,0.020817121792372908,0.4981250462442587,0.010816705166522172,24.062867412046486,0.2594756380541827,14.149117737295388,0.3566794611716106,0.7083983853681373,0.007638828735262448
1949,-101.5,36.75,Mixed-Dry,0.2636767029762268,Semi-Arid,0.5512140876397712,0.01856838956505727,0.719384514538053,0.015114502919704445,0.6513632406063158,0.026751762731075702,0.9921855568874832,0.026824265994580855,0.5105225193882938,0.018089077542715156,24.55819938781759,0.4564247022216968,14.11953021709615,0.5017033254090837,0.699530026822935,0.013001066533655512
1950,-101.25,36.75,Mixed-Dry,0.2834812104701996,Semi-Arid,0.519954843201393,0.015952761639969837,0.7136372287539995,0.015643310109496475,0.6166069809071303,0.0191858654257797,0.9675269018104963,0.011637795723322557,0.49685224287295976,0.019504541694648894,24.41312023221679,0.47656566400161277,13.715018256047514,0.3710889097150227,0.7092209939951772,0.01384462005316171
1951,-101.0,36.75,Mixed-Dry,0.3085575997829437,Semi-Arid,0.5422952562439669,0.019509160295965132,0.7079474550252318,0.006627562369908999,0.6486519551129064,0.022047326003821706,0.9776927898046737,0.01305573115099218,0.4959426242761258,0.011428157272026382,23.92101242103522,0.2703473016344208,13.452945275779465,0.38151698175312593,0.7099337119266113,0.008023433957581688
1952,-100.75,36.75,Mixed-Dry,0.3303845524787903,Semi-Arid,0.6060886420227667,0.028180220854390536,0.7282557003856172,0.013287676821708562,0.7175364001680128,0.0288679712737867,1.033245952354018,0.017943563396168913,0.5270299213861293,0.018267955213042884,21.72983867831008,0.419863433262222,12.851929717948599,0.3619891315013718,0.6876255218761773,0.01328628420522222
1953,-100.5,36.75,Mixed-Dry,0.3401944041252136,Semi-Arid,0.5883627755366094,0.026953870456024757,0.7223216059544348,0.02319198268790391,0.6979431337205431,0.021494538222784333,1.0254121280098214,0.01721516940698977,0.5192512475729132,0.03238602787239699,22.21995128521419,0.7432797695770277,13.187532554138304,0.585772961958632,0.6930503463699218,0.023183232723732235
1954,-100.0,36.75,Mixed-Humid,0.36700505018234253,Semi-Arid,0.704817445717589,0.0164417230286397,0.7537947317460668,0.015200422367293876,0.8504711577401209,0.021685181559432474,1.0558221270041945,0.029494617289383778,0.5481149379481358,0.026870484683743815,17.413490121254142,0.5148566017314813,12.420327027679903,0.24478467209063537,0.6719890324681691,0.019868388660071127
1955,-99.75,36.75,Mixed-Humid,0.39037296175956726,Semi-Arid,0.7338272502458487,0.01735214397166246,0.7725371784721147,0.013267478353662402,0.870609832332146,0.02674379043426887,1.0385548148726276,0.022588181884740464,0.5813768364577289,0.023394925420762432,16.393807744382844,0.45989896319348866,11.943872182147404,0.24229422618522709,0.6468073670120592,0.018145024152590807
1956,-99.25,36.75,Mixed-Humid,0.4154806435108185,Semi-Arid,0.7127090317084004,0.01956081506273281,0.7731979184554267,0.024121759397531535,0.8560297380830779,0.022789602695917576,1.0966737829708149,0.023684905884784786,0.5674890124687517,0.03177438164035337,16.170225980922737,0.5913343332837742,12.142107920928751,0.32283578786307826,0.657304160178078,0.024037172874523744
1957,-99.0,36.75,Mixed-Humid,0.426859050989151,Semi-Arid,0.731228119416453,0.021501991334043714,0.7673622890904653,0.021890690471200746,0.9112428529393529,0.012573043477276377,1.0972739056618814,0.028240416115909606,0.5437554639833133,0.04151482626984742,15.305632953578552,0.6951982031058872,11.662187793527124,0.45205684083661624,0.6749020402907685,0.030654771815427587
1958,-98.5,36.75,Mixed-Humid,0.4896811246871948,Semi-Arid,0.7192852720359127,0.019324972817494672,0.8004180375661679,0.010143925252545122,0.8262186369915743,0.035044284938960266,1.0838673494794595,0.03478625963695318,0.6211178563676135,0.019168234884051297,13.752651301104635,0.35028470116839033,10.565791925752393,0.34140360919772067,0.6153743652230933,0.015673794158624906
1959,-97.5,36.75,Mixed-Humid,0.5824286341667175,Sub-Humid,0.6548863477990844,0.028948215118507054,0.8004468143762964,0.016697738028680697,0.7206416836712684,0.02733527796019871,0.9708894737192342,0.017429903406526046,0.6317776314406092,0.02805470140607352,11.724302914928561,0.4494823990803265,8.478393246105588,0.255078068817603,0.606456852020101,0.023250139710874078
1960,-97.0,36.75,Mixed-Humid,0.6199994683265686,Sub-Humid,0.6634642323647341,0.04439152423733696,0.8454673020121355,0.013217722607267463,0.7080588456299821,0.039467321161215624,0.9404264081367657,0.03138274850340524,0.6876354693725398,0.034508274032055655,8.555161894363676,0.47060097675811796,5.906124454000027,0.23497977051359373,0.5582205826516702,0.03070650850166071
1961,-96.75,36.75,Mixed-Humid,0.6592689156532288,Humid,0.6451280072241357,0.0384030715371191,0.8449647744659787,0.012291525458770467,0.6908179068551287,0.03398011463819148,0.9233338965965332,0.02650954685247452,0.6782148943167713,0.03034846643887671,8.578844082414909,0.40756725658474696,6.131233400478662,0.2542650428616395,0.5667496140901245,0.026925373997490034
1962,-96.5,36.75,Mixed-Humid,0.7079973220825195,Humid,0.6112065199066365,0.027571744994402184,0.8825035528838905,0.007377218715954179,0.6453655856233582,0.0223474178074789,0.8933279797928633,0.021666906492893795,0.7060626856566513,0.024752915575273912,8.434676128948835,0.3564845610512311,5.497187938926513,0.16527851036192617,0.5417728998340999,0.02289758034976039
1963,-96.25,36.75,Mixed-Humid,0.7143523097038269,Humid,0.5768611919792883,0.031309878138665155,0.881276186125023,0.009533650737051563,0.621668170864283,0.02724366436336703,0.8528493034453547,0.018727220104185375,0.678335239821515,0.030708039152998762,8.66032881579015,0.41517123138095385,5.674068695055523,0.19638446396444312,0.5666343162631267,0.027164126424015365
1964,-95.75,36.75,Mixed-Humid,0.7491742372512817,Humid,0.5524784716115037,0.02416898874624051,0.8521560095936588,0.013617039961784752,0.6218307442509203,0.019177778780797673,0.8141470028474618,0.03333717069756997,0.6261960149361993,0.012856696005836044,8.529311524740644,0.14652642692416223,5.715434399481335,0.12139381948341868,0.6113229516290108,0.010502016198975136
1965,-95.5,36.75,Mixed-Humid,0.7710914015769958,Humid,0.5918499390050025,0.02672990674995688,0.8697287423960125,0.014193548335061255,0.6471440027341546,0.024337320399214726,0.8437409152622675,0.028022225821516422,0.6737880345158447,0.012680054355231521,7.9904111810547125,0.15367924956964343,5.41252606751889,0.08759505562156515,0.5710651973703146,0.010983273450969798
1966,-95.25,36.75,Mixed-Humid,0.803969144821167,Humid,0.583007544800604,0.02816361577033114,0.8731573062358763,0.010335052417926054,0.646474400008265,0.018102317170009152,0.8213157688705394,0.03827825874960503,0.6703346792112006,0.02102139100973109,7.5899672737410055,0.23988641706140587,5.154409395738891,0.14913600800849505,0.5739356089670048,0.01813965092252504
1967,-95.0,36.75,Mixed-Humid,0.8399975299835205,Humid,0.5952249513346144,0.03494821254508745,0.8682949962706653,0.013399561727047076,0.6527421701845115,0.024683129741003115,0.8413643621570411,0.0369023031490368,0.674813204986901,0.030546953058267674,7.2671944692042185,0.33958098304256784,4.799867848121006,0.19101289056916718,0.5697541130035468,0.02662343255105935
1968,-113.25,37.0,Hot-Dry,0.1863660365343094,Arid,0.8716335373371396,0.02863849072283694,0.9273013824993225,0.008721284992813818,0.9040420822796544,0.037698384649437235,1.0372978680584084,0.008074196721813665,0.8550746271587057,0.01529111955340574,14.251822458954853,0.7524199714897318,10.818558551176043,0.5789941489322903,0.3802669250992253,0.020076059027936386
1969,-113.0,37.0,Hot-Dry,0.21033184230327606,Semi-Arid,0.867769927787031,0.028303160420615738,0.9250322667646727,0.006168384708384183,0.9161833499869794,0.048778213011492065,1.0584133387096089,0.012954087030118607,0.8456832087600518,0.009272094203787995,14.767864449589942,0.4390483333903376,11.115964713011667,0.2900897730526669,0.39269294790648557,0.011674753983624822
1970,-112.75,37.0,Cold,0.25864312052726746,Semi-Arid,0.8593283159415872,0.055591597154369204,0.9312720605503282,0.008096444572968533,0.8847794519618825,0.06465438644760232,0.9990851044923463,0.03286579089390939,0.8606731276751225,0.020694974432312885,14.091248523657853,1.0404920798665132,10.43662576922304,0.9634161257120729,0.3724537443053285,0.027501833525658673
1971,-112.5,37.0,Cold,0.19383545219898224,Arid,0.8105303130147934,0.02995721053327045,0.9219971361801796,0.008993862948176785,0.8332328933660257,0.028957616743383874,0.9622338017642683,0.02643773339681169,0.8378520135393746,0.02041243541334049,15.394663847549964,0.9834478927131607,11.297210739502837,0.8020390697673986,0.40202031494489565,0.025682017839146296
1972,-112.25,37.0,Cold,0.1926526129245758,Arid,0.8661385579985321,0.03187708911701821,0.9237130420585794,0.008900413333412828,0.89625713062945,0.03374813577920754,0.977563665380147,0.02897433075035526,0.8494576326554613,0.017847052751837834,14.75847943074215,0.9094348949454562,10.881033709899105,0.5922539114251584,0.3874099177783109,0.023872655684409407
1973,-112.0,37.0,Cold,0.16230767965316772,Arid,0.8998944126499993,0.01680952552443048,0.9349375422410532,0.0068363876164186385,0.9419959714585243,0.03588406869451417,1.0209732729823906,0.037785343648914234,0.870149658640592,0.011904274129377218,13.387176946202212,0.6085753442957242,9.81015598975613,0.7080396142717529,0.36005002367255023,0.016367720244585816
1974,-111.75,37.0,Cold,0.14476610720157623,Arid,0.8875472319609337,0.025992319382490685,0.9295204521296194,0.007511680296272701,0.9253774857772294,0.0397289893228196,1.02340142327484,0.03151861192484495,0.8601144267035506,0.013062149145722566,14.176139034834009,0.6630813924023145,10.386091739372626,0.5616221067531703,0.3736859136293086,0.017478960619784465
1975,-111.5,37.0,Cold,0.09883389621973038,Arid,0.8638124260526855,0.015449220329693092,0.9337306501749865,0.005293164383430884,0.934888429201623,0.04403870513251391,1.0802875599322912,0.051073748829479786,0.8529437086566573,0.018688073845819154,13.83504657508951,0.8785279529201953,10.836849337875009,0.718914731406813,0.3828621681454576,0.024311816733384603
1976,-111.25,37.0,Cold,0.09767074137926102,Arid,0.8281809595170222,0.02090162848360693,0.9170894959991751,0.0056617570128195925,0.9052888695405656,0.04248561385762511,1.1068379365703123,0.03779755666809978,0.8134108156091842,0.02099923761332232,15.632662993222016,0.8918109386489737,12.387698675811103,0.8430196165674043,0.4313984787662273,0.024610386755414434
1977,-111.0,37.0,Cold,0.12883511185646057,Arid,0.8391092980439664,0.01437938713571382,0.9269314387674843,0.003377500108440348,0.9378872423070319,0.03800201199038592,1.1230696009381114,0.026068349432382357,0.825202293053319,0.015547330311143612,15.11399163067799,0.6639822054181608,11.905861864057874,0.6125262081705074,0.4177657681946575,0.01835312886842307
1978,-110.75,37.0,Cold,0.16358022391796112,Arid,0.8931773543452749,0.019961683518448677,0.9272562054428999,0.0036702187558865663,0.9908887259799023,0.03584830077773167,1.06919636044097,0.025694952645961718,0.8431977709507965,0.012972700135710762,15.246289088200863,0.6282271133028471,11.834692020439594,0.49827698895760686,0.3957139545300551,0.016305491382848123
1979,-110.5,37.0,Cold,0.13128875195980072,Arid,0.8719077842687686,0.018748620931429046,0.9380305689022806,0.005178463652548406,0.9428990651800065,0.03509028026616738,1.0909992714339427,0.019387960408234508,0.8615947596784693,0.01569817099293294,14.593649075597423,0.8217718199234098,11.252468337104022,0.6026878866656549,0.37155758594759775,0.020922495260014776
1980,-110.25,37.0,Cold,0.11684144288301468,Arid,0.8535726520246227,0.009394085309545707,0.916062176943587,0.0038708350184170647,0.9418035020004144,0.03882398372927749,1.0974704021377928,0.021238803912158665,0.8156996705311641,0.015038851602037316,16.055485566434708,0.663516778263271,12.031636242274763,0.5640234605275405,0.429009164256578,0.01772944065348212
1981,-110.0,37.0,Cold,0.09498876333236694,Arid,0.8591499074327125,0.0164142916891065,0.9262530702290264,0.004262536440897539,0.9135316055685582,0.02756497118692946,1.0797751272620286,0.01380355275424426,0.8426559645097701,0.010963214082996973,14.652686605362778,0.5115977323483555,11.081189899551259,0.43053823599425917,0.3964728696640286,0.013842828043802272
1982,-109.75,37.0,Cold,0.112579345703125,Arid,0.8322527474958241,0.018047915916750288,0.925861659437355,0.005416307061730463,0.9169623231714288,0.02748689099378895,1.1235083543065432,0.012538300967311594,0.8237954161496452,0.01449940389562731,15.629746266130544,0.6553089607664827,12.0433580202808,0.49786984198844936,0.41947244858462723,0.017587237161222142
1983,-109.5,37.0,Cold,0.13900558650493622,Arid,0.8373350294832569,0.019113415503224904,0.9197080424850558,0.003803708497648841,0.9631734856832479,0.035231828987264645,1.1318640204635628,0.02637328871593436,0.8035926475442239,0.011945729729150078,14.63607654484358,0.44684522692536066,11.13018195023972,0.4057125780675035,0.44301354803624315,0.013525379482454747
1984,-109.25,37.0,Cold,0.15067246556282043,Arid,0.8492012036003092,0.027190852842137618,0.9144561426152139,0.0024760738938984475,0.9634767637483235,0.033986690163832683,1.111379599733886,0.04101305552199565,0.8028565398029432,0.017055554103048303,14.641113603349826,0.6302528185361422,10.979726545147162,0.5674719371835767,0.4436796629563422,0.01909898151745932
